CMS Certification Number (CCN),Provider Name,Provider Address,City/Town,State,ZIP Code,Location,Processing Date,email
015010,COOSA VALLEY HEALTHCARE CENTER,260 WEST WALNUT STREET,SYLACAUGA,AL,35150,"260 WEST WALNUT STREET,SYLACAUGA,AL,35150",2026-04-01,
015012,HIGHLANDS HEALTH AND REHAB,380 WOODS COVE ROAD,SCOTTSBORO,AL,35768,"380 WOODS COVE ROAD,SCOTTSBORO,AL,35768",2026-04-01,
015015,PLANTATION MANOR NURSING HOME,6450 OLD TUSCALOOSA HIGHWAY,MC CALLA,AL,35111,"6450 OLD TUSCALOOSA HIGHWAY,MC CALLA,AL,35111",2026-04-01,
015016,ATHENS HEALTH AND REHABILITATION LLC,611 WEST MARKET STREET,ATHENS,AL,35611,"611 WEST MARKET STREET,ATHENS,AL,35611",2026-04-01,
015019,MERRY WOOD LODGE,280 MT HEBRON ROAD,ELMORE,AL,36025,"280 MT HEBRON ROAD,ELMORE,AL,36025",2026-04-01,
015023,HATLEY HEALTH CARE INC,300 MEDICAL CENTER DRIVE,CLANTON,AL,35045,"300 MEDICAL CENTER DRIVE,CLANTON,AL,35045",2026-04-01,
015024,"LIMESTONE NURSING AND REHABILITATION CENTER, LLC",1600 WEST HOBBS STREET,ATHENS,AL,35611,"1600 WEST HOBBS STREET,ATHENS,AL,35611",2026-04-01,
015027,"WETUMPKA HEALTH AND REHABILITATION, LLC",1825 HOLTVILLE ROAD,WETUMPKA,AL,36092,"1825 HOLTVILLE ROAD,WETUMPKA,AL,36092",2026-04-01,
015028,KELLER LANDING,813 KELLER LANE,TUSCUMBIA,AL,35674,"813 KELLER LANE,TUSCUMBIA,AL,35674",2026-04-01,
015031,MITCHELL-HOLLINGSWORTH NURSING & REHABILITATION,805 FLAGG CIRCLE,FLORENCE,AL,35631,"805 FLAGG CIRCLE,FLORENCE,AL,35631",2026-04-01,
015032,DIVERSICARE OF FOLEY,1701 NORTH ALSTON STREET,FOLEY,AL,36535,"1701 NORTH ALSTON STREET,FOLEY,AL,36535",2026-04-01,
015034,"HUNTER CREEK HEALTH AND REHABILITATION, LLC",3200 HUNTER CREEK RD,NORTHPORT,AL,35473,"3200 HUNTER CREEK RD,NORTHPORT,AL,35473",2026-04-01,
015044,"CAREGIVERS OF PLEASANT GROVE, INC",700 FIRST AVENUE,PLEASANT GROVE,AL,35127,"700 FIRST AVENUE,PLEASANT GROVE,AL,35127",2026-04-01,
015045,EAMC LANIER NURSING HOME,4800 48TH STREET,VALLEY,AL,36854,"4800 48TH STREET,VALLEY,AL,36854",2026-04-01,
015047,"NORTHWAY HEALTH AND REHABILITATION, LLC",1424 NORTH 25TH STREET,BIRMINGHAM,AL,35234,"1424 NORTH 25TH STREET,BIRMINGHAM,AL,35234",2026-04-01,
015048,CULLMAN HEALTH CARE CENTER,1607 MAIN AVE NE,CULLMAN,AL,35055,"1607 MAIN AVE NE,CULLMAN,AL,35055",2026-04-01,
015049,EASTERN SHORE REHABILITATION AND HEALTH CENTER,101 VILLA DRIVE,DAPHNE,AL,36526,"101 VILLA DRIVE,DAPHNE,AL,36526",2026-04-01,
015050,OAK CREST HEALTH & WELLNESS,325 SELMA ROAD,BESSEMER,AL,35020,"325 SELMA ROAD,BESSEMER,AL,35020",2026-04-01,
015053,CLEBURNE COUNTY NURSING HOME,122 BROCKFORD ROAD,HEFLIN,AL,36264,"122 BROCKFORD ROAD,HEFLIN,AL,36264",2026-04-01,
015060,RIDGEWAY REHABILITATION & SENIOR LIVING,4201 BESSEMER SUPER HIGHWAY,BESSEMER,AL,35020,"4201 BESSEMER SUPER HIGHWAY,BESSEMER,AL,35020",2026-04-01,
015065,"PRATTVILLE HEALTH AND REHABILITATION, LLC",601 JASMINE TRAIL,PRATTVILLE,AL,36066,"601 JASMINE TRAIL,PRATTVILLE,AL,36066",2026-04-01,
015066,"TERRACE MANOR NURSING & REHABILITATION CENTER, INC",390 UNDERWOOD ROAD,RUSSELLVILLE,AL,35653,"390 UNDERWOOD ROAD,RUSSELLVILLE,AL,35653",2026-04-01,
015067,COTTAGE OF THE SHOALS,500 JOHN ALDRIDGE DRIVE,TUSCUMBIA,AL,35674,"500 JOHN ALDRIDGE DRIVE,TUSCUMBIA,AL,35674",2026-04-01,
015075,"SUMMERFORD HEALTH AND REHAB, LLC",4087 HIGHWAY 31 SOUTHWEST,FALKVILLE,AL,35622,"4087 HIGHWAY 31 SOUTHWEST,FALKVILLE,AL,35622",2026-04-01,
015076,FAIR HAVEN,1424 MONTCLAIR ROAD,BIRMINGHAM,AL,35210,"1424 MONTCLAIR ROAD,BIRMINGHAM,AL,35210",2026-04-01,
015091,"NORTH HILL NURSING AND REHABILITATION CTR, LLC",200 NORTH PINE HILL ROAD,BIRMINGHAM,AL,35217,"200 NORTH PINE HILL ROAD,BIRMINGHAM,AL,35217",2026-04-01,
015097,"SOUTH HEALTH AND REHABILITATION, LLC",1220 SOUTH 17TH STREET,BIRMINGHAM,AL,35205,"1220 SOUTH 17TH STREET,BIRMINGHAM,AL,35205",2026-04-01,
015098,ALLEN HEALTH AND REHABILITATION,735 SOUTH WASHINGTON AVENUE,MOBILE,AL,36603,"735 SOUTH WASHINGTON AVENUE,MOBILE,AL,36603",2026-04-01,
015100,CROWNE HEALTH CARE OF MOBILE,954 NAVCO ROAD,MOBILE,AL,36605,"954 NAVCO ROAD,MOBILE,AL,36605",2026-04-01,
015101,ALTOONA  HEALTH & REHAB,6532 WALNUT GROVE ROAD,ALTOONA,AL,35952,"6532 WALNUT GROVE ROAD,ALTOONA,AL,35952",2026-04-01,
015104,SOUTHLAND NURSING HOME,500 SHIVERS TERRACE,MARION,AL,36756,"500 SHIVERS TERRACE,MARION,AL,36756",2026-04-01,
015109,"CIVIC CENTER HEALTH AND REHABILITATION, LLC",1201 22ND STREET NORTH,BIRMINGHAM,AL,35234,"1201 22ND STREET NORTH,BIRMINGHAM,AL,35234",2026-04-01,
015111,DIVERSICARE OF BIG SPRINGS,500 ST. CLAIR AVENUE SOUTHWEST,HUNTSVILLE,AL,35801,"500 ST. CLAIR AVENUE SOUTHWEST,HUNTSVILLE,AL,35801",2026-04-01,
015112,MAGNOLIA HAVEN HEALTH AND REHABILITATION CENTER,603 WRIGHT STREET,TUSKEGEE,AL,36083,"603 WRIGHT STREET,TUSKEGEE,AL,36083",2026-04-01,
015113,RIVER CITY CENTER,1350 FOURTEENTH AVENUE SOUTHEAST,DECATUR,AL,35601,"1350 FOURTEENTH AVENUE SOUTHEAST,DECATUR,AL,35601",2026-04-01,
015115,"CORDOVA HEALTH AND REHABILITATION, LLC",70 HIGHLAND STREET WEST,CORDOVA,AL,35550,"70 HIGHLAND STREET WEST,CORDOVA,AL,35550",2026-04-01,
015116,ROCKET CITY REHABILITATION AND HEALTHCARE CENTER,105 TEAKWOOD DRIVE SW,HUNTSVILLE,AL,35801,"105 TEAKWOOD DRIVE SW,HUNTSVILLE,AL,35801",2026-04-01,
015117,"OAK KNOLL HEALTH AND REHABILITATION, LLC",824 SIXTH AVENUE WEST,BIRMINGHAM,AL,35204,"824 SIXTH AVENUE WEST,BIRMINGHAM,AL,35204",2026-04-01,
015119,ARABELLA HEALTH AND WELLNESS OF SELMA,11 BELL ROAD,SELMA,AL,36701,"11 BELL ROAD,SELMA,AL,36701",2026-04-01,
015120,"NHC HEALTHCARE, ANNISTON",2300 COLEMAN RD,ANNISTON,AL,36207,"2300 COLEMAN RD,ANNISTON,AL,36207",2026-04-01,
015123,WASHINGTON COUNTY NURSING HOME,14600 ST STEPHENS AVENUE,CHATOM,AL,36518,"14600 ST STEPHENS AVENUE,CHATOM,AL,36518",2026-04-01,
015124,CLAY COUNTY NURSING HOME,83825 HIGHWAY 9,ASHLAND,AL,36251,"83825 HIGHWAY 9,ASHLAND,AL,36251",2026-04-01,
015126,TRAYLOR RETIREMENT COMMUNITY,1235 YANCEY STREET,ROANOKE,AL,36274,"1235 YANCEY STREET,ROANOKE,AL,36274",2026-04-01,
015128,"NHC HEALTHCARE, MOULTON",300 HOSPITAL STREET,MOULTON,AL,35650,"300 HOSPITAL STREET,MOULTON,AL,35650",2026-04-01,
015132,DIVERSICARE OF OXFORD,1130 SOUTH HALE STREET,OXFORD,AL,36203,"1130 SOUTH HALE STREET,OXFORD,AL,36203",2026-04-01,
015133,MAGNOLIA RIDGE,420 DEAN DRIVE,GARDENDALE,AL,35071,"420 DEAN DRIVE,GARDENDALE,AL,35071",2026-04-01,
015135,JOHN KNOX MANOR INC  I I,4401 NARROW LANE ROAD,MONTGOMERY,AL,36116,"4401 NARROW LANE ROAD,MONTGOMERY,AL,36116",2026-04-01,
015136,FALKVILLE REHABILITATION AND HEALTHCARE CENTER,10 WEST 3RD STREET,FALKVILLE,AL,35622,"10 WEST 3RD STREET,FALKVILLE,AL,35622",2026-04-01,
015138,HENDRIX HEALTH AND REHABILITATION,1000 HIGHWAY 33,DOUBLE SPRINGS,AL,35553,"1000 HIGHWAY 33,DOUBLE SPRINGS,AL,35553",2026-04-01,
015141,ARBOR WOODS HEALTH AND REHAB,515 2ND AVENUE NORTHWEST,REFORM,AL,35481,"515 2ND AVENUE NORTHWEST,REFORM,AL,35481",2026-04-01,
015142,"LINEVILLE HEALTH AND REHABILITATION, LLC",88073 HIGHWAY 9,LINEVILLE,AL,36266,"88073 HIGHWAY 9,LINEVILLE,AL,36266",2026-04-01,
015144,THE HEALTHCARE CENTER AT BUCK CREEK,"850 9TH STREET, NORTHWEST",ALABASTER,AL,35007,"850 9TH STREET, NORTHWEST,ALABASTER,AL,35007",2026-04-01,
015145,DIVERSICARE OF RIVERCHASE,2500 RIVERHAVEN DRIVE,BIRMINGHAM,AL,35244,"2500 RIVERHAVEN DRIVE,BIRMINGHAM,AL,35244",2026-04-01,
015147,GLENWOOD CENTER,211 ANA DRIVE,FLORENCE,AL,35630,"211 ANA DRIVE,FLORENCE,AL,35630",2026-04-01,
015149,SUNSET MANOR,251 SUNSET PLACE,GUIN,AL,35563,"251 SUNSET PLACE,GUIN,AL,35563",2026-04-01,
015150,WIREGRASS REHABILITATION CENTER & NURSING HOME,1200 MAPLE AVENUE WEST,GENEVA,AL,36340,"1200 MAPLE AVENUE WEST,GENEVA,AL,36340",2026-04-01,
015152,EXTENDICARE HEALTH AND REHAB,950 SOUTH ST. ANDREWS STREET,DOTHAN,AL,36302,"950 SOUTH ST. ANDREWS STREET,DOTHAN,AL,36302",2026-04-01,
015159,DIVERSICARE OF ONEONTA,215 VALLEY ROAD,ONEONTA,AL,35121,"215 VALLEY ROAD,ONEONTA,AL,35121",2026-04-01,
015162,"TALLADEGA HEALTHCARE CENTER, INC",616 CHAFFEE STREET,TALLADEGA,AL,35160,"616 CHAFFEE STREET,TALLADEGA,AL,35160",2026-04-01,
015163,ALBERTVILLE NURSING HOME,750 ALABAMA HIGHWAY 75 NORTH,ALBERTVILLE,AL,35950,"750 ALABAMA HIGHWAY 75 NORTH,ALBERTVILLE,AL,35950",2026-04-01,
015168,LITTLE SISTERS OF THE POOR SACRED HEART RESIDENCE,1655 MCGILL AVENUE,MOBILE,AL,36604,"1655 MCGILL AVENUE,MOBILE,AL,36604",2026-04-01,
015169,"FLORENCE NURSING AND REHABILITATION CTR,  LLC",2107 CLOYD BLVD,FLORENCE,AL,35630,"2107 CLOYD BLVD,FLORENCE,AL,35630",2026-04-01,
015174,COOSA VALLEY HEALTH AND REHAB,513 PINEVIEW AVENUE,GLENCOE,AL,35905,"513 PINEVIEW AVENUE,GLENCOE,AL,35905",2026-04-01,
015175,WESLEY PLACE ON HONEYSUCKLE,718 HONEYSUCKLE ROAD,DOTHAN,AL,36305,"718 HONEYSUCKLE ROAD,DOTHAN,AL,36305",2026-04-01,
015176,"CROSSVILLE HEALTH AND REHABILITATION, LLC",8922 HIGHWAY 227,CROSSVILLE,AL,35962,"8922 HIGHWAY 227,CROSSVILLE,AL,35962",2026-04-01,
015177,WOODHAVEN MANOR NURSING HOME,105 WEST WINDSOR ST,DEMOPOLIS,AL,36732,"105 WEST WINDSOR ST,DEMOPOLIS,AL,36732",2026-04-01,
015178,GREENE COUNTY NURSING HOME,509 WILSON AVE,EUTAW,AL,35462,"509 WILSON AVE,EUTAW,AL,35462",2026-04-01,
015179,PARKWOOD HEALTH CARE FACILITY,3301 STADIUM DRIVE,PHENIX CITY,AL,36867,"3301 STADIUM DRIVE,PHENIX CITY,AL,36867",2026-04-01,
015182,"GEORGIANA HEALTH AND REHABILITATION, LLC",206 PALMER AVENUE,GEORGIANA,AL,36033,"206 PALMER AVENUE,GEORGIANA,AL,36033",2026-04-01,
015183,PINE HAVEN REHABILITATION AND WELLNESS CENTER,4525 ST STEPHENS ROAD,EIGHT MILE,AL,36613,"4525 ST STEPHENS ROAD,EIGHT MILE,AL,36613",2026-04-01,
015184,CLOVERDALE REHABILITATION AND NURSING CENTER,412 CLOVERDALE ROAD,SCOTTSBORO,AL,35768,"412 CLOVERDALE ROAD,SCOTTSBORO,AL,35768",2026-04-01,
015186,"GLEN HAVEN HEALTH AND REHABILITATION, LLC",2201 32ND STREET,NORTHPORT,AL,35476,"2201 32ND STREET,NORTHPORT,AL,35476",2026-04-01,
015187,"MOUNDVILLE HEALTH AND REHABILITATION, LLC",THIRD AVENUE,MOUNDVILLE,AL,35474,"THIRD AVENUE,MOUNDVILLE,AL,35474",2026-04-01,
015188,JACKSON HEALTH CARE FACILITY,2616 NORTH COLLEGE AVENUE,JACKSON,AL,36545,"2616 NORTH COLLEGE AVENUE,JACKSON,AL,36545",2026-04-01,
015189,DIVERSICARE OF PELL CITY,"510 WOLF CREEK ROAD, NORTH",PELL CITY,AL,35125,"510 WOLF CREEK ROAD, NORTH,PELL CITY,AL,35125",2026-04-01,
015192,"ARBOR SPRINGS HEALTH AND REHAB CENTER, LTD",1910 PEPPERELL PKWY,OPELIKA,AL,36801,"1910 PEPPERELL PKWY,OPELIKA,AL,36801",2026-04-01,
015193,CROWNE HEALTH CARE OF GREENVILLE,408 COUNTRY CLUB DRIVE,GREENVILLE,AL,36037,"408 COUNTRY CLUB DRIVE,GREENVILLE,AL,36037",2026-04-01,
015194,PIEDMONT HEALTH CARE CENTER,30 ROUNDTREE DRIVE,PIEDMONT,AL,36272,"30 ROUNDTREE DRIVE,PIEDMONT,AL,36272",2026-04-01,
015195,VILLAGE AT COOK SPRINGS SKILLED NURSING FACILITY,415 COOK SPRINGS,PELL CITY,AL,35125,"415 COOK SPRINGS,PELL CITY,AL,35125",2026-04-01,
015196,DIVERSICARE OF LANETT,702 SOUTH 13TH STREET,LANETT,AL,36863,"702 SOUTH 13TH STREET,LANETT,AL,36863",2026-04-01,
015197,LAFAYETTE EXTENDED CARE,805 HOSPITAL STREET SOUTHWEST,LAFAYETTE,AL,36862,"805 HOSPITAL STREET SOUTHWEST,LAFAYETTE,AL,36862",2026-04-01,
015199,CROWNE HEALTH CARE OF EUFAULA,430 RIVERS AVENUE,EUFAULA,AL,36027,"430 RIVERS AVENUE,EUFAULA,AL,36027",2026-04-01,
015200,CHEROKEE COUNTY HEALTH AND REHABILITATION CENTER,877 CEDAR BLUFF ROAD,CENTRE,AL,35960,"877 CEDAR BLUFF ROAD,CENTRE,AL,35960",2026-04-01,
015202,MCGUFFEY HEALTH & REHABILITATION CENTER,2301 RAINBOW DRIVE,GADSDEN,AL,35999,"2301 RAINBOW DRIVE,GADSDEN,AL,35999",2026-04-01,
015203,ATTALLA CENTER FOR REHABILITATION AND NURSING,915 STEWART AVENUE SOUTHEAST,ATTALLA,AL,35954,"915 STEWART AVENUE SOUTHEAST,ATTALLA,AL,35954",2026-04-01,
015207,COLLINSVILLE HEALTHCARE & REHAB,685 NORTH VALLEY AVE,COLLINSVILLE,AL,35961,"685 NORTH VALLEY AVE,COLLINSVILLE,AL,35961",2026-04-01,
015208,"OZARK HEALTH AND REHABILITATION, LLC",312 BRYAN DRIVE,OZARK,AL,36360,"312 BRYAN DRIVE,OZARK,AL,36360",2026-04-01,
015209,DIVERSICARE OF BESSEMER,820 GOLF COURSE ROAD,BESSEMER,AL,35020,"820 GOLF COURSE ROAD,BESSEMER,AL,35020",2026-04-01,
015210,"OPP HEALTH AND REHABILITATION, LLC",115 PAULK AVENUE,OPP,AL,36467,"115 PAULK AVENUE,OPP,AL,36467",2026-04-01,
015211,TWIN OAKS REHABILITATION AND HEALTHCARE CENTER,857 CRAWFORD LANE,MOBILE,AL,36617,"857 CRAWFORD LANE,MOBILE,AL,36617",2026-04-01,
015212,SELF SKILLED NURSING & REHAB,131 EAST CREST ROAD,HUEYTOWN,AL,35023,"131 EAST CREST ROAD,HUEYTOWN,AL,35023",2026-04-01,
015213,TROY HEALTH & REHABILITATION CENTER,515 ELBA HIGHWAY,TROY,AL,36079,"515 ELBA HIGHWAY,TROY,AL,36079",2026-04-01,
015214,MADISON MANOR NURSING HOME,3891 SULLIVAN ST,MADISON,AL,35758,"3891 SULLIVAN ST,MADISON,AL,35758",2026-04-01,
015215,BIBB MEDICAL CENTER NURSING HOME,208 PIERSON AVE,CENTREVILLE,AL,35042,"208 PIERSON AVE,CENTREVILLE,AL,35042",2026-04-01,
015216,OAKVIEW MANOR HEALTH CARE CENTER,929 MIXON SCHOOL ROAD,OZARK,AL,36360,"929 MIXON SCHOOL ROAD,OZARK,AL,36360",2026-04-01,
015217,BIRMINGHAM NURSING AND REHABILITATION CTR LLC,1000 DUGAN AVENUE,BIRMINGHAM,AL,35214,"1000 DUGAN AVENUE,BIRMINGHAM,AL,35214",2026-04-01,
015222,FAIRHOPE HEALTH & REHAB,108 SOUTH CHURCH STREET,FAIRHOPE,AL,36532,"108 SOUTH CHURCH STREET,FAIRHOPE,AL,36532",2026-04-01,
015223,NORTHSIDE HEALTH CARE,700 HUTCHINS AVENUE,GADSDEN,AL,35901,"700 HUTCHINS AVENUE,GADSDEN,AL,35901",2026-04-01,
015228,ARABELLA HEALTH AND WELLNESS OF MONTGOMERY,4490 VIRGINIA LOOP ROAD,MONTGOMERY,AL,36116,"4490 VIRGINIA LOOP ROAD,MONTGOMERY,AL,36116",2026-04-01,
015315,"RIDGEWOOD HEALTH SERVICES, INC.",201 OAKHILL ROAD,JASPER,AL,35504,"201 OAKHILL ROAD,JASPER,AL,35504",2026-04-01,
015321,"SOUTH HAVEN HEALTH AND REHABILITATION, LLC",3141 OLD COLUMBIANA ROAD,BIRMINGHAM,AL,35226,"3141 OLD COLUMBIANA ROAD,BIRMINGHAM,AL,35226",2026-04-01,
015322,ENGLEWOOD HEALTH CARE CENTER,2046 SOUTH ALABAMA AVE,MONROEVILLE,AL,36460,"2046 SOUTH ALABAMA AVE,MONROEVILLE,AL,36460",2026-04-01,
015326,"PARK MANOR HEALTH AND REHABILITATION, LLC",2201 MCFARLAND BOULEVARD,NORTHPORT,AL,35476,"2201 MCFARLAND BOULEVARD,NORTHPORT,AL,35476",2026-04-01,
015330,MARENGO NURSING HOME,608 NORTH MAIN STREET,LINDEN,AL,36748,"608 NORTH MAIN STREET,LINDEN,AL,36748",2026-04-01,
015336,"LUVERNE HEALTH AND REHABILITATION, LLC",142 WEST THIRD STREET,LUVERNE,AL,36049,"142 WEST THIRD STREET,LUVERNE,AL,36049",2026-04-01,
015369,OAKS ON PARKWOOD SKILLED NURSING FACILITY,2625 LAUREL OAK DRIVE,BESSEMER,AL,35022,"2625 LAUREL OAK DRIVE,BESSEMER,AL,35022",2026-04-01,
015372,REGENCY HEALTH CARE AND REHABILITATION CENTER,"2061 POOLE DRIVE, NW",HUNTSVILLE,AL,35810,"2061 POOLE DRIVE, NW,HUNTSVILLE,AL,35810",2026-04-01,
015373,HENRY COUNTY HEALTH AND REHABILITATION FACILITY,212 DOTHAN ROAD,ABBEVILLE,AL,36310,"212 DOTHAN ROAD,ABBEVILLE,AL,36310",2026-04-01,
015374,"THE PINE OF CAMDEN, LLC",550 PONDEROSA DRIVE,CAMDEN,AL,36726,"550 PONDEROSA DRIVE,CAMDEN,AL,36726",2026-04-01,
015376,DIVERSICARE OF WINFIELD,144 COUNTY HWY 14,WINFIELD,AL,35594,"144 COUNTY HWY 14,WINFIELD,AL,35594",2026-04-01,
015378,MARSHALL MANOR NURSING HOME,3120 NORTH STREET,GUNTERSVILLE,AL,35976,"3120 NORTH STREET,GUNTERSVILLE,AL,35976",2026-04-01,
015381,WILLOWBROOKE CT SKILLED CARE CTR WESTMINSTER VLG,500 SPANISH FORT BLVD,SPANISH FORT,AL,36527,"500 SPANISH FORT BLVD,SPANISH FORT,AL,36527",2026-04-01,
015382,CANTERBURY HEALTH CARE FACILITY,1720 KNOWLES ROAD,PHENIX CITY,AL,36869,"1720 KNOWLES ROAD,PHENIX CITY,AL,36869",2026-04-01,
015383,WOODLAND VILLAGE REHABILITATION AND HEALTHCARE CEN,1900 OLIVE STREET SW,CULLMAN,AL,35056,"1900 OLIVE STREET SW,CULLMAN,AL,35056",2026-04-01,
015386,ADAMS REHABILITATION AND HEALTHCARE CENTER,1555 HILLABEE STREET,ALEXANDER CITY,AL,35010,"1555 HILLABEE STREET,ALEXANDER CITY,AL,35010",2026-04-01,
015388,EAST GLEN,53 MEDICAL PARK DRIVE EAST,BIRMINGHAM,AL,35235,"53 MEDICAL PARK DRIVE EAST,BIRMINGHAM,AL,35235",2026-04-01,
015391,"JACKSONVILLE HEALTH AND REHABILITATION, LLC",410 WILSON DRIVE SOUTHWEST,JACKSONVILLE,AL,36265,"410 WILSON DRIVE SOUTHWEST,JACKSONVILLE,AL,36265",2026-04-01,
015392,CYPRESS COVE CARE CENTER,200 ALABAMA AVENUE,MUSCLE SHOALS,AL,35661,"200 ALABAMA AVENUE,MUSCLE SHOALS,AL,35661",2026-04-01,
015393,CROWNE HEALTH CARE OF MONTGOMERY,1837 UPPER WETUMPKA ROAD,MONTGOMERY,AL,36107,"1837 UPPER WETUMPKA ROAD,MONTGOMERY,AL,36107",2026-04-01,
015397,WINDSOR HOUSE,4411 MCALLISTER DRIVE,HUNTSVILLE,AL,35805,"4411 MCALLISTER DRIVE,HUNTSVILLE,AL,35805",2026-04-01,
015398,MONROE MANOR HEALTH & REHABILITATION CENTER,236 WEST CLAIBORNE STREET,MONROEVILLE,AL,36460,"236 WEST CLAIBORNE STREET,MONROEVILLE,AL,36460",2026-04-01,
015400,MEADOWVIEW NURSING CENTER,7300 OLD HIGHWAY 78 EAST,PELL CITY,AL,35128,"7300 OLD HIGHWAY 78 EAST,PELL CITY,AL,35128",2026-04-01,
015403,"PALM GARDENS HEALTH AND REHABILITATION, LLC",3104 DAUPHIN SQUARE CONNECTOR,MOBILE,AL,36607,"3104 DAUPHIN SQUARE CONNECTOR,MOBILE,AL,36607",2026-04-01,
015406,ARABELLA HEALTH & WELLNESS OF GRAND BAY,13750 HIGHWAY 90 WEST,GRAND BAY,AL,36541,"13750 HIGHWAY 90 WEST,GRAND BAY,AL,36541",2026-04-01,
015408,"WALKER REHABILITATION CENTER, INC",350 NORTHEAST 4TH STREET,CARBON HILL,AL,35549,"350 NORTHEAST 4TH STREET,CARBON HILL,AL,35549",2026-04-01,
015411,SHELBY RIDGE NURSING HOME,881 3RD STREET NORTHEAST,ALABASTER,AL,35007,"881 3RD STREET NORTHEAST,ALABASTER,AL,35007",2026-04-01,
015414,LAFAYETTE NURSING HOME,555 B STREET SW,LAFAYETTE,AL,36862,"555 B STREET SW,LAFAYETTE,AL,36862",2026-04-01,
015417,CROWNE HEALTHCARE OF NORTH BALDWIN,2010 MEDICAL CENTER DRIVE,BAY MINETTE,AL,36507,"2010 MEDICAL CENTER DRIVE,BAY MINETTE,AL,36507",2026-04-01,
015420,CUMBERLAND HEALTH AND REHAB,47065 AL HIGHWAY 277,BRIDGEPORT,AL,35740,"47065 AL HIGHWAY 277,BRIDGEPORT,AL,35740",2026-04-01,
015422,TLC NURSING CENTER,212 ELLEN STREET,ONEONTA,AL,35121,"212 ELLEN STREET,ONEONTA,AL,35121",2026-04-01,
015423,BROOKDALE UNIVERSITY PARK SNF (AL),501 UNIVERSITY PARK DRIVE,BIRMINGHAM,AL,35209,"501 UNIVERSITY PARK DRIVE,BIRMINGHAM,AL,35209",2026-04-01,
015425,WESTSIDE TERRACE HEALTH & REHABILITATION CENTER,501 NORTH WOODBURN DRIVE,DOTHAN,AL,36303,"501 NORTH WOODBURN DRIVE,DOTHAN,AL,36303",2026-04-01,
015426,CROWNE HEALTH CARE OF SPRINGHILL,3712 DAUPHIN ST,MOBILE,AL,36608,"3712 DAUPHIN ST,MOBILE,AL,36608",2026-04-01,
015429,KENSINGTON HEALTH AND REHABILITATION,550 CONGRESS STREET,MOBILE,AL,36603,"550 CONGRESS STREET,MOBILE,AL,36603",2026-04-01,
015431,"VALLEY VIEW HEALTH AND REHABILITATION, LLC",5968 WALL TRIANA HIGHWAY,MADISON,AL,35757,"5968 WALL TRIANA HIGHWAY,MADISON,AL,35757",2026-04-01,
015433,ST MARTIN'S IN THE PINES,4941 MONTEVALLO ROAD,IRONDALE,AL,35210,"4941 MONTEVALLO ROAD,IRONDALE,AL,35210",2026-04-01,
015434,LYNWOOD REHABILITATION AND HEALTHCARE CENTER,4164 HALLS MILL ROAD,MOBILE,AL,36693,"4164 HALLS MILL ROAD,MOBILE,AL,36693",2026-04-01,
015435,SPRINGHILL SENIOR RESIDENCE,3717 DAUPHIN STREET,MOBILE,AL,36608,"3717 DAUPHIN STREET,MOBILE,AL,36608",2026-04-01,
015436,HILLVIEW TERRACE,100 PERRY HILL RD,MONTGOMERY,AL,36109,"100 PERRY HILL RD,MONTGOMERY,AL,36109",2026-04-01,
015437,FOLSOM REHABILITATION AND HEALTHCARE CENTER,401 ARNOLD STREET N.E.,CULLMAN,AL,35055,"401 ARNOLD STREET N.E.,CULLMAN,AL,35055",2026-04-01,
015440,"HUNTSVILLE HEALTH & REHABILITATION, LLC",4010 CHRIS DRIVE,HUNTSVILLE,AL,35802,"4010 CHRIS DRIVE,HUNTSVILLE,AL,35802",2026-04-01,
015442,ORCHARD REHABILITATION & HEALTHCARE CENTER,629 STATE HIGHWAY 21 SOUTH,HAYNEVILLE,AL,36040,"629 STATE HIGHWAY 21 SOUTH,HAYNEVILLE,AL,36040",2026-04-01,
015443,ROBERTSDALE REHABILITATION & HEALTHCARE CTR,18700 U S HIGHWAY 90,ROBERTSDALE,AL,36567,"18700 U S HIGHWAY 90,ROBERTSDALE,AL,36567",2026-04-01,
015445,CHERRY HILL REHABILITATION & HEALTHCARE CENTER,1250 JEFF GERMANY PARKWAY,BIRMINGHAM,AL,35214,"1250 JEFF GERMANY PARKWAY,BIRMINGHAM,AL,35214",2026-04-01,
015446,GREENBRIAR AT THE ALTAMONT SKILLED NURSING FACILIT,2831 HIGHLAND AVENUE SOUTH,BIRMINGHAM,AL,35205,"2831 HIGHLAND AVENUE SOUTH,BIRMINGHAM,AL,35205",2026-04-01,
015447,ARABELLA HEALTH AND WELLNESS OF FAIRHOPE,22670 MAIN STREET,FAIRHOPE,AL,36532,"22670 MAIN STREET,FAIRHOPE,AL,36532",2026-04-01,
015448,SOUTH HAMPTON NURSING & REHABILITATION CENTER,213 WILSON MANN ROAD,OWENS CROSS ROADS,AL,35763,"213 WILSON MANN ROAD,OWENS CROSS ROADS,AL,35763",2026-04-01,
015450,WILLOWBROOKE CT SKILLED CARE CTR AT MAGNOLIA TRACE,ONE CROWN CIRCLE,HUNTSVILLE,AL,35802,"ONE CROWN CIRCLE,HUNTSVILLE,AL,35802",2026-04-01,
015451,FLORALA HEALTH AND REHABILITATION LLC,23621 GOLDENROD AVENUE,FLORALA,AL,36442,"23621 GOLDENROD AVENUE,FLORALA,AL,36442",2026-04-01,
015452,ARBOR LAKE HEALTH AND REHAB,1365 GATEWOOD DRIVE,AUBURN,AL,36830,"1365 GATEWOOD DRIVE,AUBURN,AL,36830",2026-04-01,
015454,FAIRVIEW AT REDSTONE VILLAGE,12000 TURNMEYER DRIVE,HUNTSVILLE,AL,35803,"12000 TURNMEYER DRIVE,HUNTSVILLE,AL,35803",2026-04-01,
015455,ELITE NURSING AND REHABILITATION CARE CENTER,300 ROYAL TOWER DRIVE,BIRMINGHAM,AL,35209,"300 ROYAL TOWER DRIVE,BIRMINGHAM,AL,35209",2026-04-01,
015457,KIRKWOOD BY THE RIVER,3605 RATLIFF ROAD,BIRMINGHAM,AL,35210,"3605 RATLIFF ROAD,BIRMINGHAM,AL,35210",2026-04-01,
015460,CHARLTON PLACE REHAB AND HEALTHCARE CENTER,65 CHARLTON PLACE,DEATSVILLE,AL,36022,"65 CHARLTON PLACE,DEATSVILLE,AL,36022",2026-04-01,
015463,KNOLLWOOD HEALTHCARE,3151-A KNOLLWOOD DRIVE,MOBILE,AL,36693,"3151-A KNOLLWOOD DRIVE,MOBILE,AL,36693",2026-04-01,
015464,"ASPIRE PHYSICAL RECOVERY CENTER AT HOOVER, LLC",575 SOUTHLAND DRIVE,HOOVER,AL,35226,"575 SOUTHLAND DRIVE,HOOVER,AL,35226",2026-04-01,
015465,ASPIRE PHYSICAL RECOVERY CENTER OF WEST ALABAMA,2400 HOSPITAL DRIVE,NORTHPORT,AL,35476,"2400 HOSPITAL DRIVE,NORTHPORT,AL,35476",2026-04-01,
015467,CAVALIER HEALTHCARE OF TRUSSVILLE,119 WATTERSON PARKWAY,TRUSSVILLE,AL,35173,"119 WATTERSON PARKWAY,TRUSSVILLE,AL,35173",2026-04-01,
015468,ASPIRE PHYSICAL RECOVERY CENTER AT CAHABA RIVER,3070 HEALTHY WAY,VESTAVIA,AL,35243,"3070 HEALTHY WAY,VESTAVIA,AL,35243",2026-04-01,
01A193,FATHER PURCELL MEMORIAL EXCEPTIONAL CHILDREN'S CTR,2048 W FAIRVIEW AVE,MONTGOMERY,AL,36108,"2048 W FAIRVIEW AVE,MONTGOMERY,AL,36108",2026-04-01,
025010,KETCHIKAN MED CTR NEW HORIZONS TRANSITIONAL CARE,3100 TONGASS AVENUE,KETCHIKAN,AK,99901,"3100 TONGASS AVENUE,KETCHIKAN,AK,99901",2026-04-01,
025015,WRANGELL MEDICAL CENTER LTC,232 WOOD STREET,WRANGELL,AK,99929,"232 WOOD STREET,WRANGELL,AK,99929",2026-04-01,
025018,POLARIS TRANSITIONAL CARE,910 COMPASSION CIRCLE,ANCHORAGE,AK,99504,"910 COMPASSION CIRCLE,ANCHORAGE,AK,99504",2026-04-01,
025019,PETERSBURG MEDICAL CENTER LTC,103 FRAM STREET,PETERSBURG,AK,99833,"103 FRAM STREET,PETERSBURG,AK,99833",2026-04-01,
025021,HERITAGE PLACE,232 ROCKWELL AVENUE,SOLDOTNA,AK,99669,"232 ROCKWELL AVENUE,SOLDOTNA,AK,99669",2026-04-01,
025024,PROVIDENCE SEWARD MOUNTAIN HAVEN,2203 OAK STREET,SEWARD,AK,99664,"2203 OAK STREET,SEWARD,AK,99664",2026-04-01,
025025,CENTENNIAL POST ACUTE,9100 CENTENNIAL DRIVE,ANCHORAGE,AK,99504,"9100 CENTENNIAL DRIVE,ANCHORAGE,AK,99504",2026-04-01,
025026,QUYANNA CARE CENTER,1100 GREG KRUSCHEK AVENUE,NOME,AK,99762,"1100 GREG KRUSCHEK AVENUE,NOME,AK,99762",2026-04-01,
025027,WILDFLOWER COURT,2000 SALMON CREEK LANE,JUNEAU,AK,99801,"2000 SALMON CREEK LANE,JUNEAU,AK,99801",2026-04-01,
025028,CORDOVA COMMUNITY MED LTC,602 CHASE AVE,CORDOVA,AK,99574,"602 CHASE AVE,CORDOVA,AK,99574",2026-04-01,
025030,PROVIDENCE KODIAK ISLAND MED LTC,1915 E REZANOF DRIVE,KODIAK,AK,99615,"1915 E REZANOF DRIVE,KODIAK,AK,99615",2026-04-01,
025031,SOUTH PENINSULA HOSPITAL LTC,4300 BARTLETT STREET,HOMER,AK,99603,"4300 BARTLETT STREET,HOMER,AK,99603",2026-04-01,
025032,SEARHC SITKA LONG TERM CARE,209 MOLLER AVENUE,SITKA,AK,99835,"209 MOLLER AVENUE,SITKA,AK,99835",2026-04-01,
025035,UTUQQANAAT INAAT,436 MISSION STREET,KOTZEBUE,AK,99752,"436 MISSION STREET,KOTZEBUE,AK,99752",2026-04-01,
025036,Polaris Extended Care,920 COMPASSION CIRCLE,ANCHORAGE,AK,99504,"920 COMPASSION CIRCLE,ANCHORAGE,AK,99504",2026-04-01,
025037,YUKON KUSKOKWIM ELDER'S HOME,1100 CHIEF EDDIE HOFFMAN HWY,BETHEL,AK,99559,"1100 CHIEF EDDIE HOFFMAN HWY,BETHEL,AK,99559",2026-04-01,
025038,MAPLE SPRINGS OF WASILLA,3265 E MERIDIAN LOOP,WASILLA,AK,99654,"3265 E MERIDIAN LOOP,WASILLA,AK,99654",2026-04-01,
035062,DESERT HAVEN CARE CENTER,2645 EAST THOMAS ROAD,PHOENIX,AZ,85016,"2645 EAST THOMAS ROAD,PHOENIX,AZ,85016",2026-04-01,
035070,CASAS ADOBES POST ACUTE REHAB CENTER,1919 WEST MEDICAL STREET,TUCSON,AZ,85704,"1919 WEST MEDICAL STREET,TUCSON,AZ,85704",2026-04-01,
035072,PHOENIX MOUNTAIN POST ACUTE,13232 NORTH TATUM BLVD,PHOENIX,AZ,85032,"13232 NORTH TATUM BLVD,PHOENIX,AZ,85032",2026-04-01,
035073,"HAVEN HEALTH GREEN VALLEY, LLC",150 NORTH LA CANADA DRIVE,GREEN VALLEY,AZ,85614,"150 NORTH LA CANADA DRIVE,GREEN VALLEY,AZ,85614",2026-04-01,
035076,OSBORN HEALTH AND REHABILITATION,3333 NORTH CIVIC CENTER PLAZA,SCOTTSDALE,AZ,85251,"3333 NORTH CIVIC CENTER PLAZA,SCOTTSDALE,AZ,85251",2026-04-01,
035086,"HAVEN OF SIERRA VISTA, LLC",660 SOUTH CORONADO DRIVE,SIERRA VISTA,AZ,85635,"660 SOUTH CORONADO DRIVE,SIERRA VISTA,AZ,85635",2026-04-01,
035087,NORTH MOUNTAIN MEDICAL AND REHABILITATION CENTER,9155 NORTH THIRD STREET,PHOENIX,AZ,85020,"9155 NORTH THIRD STREET,PHOENIX,AZ,85020",2026-04-01,
035092,Bella Vita Health and Rehabilitation Center,5125 NORTH 58TH AVENUE,GLENDALE,AZ,85301,"5125 NORTH 58TH AVENUE,GLENDALE,AZ,85301",2026-04-01,
035093,HAVEN OF COTTONWOOD,197 SOUTH WILLARD STREET,COTTONWOOD,AZ,86326,"197 SOUTH WILLARD STREET,COTTONWOOD,AZ,86326",2026-04-01,
035096,"HAVEN OF SANDPOINTE, LLC",2222 SOUTH AVENUE A,YUMA,AZ,85364,"2222 SOUTH AVENUE A,YUMA,AZ,85364",2026-04-01,
035097,The Legacy Rehab & Care Center,2812 SILVER CREEK ROAD,BULLHEAD CITY,AZ,86442,"2812 SILVER CREEK ROAD,BULLHEAD CITY,AZ,86442",2026-04-01,
035099,SANDSTONE OF TUCSON REHAB CENTRE,2900 EAST MILBER STREET,TUCSON,AZ,85714,"2900 EAST MILBER STREET,TUCSON,AZ,85714",2026-04-01,
035111,Lake Pleasant Post Acute Rehabilitation Center,20625 NORTH LAKE PLEASANT ROAD,PEORIA,AZ,85382,"20625 NORTH LAKE PLEASANT ROAD,PEORIA,AZ,85382",2026-04-01,
035112,APACHE JUNCTION HEALTH CENTER,2012 WEST SOUTHERN AVE,APACHE JUNCTION,AZ,85120,"2012 WEST SOUTHERN AVE,APACHE JUNCTION,AZ,85120",2026-04-01,
035114,Mountain View Manor,1045 SANDRETTO DRIVE,PRESCOTT,AZ,86305,"1045 SANDRETTO DRIVE,PRESCOTT,AZ,86305",2026-04-01,
035116,THE REHABILITATION CENTER AT THE PALAZZO,6250 NORTH 19TH AVENUE,PHOENIX,AZ,85015,"6250 NORTH 19TH AVENUE,PHOENIX,AZ,85015",2026-04-01,
035117,PAYSON CARE CENTER,107 EAST LONE PINE DRIVE,PAYSON,AZ,85541,"107 EAST LONE PINE DRIVE,PAYSON,AZ,85541",2026-04-01,
035118,HAVEN OF CAMP VERDE,86 WEST SALT MINE ROAD,CAMP VERDE,AZ,86322,"86 WEST SALT MINE ROAD,CAMP VERDE,AZ,86322",2026-04-01,
035121,BOSWELL TRANSITIONAL CARE OF CASCADIA,10601 WEST SANTA FE DRIVE,SUN CITY,AZ,85351,"10601 WEST SANTA FE DRIVE,SUN CITY,AZ,85351",2026-04-01,
035125,RIDGECREST POST ACUTE,16640 NORTH 38TH STREET,PHOENIX,AZ,85032,"16640 NORTH 38TH STREET,PHOENIX,AZ,85032",2026-04-01,
035126,Life Care Center of North Glendale,13620 NORTH 55TH AVENUE,GLENDALE,AZ,85304,"13620 NORTH 55TH AVENUE,GLENDALE,AZ,85304",2026-04-01,
035127,"Haven Health Prescott, LLC",864 DOUGHERTY STREET,PRESCOTT,AZ,86305,"864 DOUGHERTY STREET,PRESCOTT,AZ,86305",2026-04-01,
035134,RIM COUNTRY HEALTH & RETIREMENT COMMUNITY,807 WEST LONGHORN ROAD,PAYSON,AZ,85541,"807 WEST LONGHORN ROAD,PAYSON,AZ,85541",2026-04-01,
035136,LIFE CARE CENTER OF SIERRA VISTA,2305 EAST WILCOX DRIVE,SIERRA VISTA,AZ,85635,"2305 EAST WILCOX DRIVE,SIERRA VISTA,AZ,85635",2026-04-01,
035139,HAVEN OF SHOW LOW,2401 EAST HUNT STREET,SHOW LOW,AZ,85901,"2401 EAST HUNT STREET,SHOW LOW,AZ,85901",2026-04-01,
035141,Heritage Health Care Center,1300 SOUTH STREET,GLOBE,AZ,85501,"1300 SOUTH STREET,GLOBE,AZ,85501",2026-04-01,
035143,LIFE CARE CENTER OF SCOTTSDALE,9494 EAST BECKER LANE,SCOTTSDALE,AZ,85260,"9494 EAST BECKER LANE,SCOTTSDALE,AZ,85260",2026-04-01,
035144,Peoria Post Acute and Rehabilitation,13215 NORTH 94TH DRIVE,PEORIA,AZ,85381,"13215 NORTH 94TH DRIVE,PEORIA,AZ,85381",2026-04-01,
035145,DEVON GABLES REHABILITATION CENTER,6150 EAST GRANT ROAD,TUCSON,AZ,85712,"6150 EAST GRANT ROAD,TUCSON,AZ,85712",2026-04-01,
035146,Life Care Center of Paradise Valley,4065 EAST BELL ROAD,PHOENIX,AZ,85032,"4065 EAST BELL ROAD,PHOENIX,AZ,85032",2026-04-01,
035147,VILLA MARIA POST ACUTE AND REHABILITATION,4310 EAST GRANT ROAD,TUCSON,AZ,85712,"4310 EAST GRANT ROAD,TUCSON,AZ,85712",2026-04-01,
035152,YUMA NURSING CENTER,1850 WEST 25TH STREET,YUMA,AZ,85364,"1850 WEST 25TH STREET,YUMA,AZ,85364",2026-04-01,
035154,PROVIDENCE PLACE AT GLENCROFT,8641 NORTH 67TH AVE,GLENDALE,AZ,85302,"8641 NORTH 67TH AVE,GLENDALE,AZ,85302",2026-04-01,
035158,Prescott Village Nursing & Rehabilitation,1030 SCOTT DRIVE,PRESCOTT,AZ,86301,"1030 SCOTT DRIVE,PRESCOTT,AZ,86301",2026-04-01,
035159,Horizon Post Acute and Rehabilitation Center,4704 WEST DIANA AVENUE,GLENDALE,AZ,85302,"4704 WEST DIANA AVENUE,GLENDALE,AZ,85302",2026-04-01,
035164,DESERT BLOSSOM HEALTH & REHAB CENTER,60 SOUTH 58TH STREET,MESA,AZ,85206,"60 SOUTH 58TH STREET,MESA,AZ,85206",2026-04-01,
035165,HAVEN OF TUCSON,3705 NORTH SWAN ROAD,TUCSON,AZ,85718,"3705 NORTH SWAN ROAD,TUCSON,AZ,85718",2026-04-01,
035166,Estrella Health And Rehabilitation Center,350 EAST LA CANADA,AVONDALE,AZ,85323,"350 EAST LA CANADA,AVONDALE,AZ,85323",2026-04-01,
035169,Desert Highlands Care Center,1081 KATHLEEN AVE,KINGMAN,AZ,86401,"1081 KATHLEEN AVE,KINGMAN,AZ,86401",2026-04-01,
035173,CHRISTIAN CARE NURSING CENTER,11812 NORTH 19TH AVE,PHOENIX,AZ,85029,"11812 NORTH 19TH AVE,PHOENIX,AZ,85029",2026-04-01,
035174,PARK AVENUE HEALTH AND REHABILITATION CENTER,2001 NORTH PARK AVENUE,TUCSON,AZ,85719,"2001 NORTH PARK AVENUE,TUCSON,AZ,85719",2026-04-01,
035175,DESERT PEAK CARE CENTER,8825 SOUTH 7TH STREET,PHOENIX,AZ,85042,"8825 SOUTH 7TH STREET,PHOENIX,AZ,85042",2026-04-01,
035183,AZ - RIO VISTA POST ACUTE AND REHABILITATION,10323 WEST OLIVE AVENUE,PEORIA,AZ,85345,"10323 WEST OLIVE AVENUE,PEORIA,AZ,85345",2026-04-01,
035189,LA CANADA CARE CENTER,7970 NORTH LA CANADA DRIVE,TUCSON,AZ,85704,"7970 NORTH LA CANADA DRIVE,TUCSON,AZ,85704",2026-04-01,
035207,Springdale Village Post Acute,7255 EAST BROADWAY ROAD,MESA,AZ,85208,"7255 EAST BROADWAY ROAD,MESA,AZ,85208",2026-04-01,
035216,CARING HOUSE,510 SOUTH OCOTILLO ROAD,SACATON,AZ,85147,"510 SOUTH OCOTILLO ROAD,SACATON,AZ,85147",2026-04-01,
035217,REHAB AT SCOTTSDALE VILLAGE SQUARE,2620 NORTH 68TH STREET,SCOTTSDALE,AZ,85257,"2620 NORTH 68TH STREET,SCOTTSDALE,AZ,85257",2026-04-01,
035233,HAVEN OF GLOBE,1100 MONROE STREET,GLOBE,AZ,85501,"1100 MONROE STREET,GLOBE,AZ,85501",2026-04-01,
035234,Arizona State Veteran Home-Phx,4141 NORTH S HERRERA WAY,PHOENIX,AZ,85012,"4141 NORTH S HERRERA WAY,PHOENIX,AZ,85012",2026-04-01,
035242,DR GUY GORMAN SR CARE HOME,HIGHWAY 191 & HOSPITAL ROAD,CHINLE,AZ,86503,"HIGHWAY 191 & HOSPITAL ROAD,CHINLE,AZ,86503",2026-04-01,
035244,Prescott Valley Nursing & Rehabilitation,3380 NORTH WINDSONG DRIVE,PRESCOTT VALLEY,AZ,86314,"3380 NORTH WINDSONG DRIVE,PRESCOTT VALLEY,AZ,86314",2026-04-01,
035245,Sunview Respiratory and Rehabilitation,12207 NORTH 113TH AVENUE,YOUNGTOWN,AZ,85363,"12207 NORTH 113TH AVENUE,YOUNGTOWN,AZ,85363",2026-04-01,
035247,MARYLAND GARDENS POST ACUTE,31 WEST MARYLAND AVENUE,PHOENIX,AZ,85013,"31 WEST MARYLAND AVENUE,PHOENIX,AZ,85013",2026-04-01,
035249,THE GARDENS REHAB & CARE CENTER,3131 WESTERN AVENUE,KINGMAN,AZ,86401,"3131 WESTERN AVENUE,KINGMAN,AZ,86401",2026-04-01,
035253,BROOKDALE SANTA CATALINA,7500 NORTH CALLE SIN ENVIDIA,TUCSON,AZ,85718,"7500 NORTH CALLE SIN ENVIDIA,TUCSON,AZ,85718",2026-04-01,
035254,WINSLOW CAMPUS OF CARE,826 WEST DESMOND STREET,WINSLOW,AZ,86047,"826 WEST DESMOND STREET,WINSLOW,AZ,86047",2026-04-01,
035255,Palm Valley Post Acute,13575 WEST MCDOWELL ROAD,GOODYEAR,AZ,85395,"13575 WEST MCDOWELL ROAD,GOODYEAR,AZ,85395",2026-04-01,
035256,Freedom Plaza Care Center,13714 NORTH PLAZA DEL RIO BLVD,PEORIA,AZ,85381,"13714 NORTH PLAZA DEL RIO BLVD,PEORIA,AZ,85381",2026-04-01,
035257,THE PEAKS HEALTH & REHABILITATION,3150 NORTH WINDING BROOK ROAD,FLAGSTAFF,AZ,86001,"3150 NORTH WINDING BROOK ROAD,FLAGSTAFF,AZ,86001",2026-04-01,
035263,ARCHIE HENDRICKS SENIOR SKILLED NURSING FACILITY,FEDERAL ROUTE 15 MILE POST 9,SELLS,AZ,85634,"FEDERAL ROUTE 15 MILE POST 9,SELLS,AZ,85634",2026-04-01,
035264,Sun Health La Loma Care Center,14260 SOUTH DENNY BOULEVARD,LITCHFIELD PARK,AZ,85340,"14260 SOUTH DENNY BOULEVARD,LITCHFIELD PARK,AZ,85340",2026-04-01,
035265,SUN HEALTH GRANDVIEW CARE CENTER,14505 WEST GRANITE VALLEY DRIVE,SUN CITY WEST,AZ,85375,"14505 WEST GRANITE VALLEY DRIVE,SUN CITY WEST,AZ,85375",2026-04-01,
035266,ADVANCED HEALTHCARE OF MESA,5755 EAST MAIN STREET,MESA,AZ,85205,"5755 EAST MAIN STREET,MESA,AZ,85205",2026-04-01,
035268,ADVANCE HEALTH CARE OF SCOTTSDALE,9846 NORTH 95TH STREET,SCOTTSDALE,AZ,85258,"9846 NORTH 95TH STREET,SCOTTSDALE,AZ,85258",2026-04-01,
035270,Ahwatukee Post Acute,15810 SOUTH 42ND STREET,PHOENIX,AZ,85048,"15810 SOUTH 42ND STREET,PHOENIX,AZ,85048",2026-04-01,
035272,"Vi at Grayhawk, a Vi and Plaza Companies Community",7501 EAST THOMPSON PEAK PARKWAY,SCOTTSDALE,AZ,85255,"7501 EAST THOMPSON PEAK PARKWAY,SCOTTSDALE,AZ,85255",2026-04-01,
035273,SPLENDIDO AT RANCHO VISTOSO,13500 NORTH RANCHO VISTOSO BLVD,TUCSON,AZ,85755,"13500 NORTH RANCHO VISTOSO BLVD,TUCSON,AZ,85755",2026-04-01,
035275,ADVANCED HEALTH CARE OF GLENDALE,16825 NORTH 63RD AVENUE,GLENDALE,AZ,85306,"16825 NORTH 63RD AVENUE,GLENDALE,AZ,85306",2026-04-01,
035276,OASIS PAVILION NURSING & REHABILITATION CENTER,161 WEST RODEO ROAD SUITE 1,CASA GRANDE,AZ,85122,"161 WEST RODEO ROAD SUITE 1,CASA GRANDE,AZ,85122",2026-04-01,
035279,Acacia Health Center,4555 EAST MAYO BLVD,PHOENIX,AZ,85050,"4555 EAST MAYO BLVD,PHOENIX,AZ,85050",2026-04-01,
035280,SANTE OF MESA,5358 EAST BASELINE ROAD,MESA,AZ,85206,"5358 EAST BASELINE ROAD,MESA,AZ,85206",2026-04-01,
035281,"VI AT SILVERSTONE, A VI AND PLAZA COMPANIES COMMUN",22605 NORTH 74TH STREET,SCOTTSDALE,AZ,85255,"22605 NORTH 74TH STREET,SCOTTSDALE,AZ,85255",2026-04-01,
035282,Sante Of Surprise,14775 WEST YORKSHIRE DRIVE,SURPRISE,AZ,85374,"14775 WEST YORKSHIRE DRIVE,SURPRISE,AZ,85374",2026-04-01,
035283,SANTE OF CHANDLER,825 SOUTH 94TH STREET,CHANDLER,AZ,85224,"825 SOUTH 94TH STREET,CHANDLER,AZ,85224",2026-04-01,
035284,ARIZONA STATE VETERAN HOME-TUCSON,555 EAST AJO WAY,TUCSON,AZ,85713,"555 EAST AJO WAY,TUCSON,AZ,85713",2026-04-01,
035286,SANTE OF NORTH SCOTTSDALE,17490 NORTH 93RD STREET,SCOTTSDALE,AZ,85255,"17490 NORTH 93RD STREET,SCOTTSDALE,AZ,85255",2026-04-01,
035289,"CENTER AT ARROWHEAD, LLC",7201 W CAMINO SAN XAVIER AVE,GLENDALE,AZ,85308,"7201 W CAMINO SAN XAVIER AVE,GLENDALE,AZ,85308",2026-04-01,
035290,"HAVEN HEALTH SKY HARBOR, LLC",1880 EAST VAN BUREN STREET,PHOENIX,AZ,85006,"1880 EAST VAN BUREN STREET,PHOENIX,AZ,85006",2026-04-01,
035291,"THE CENTER AT VAL VISTA, LLC",3744 SOUTH ROME STREET,GILBERT,AZ,85297,"3744 SOUTH ROME STREET,GILBERT,AZ,85297",2026-04-01,
035292,SANDSTONE ESTATES REHAB CENTRE,2040 NORTH WILMOT ROAD,TUCSON,AZ,85712,"2040 NORTH WILMOT ROAD,TUCSON,AZ,85712",2026-04-01,
035295,THE CENTER AT TUCSON,5020 EAST GLENN STREET,TUCSON,AZ,85712,"5020 EAST GLENN STREET,TUCSON,AZ,85712",2026-04-01,
035297,SURPRISE HEALTH AND REHABILITATION CENTER,14660 WEST PARKWOOD DRIVE,SURPRISE,AZ,85374,"14660 WEST PARKWOOD DRIVE,SURPRISE,AZ,85374",2026-04-01,
035298,WELBROOK YUMA OPCO LLC,2271 SOUTH RIDGEVIEW DRIVE,YUMA,AZ,85364,"2271 SOUTH RIDGEVIEW DRIVE,YUMA,AZ,85364",2026-04-01,
035299,NORTHPARK HEALTH AND REHABILITATION OF CASCADIA,2020 NORTH 95TH AVENUE,PHOENIX,AZ,85037,"2020 NORTH 95TH AVENUE,PHOENIX,AZ,85037",2026-04-01,
035300,MIRABELLA AT ASU,65 EAST UNIVERSITY AVENUE,TEMPE,AZ,85281,"65 EAST UNIVERSITY AVENUE,TEMPE,AZ,85281",2026-04-01,
035301,SKILLED NURSING UNIT AT ORO VALLEY HOSPITAL,1551 E TANGERINE RD,ORO VALLEY,AZ,85755,"1551 E TANGERINE RD,ORO VALLEY,AZ,85755",2026-04-01,
035303,ARIZONA STATE VETERAN HOME - YUMA,6051 EAST 34TH STREET,YUMA,AZ,85365,"6051 EAST 34TH STREET,YUMA,AZ,85365",2026-04-01,
045070,ROGERS HEALTH AND REHABILITATION CENTER,1149 W NEW HOPE RD,ROGERS,AR,72758,"1149 W NEW HOPE RD,ROGERS,AR,72758",2026-04-01,
045098,THE BLOSSOMS AT HOT SPRINGS REHAB AND NURSING CENT,552 GOLF LINKS ROAD,HOT SPRINGS,AR,71901,"552 GOLF LINKS ROAD,HOT SPRINGS,AR,71901",2026-04-01,
045135,THE SPRINGS MAGNOLIA,2642 NORTH DUDNEY ROAD,MAGNOLIA,AR,71753,"2642 NORTH DUDNEY ROAD,MAGNOLIA,AR,71753",2026-04-01,
045138,VALLEY SPRINGS REHABILITATION AND HEALTH CENTER,228 POINTER TRAIL WEST,VAN BUREN,AR,72956,"228 POINTER TRAIL WEST,VAN BUREN,AR,72956",2026-04-01,
045140,THE SPRINGS SEARCY,1205 SKYLINE DRIVE,SEARCY,AR,72143,"1205 SKYLINE DRIVE,SEARCY,AR,72143",2026-04-01,
045142,THE SPRINGS OF PARK AVE,1401 PARK AVENUE,HOT SPRINGS,AR,71901,"1401 PARK AVENUE,HOT SPRINGS,AR,71901",2026-04-01,
045143,"Concordia Nursing & Rehab, LLC",7 Professional Drive,Bella Vista,AR,72714,"7 Professional Drive,Bella Vista,AR,72714",2026-04-01,
045146,THE BLOSSOMS AT MOUNTAIN VIEW REHAB & NURSING CEN,706 OAK GROVE ST,MOUNTAIN VIEW,AR,72560,"706 OAK GROVE ST,MOUNTAIN VIEW,AR,72560",2026-04-01,
045147,BROOKRIDGE COVE REHABILITATION AND CARE  CENTER,1000 BROOKRIDGE LANE,MORRILTON,AR,72110,"1000 BROOKRIDGE LANE,MORRILTON,AR,72110",2026-04-01,
045157,RIVER RIDGE REHABILITATION AND CARE CENTER,1100 EAST MARTIN DRIVE,WYNNE,AR,72396,"1100 EAST MARTIN DRIVE,WYNNE,AR,72396",2026-04-01,
045167,SPRINGDALE HEALTH AND REHABILITATION CENTER,102 NORTH GUTENSOHN,SPRINGDALE,AR,72762,"102 NORTH GUTENSOHN,SPRINGDALE,AR,72762",2026-04-01,
045168,"JOHNSON COUNTY HEALTH AND REHAB, LLC",1451 EAST POPLAR STREET,CLARKSVILLE,AR,72830,"1451 EAST POPLAR STREET,CLARKSVILLE,AR,72830",2026-04-01,
045170,THE GREEN HOUSE COTTAGES OF BELLE MEADE,2200 CHATEAU BOULEVARD,PARAGOULD,AR,72450,"2200 CHATEAU BOULEVARD,PARAGOULD,AR,72450",2026-04-01,
045172,Dermott City Nursing Home,702 West Gaines St,Dermott,AR,71638,"702 West Gaines St,Dermott,AR,71638",2026-04-01,
045173,SILVER OAKS HEALTH AND REHABILITATION,1875 OLD WIRE ROAD,CAMDEN,AR,71701,"1875 OLD WIRE ROAD,CAMDEN,AR,71701",2026-04-01,
045176,"THE WOODS, A NIGHTINGALE COMMUNITY",1194 N CHESTER ST,MONTICELLO,AR,71655,"1194 N CHESTER ST,MONTICELLO,AR,71655",2026-04-01,
045177,"CRESTPARK DEWITT, LLC",1325 LIBERTY DRIVE,DE WITT,AR,72042,"1325 LIBERTY DRIVE,DE WITT,AR,72042",2026-04-01,
045178,"PIGGOTT HEALTHCARE & SENIOR LIVING, LLC",450 S 9TH AVE,PIGGOTT,AR,72454,"450 S 9TH AVE,PIGGOTT,AR,72454",2026-04-01,
045182,"COURTYARD REHABILITATION AND HEALTH CENTER, LLC",2415 W HILLSBORO,EL DORADO,AR,71730,"2415 W HILLSBORO,EL DORADO,AR,71730",2026-04-01,
045183,"SALEM PLACE NURSING AND REHABILITATION CENTER, INC",2401 CHRISTINA LANE,CONWAY,AR,72034,"2401 CHRISTINA LANE,CONWAY,AR,72034",2026-04-01,
045184,Lake Village Rehabilitation and Care Center,903 Borgognoni Drive,Lake Village,AR,71653,"903 Borgognoni Drive,Lake Village,AR,71653",2026-04-01,
045187,THE GREEN HOUSE COTTAGES OF WENTWORTH PLACE,26 WARNOCK SPRINGS ROAD,MAGNOLIA,AR,71753,"26 WARNOCK SPRINGS ROAD,MAGNOLIA,AR,71753",2026-04-01,
045191,LAKE FOREST SENIOR LIVING AT HOT SPRINGS VILLAGE,121 CORTEZ RD,HOT SPRINGS VILLAGE,AR,71909,"121 CORTEZ RD,HOT SPRINGS VILLAGE,AR,71909",2026-04-01,
045194,THE COTTAGES AT TEXARKANA,4701 JEFFERSON AVENUE,TEXARKANA,AR,71854,"4701 JEFFERSON AVENUE,TEXARKANA,AR,71854",2026-04-01,
045195,THE SPRINGS BROADWAY,800 WEST BROADWAY,WEST MEMPHIS,AR,72301,"800 WEST BROADWAY,WEST MEMPHIS,AR,72301",2026-04-01,
045196,SOUTHRIDGE VILLAGE NURSING AND REHAB,400 SOUTHRIDGE PARKWAY,HEBER SPRINGS,AR,72543,"400 SOUTHRIDGE PARKWAY,HEBER SPRINGS,AR,72543",2026-04-01,
045197,THE SPRINGS OF HARRISON,115 ORENDORFF AVENUE,HARRISON,AR,72601,"115 ORENDORFF AVENUE,HARRISON,AR,72601",2026-04-01,
045199,HEARTLAND REHABILITATION AND CARE CENTER,19701 INTERSTATE 30,BENTON,AR,72015,"19701 INTERSTATE 30,BENTON,AR,72015",2026-04-01,
045201,CHAPEL WOODS HEALTH AND REHABILITATION,1440 EAST CHURCH,WARREN,AR,71671,"1440 EAST CHURCH,WARREN,AR,71671",2026-04-01,
045202,"LAKEWOOD HEALTH AND REHAB, LLC",2323 MCCAIN BOULEVARD,NORTH LITTLE ROCK,AR,72116,"2323 MCCAIN BOULEVARD,NORTH LITTLE ROCK,AR,72116",2026-04-01,
045203,THE SPRINGS BATESVILLE,1975 WHITE DRIVE,BATESVILLE,AR,72501,"1975 WHITE DRIVE,BATESVILLE,AR,72501",2026-04-01,
045207,OUACHITA NURSING AND REHABILITATION CENTER,1411 COUNTRY CLUB ROAD,CAMDEN,AR,71701,"1411 COUNTRY CLUB ROAD,CAMDEN,AR,71701",2026-04-01,
045209,THE CROSSING AT RIVERSIDE HEALTH AND REHABILITATIO,2500 EAST MOORE AVENUE,SEARCY,AR,72143,"2500 EAST MOORE AVENUE,SEARCY,AR,72143",2026-04-01,
045211,THE SPRINGS OF TEXARKANA,2107 DUDLEY STREET,TEXARKANA,AR,71854,"2107 DUDLEY STREET,TEXARKANA,AR,71854",2026-04-01,
045212,THE BLOSSOMS AT ROGERS REHAB & NURSING CENTER,1513 SOUTH DIXIELAND RD,ROGERS,AR,72758,"1513 SOUTH DIXIELAND RD,ROGERS,AR,72758",2026-04-01,
045214,Hudson Memorial Nursing Home,700 N. COLLEGE AVENUE,EL DORADO,AR,71730,"700 N. COLLEGE AVENUE,EL DORADO,AR,71730",2026-04-01,
045220,FAYETTEVILLE HEALTH AND REHABILITATION CENTER,3100 OLD MISSOURI RD,FAYETTEVILLE,AR,72703,"3100 OLD MISSOURI RD,FAYETTEVILLE,AR,72703",2026-04-01,
045221,"Crestpark Helena, LLC",116 NOVEMBER DRIVE,HELENA,AR,72342,"116 NOVEMBER DRIVE,HELENA,AR,72342",2026-04-01,
045222,WOODRUFF COUNTY HEALTH CENTER,139 WEST HIGHWAY 64,MCCRORY,AR,72101,"139 WEST HIGHWAY 64,MCCRORY,AR,72101",2026-04-01,
045227,PLEASANT MANOR NURSING & REHAB,950 HOMESTEAD,ASHDOWN,AR,71822,"950 HOMESTEAD,ASHDOWN,AR,71822",2026-04-01,
045228,MAPLE HEALTHCARE,200 S MAPLE STREET,HAZEN,AR,72064,"200 S MAPLE STREET,HAZEN,AR,72064",2026-04-01,
045232,THE BLOSSOMS AT STAMPS REHAB & NURSING CENTER,826 NORTH STREET,STAMPS,AR,71860,"826 NORTH STREET,STAMPS,AR,71860",2026-04-01,
045236,DES ARC NURSING AND REHABILITATION CENTER,2216 WEST MAIN STREET,DES ARC,AR,72040,"2216 WEST MAIN STREET,DES ARC,AR,72040",2026-04-01,
045239,BELLE VIEW ESTATES REHABILITATION AND CARE CENTER,1052 OLD WARREN ROAD,MONTICELLO,AR,71655,"1052 OLD WARREN ROAD,MONTICELLO,AR,71655",2026-04-01,
045241,BAILEY CREEK HEALTH AND REHAB,1621 EAST 42ND ST,TEXARKANA,AR,71854,"1621 EAST 42ND ST,TEXARKANA,AR,71854",2026-04-01,
045242,THE BLOSSOMS AT EUREKA SPRINGS REHAB & NURSING CEN,235 HUNTSVILLE ROAD,EUREKA SPRINGS,AR,72632,"235 HUNTSVILLE ROAD,EUREKA SPRINGS,AR,72632",2026-04-01,
045243,THE PINES NURSING AND REHABILITATION CENTER,524 CARPENTER DAM ROAD,HOT SPRINGS,AR,71901,"524 CARPENTER DAM ROAD,HOT SPRINGS,AR,71901",2026-04-01,
045244,LITTLE RIVER NURSING & REHAB,162 HWY 32-2A,ASHDOWN,AR,71822,"162 HWY 32-2A,ASHDOWN,AR,71822",2026-04-01,
045245,CONWAY HEALTHCARE AND REHABILITATION CENTER,2603 DAVE WARD DRIVE,CONWAY,AR,72034,"2603 DAVE WARD DRIVE,CONWAY,AR,72034",2026-04-01,
045246,PERRY COUNTY NURSING AND REHABILITATION CENTER,1321 SCENIC DRIVE,PERRYVILLE,AR,72126,"1321 SCENIC DRIVE,PERRYVILLE,AR,72126",2026-04-01,
045247,STELLA MANOR NURSING AND REHABILITATION CENTER,400 NORTH VANCOUVER AVENUE,RUSSELLVILLE,AR,72801,"400 NORTH VANCOUVER AVENUE,RUSSELLVILLE,AR,72801",2026-04-01,
045248,SOUTHFORK RIVER THERAPY AND LIVING,624 HWY 62/412 WEST,SALEM,AR,72576,"624 HWY 62/412 WEST,SALEM,AR,72576",2026-04-01,
045250,LAKE FOREST SENIOR LIVING AT MOUNTAIN HOME,300 GOOD SAMARITAN DRIVE,MOUNTAIN HOME,AR,72653,"300 GOOD SAMARITAN DRIVE,MOUNTAIN HOME,AR,72653",2026-04-01,
045254,The Blossoms at the Village Rehab & Nursing Center,1208 NORTH HIGHWAY 7,HOT SPRINGS,AR,71909,"1208 NORTH HIGHWAY 7,HOT SPRINGS,AR,71909",2026-04-01,
045256,SHERIDAN HEALTHCARE AND REHABILITATION CENTER,113 SOUTH BRIARWOOD DRIVE,SHERIDAN,AR,72150,"113 SOUTH BRIARWOOD DRIVE,SHERIDAN,AR,72150",2026-04-01,
045259,THE BLOSSOMS AT WOODLAND HILLS REHAB & NURSING CEN,8701 RILEY DRIVE,LITTLE ROCK,AR,72205,"8701 RILEY DRIVE,LITTLE ROCK,AR,72205",2026-04-01,
045266,MONTGOMERY COUNTY NURSING HOME,741 SOUTH DRIVE,MOUNT IDA,AR,71957,"741 SOUTH DRIVE,MOUNT IDA,AR,71957",2026-04-01,
045267,LEGACY HEALTH AND REHABILITATION CENTER,3310 NORTH 50TH STREET,FORT SMITH,AR,72904,"3310 NORTH 50TH STREET,FORT SMITH,AR,72904",2026-04-01,
045268,VAN BUREN HEALTHCARE AND REHABILITATION CENTER,1404 NORTH 28TH STREET,VAN BUREN,AR,72956,"1404 NORTH 28TH STREET,VAN BUREN,AR,72956",2026-04-01,
045269,THE BLOSSOMS AT STAR CITY REHAB & NURSING CENTER,702 N DREW ST,STAR CITY,AR,71667,"702 N DREW ST,STAR CITY,AR,71667",2026-04-01,
045270,ARBOR OAKS HEALTHCARE AND REHABILITATION CENTER,955 DIVISION,MALVERN,AR,72104,"955 DIVISION,MALVERN,AR,72104",2026-04-01,
045271,OAK RIDGE HEALTH AND REHABILITATION,501 HUDSON ST,EL DORADO,AR,71730,"501 HUDSON ST,EL DORADO,AR,71730",2026-04-01,
045277,THE SPRINGS OF PINE BLUFF,6301 SOUTH  HAZEL STREET,PINE BLUFF,AR,71603,"6301 SOUTH  HAZEL STREET,PINE BLUFF,AR,71603",2026-04-01,
045280,TWIN LAKES THERAPY AND LIVING,6152 HIGHWAY 202 EAST,FLIPPIN,AR,72634,"6152 HIGHWAY 202 EAST,FLIPPIN,AR,72634",2026-04-01,
045288,THE SPRINGS OF CHENAL,3115 S BOWMAN ROAD,LITTLE ROCK,AR,72211,"3115 S BOWMAN ROAD,LITTLE ROCK,AR,72211",2026-04-01,
045290,"DARDANELLE NURSING AND REHABILITATION CENTER,INC",2199 STATE HWY 7 NORTH,DARDANELLE,AR,72834,"2199 STATE HWY 7 NORTH,DARDANELLE,AR,72834",2026-04-01,
045295,THE BLOSSOMS AT BERRYVILLE REHAB &  NURSING CENTER,500 HAMMONS AVENUE,BERRYVILLE,AR,72616,"500 HAMMONS AVENUE,BERRYVILLE,AR,72616",2026-04-01,
045297,MANILA HEALTHCARE CENTER,2975 W State Highway 18,MANILA,AR,72442,"2975 W State Highway 18,MANILA,AR,72442",2026-04-01,
045300,Paris Health And Rehabilitation Center,1414 S ELM ST,PARIS,AR,72855,"1414 S ELM ST,PARIS,AR,72855",2026-04-01,
045301,OAK MANOR NURSING AND REHABILITATION CENTER INC,150 MORTON AVENUE,BOONEVILLE,AR,72927,"150 MORTON AVENUE,BOONEVILLE,AR,72927",2026-04-01,
045302,"INNISFREE HEALTH AND REHAB, LLC",301 SOUTH 24TH STREET,ROGERS,AR,72758,"301 SOUTH 24TH STREET,ROGERS,AR,72758",2026-04-01,
045306,THE SPRINGS OF HILLCREST,1421 WEST SECOND ST NORTH,PRESCOTT,AR,71857,"1421 WEST SECOND ST NORTH,PRESCOTT,AR,71857",2026-04-01,
045308,HERITAGE LIVING CENTER,1175 MORNINGSIDE DRIVE,CONWAY,AR,72034,"1175 MORNINGSIDE DRIVE,CONWAY,AR,72034",2026-04-01,
045313,THE BLOSSOMS AT CONWAY REHAB & NURSING CENTER,3501 COLLEGE AVENUE,CONWAY,AR,72034,"3501 COLLEGE AVENUE,CONWAY,AR,72034",2026-04-01,
045314,BARNES HEALTHCARE,1010 BARNES STREET,LONOKE,AR,72086,"1010 BARNES STREET,LONOKE,AR,72086",2026-04-01,
045315,LAKESIDE HEALTH AND REHAB,1207 WILLOW RUN ROAD,LAKE CITY,AR,72437,"1207 WILLOW RUN ROAD,LAKE CITY,AR,72437",2026-04-01,
045317,WOOD-LAWN HEIGHTS,2800 NEELEY STREET,BATESVILLE,AR,72501,"2800 NEELEY STREET,BATESVILLE,AR,72501",2026-04-01,
045318,CHAMBERS HEALTH AND REHABILITATION,1001 EAST PARK STREET,CARLISLE,AR,72024,"1001 EAST PARK STREET,CARLISLE,AR,72024",2026-04-01,
045322,PIONEER THERAPY AND LIVING,1506 EAST MAIN STREET,MELBOURNE,AR,72556,"1506 EAST MAIN STREET,MELBOURNE,AR,72556",2026-04-01,
045323,THE BLOSSOMS AT WHITE RIVER REHAB & NURSING CENTER,1311 NORTH PECAN ST,NEWPORT,AR,72112,"1311 NORTH PECAN ST,NEWPORT,AR,72112",2026-04-01,
045326,THE BLOSSOMS AT VAN BUREN REHAB AND NURSING CENTER,2010 MAIN STREET,VAN BUREN,AR,72956,"2010 MAIN STREET,VAN BUREN,AR,72956",2026-04-01,
045327,RIDGECREST HEALTH AND REHABILITATION,5504 E JOHNSON AVE,JONESBORO,AR,72401,"5504 E JOHNSON AVE,JONESBORO,AR,72401",2026-04-01,
045334,THE BLOSSOMS AT NEWPORT REHAB & NURSING CENTER,326 LINDLEY LANE,NEWPORT,AR,72112,"326 LINDLEY LANE,NEWPORT,AR,72112",2026-04-01,
045337,HEATHER MANOR NURSING AND REHABILITATION CENTER,400 WEST 23RD STREET,HOPE,AR,71801,"400 WEST 23RD STREET,HOPE,AR,71801",2026-04-01,
045338,QUAPAW CARE AND REHABILITATION CENTER LLC,138 BRIGHTON TERRACE,HOT SPRINGS,AR,71913,"138 BRIGHTON TERRACE,HOT SPRINGS,AR,71913",2026-04-01,
045339,ATKINS NURSING AND REHABILITATION CENTER,605 NORTHWEST 7TH STREET,ATKINS,AR,72823,"605 NORTHWEST 7TH STREET,ATKINS,AR,72823",2026-04-01,
045341,MEADOWVIEW HEALTHCARE AND REHAB,825 NORTH GASKILL,HUNTSVILLE,AR,72740,"825 NORTH GASKILL,HUNTSVILLE,AR,72740",2026-04-01,
045342,The Blossoms at Nashville Rehab and Nursing Center,810 NORTH 8TH ST,NASHVILLE,AR,71852,"810 NORTH 8TH ST,NASHVILLE,AR,71852",2026-04-01,
045343,NURSING AND REHABILITATION CENTER AT GOOD SHEPHERD,3001 ALDERSGATE ROAD,LITTLE ROCK,AR,72205,"3001 ALDERSGATE ROAD,LITTLE ROCK,AR,72205",2026-04-01,
045346,DIERKS HEALTH AND REHAB OF DIERKS,402 S ARKANSAS AVENUE,DIERKS,AR,71833,"402 S ARKANSAS AVENUE,DIERKS,AR,71833",2026-04-01,
045351,CARE MANOR NURSING AND REHAB,804 BURNETT DRIVE,MOUNTAIN HOME,AR,72653,"804 BURNETT DRIVE,MOUNTAIN HOME,AR,72653",2026-04-01,
045352,EAGLECREST NURSING AND REHAB,916 HIGHWAY 62/412,ASH FLAT,AR,72513,"916 HIGHWAY 62/412,ASH FLAT,AR,72513",2026-04-01,
045354,FIANNA HILLS NURSING AND REHABILITATION CENTER,8411 SOUTH 28TH STREET,FORT SMITH,AR,72908,"8411 SOUTH 28TH STREET,FORT SMITH,AR,72908",2026-04-01,
045356,"SILOAM HEALTHCARE, LLC",811 WEST ELGIN STREET,SILOAM SPRINGS,AR,72761,"811 WEST ELGIN STREET,SILOAM SPRINGS,AR,72761",2026-04-01,
045357,PREMIER AT THE SPRINGS,3600 RICHARDS ROAD,NORTH LITTLE ROCK,AR,72117,"3600 RICHARDS ROAD,NORTH LITTLE ROCK,AR,72117",2026-04-01,
045358,THE GREEN HOUSE COTTAGES OF HOMEWOOD,215 HOMEWOOD CIRCLE,MENA,AR,71953,"215 HOMEWOOD CIRCLE,MENA,AR,71953",2026-04-01,
045359,THE BLOSSOMS AT CUMBERLAND REHAB & NURSING CENTER,1516  CUMBERLAND ST,LITTLE ROCK,AR,72202,"1516  CUMBERLAND ST,LITTLE ROCK,AR,72202",2026-04-01,
045361,PROMENADE HEALTH AND REHABILITATION,1101 S PROMENADE BOULEVARD,ROGERS,AR,72758,"1101 S PROMENADE BOULEVARD,ROGERS,AR,72758",2026-04-01,
045363,COVINGTON COURT HEALTH AND REHABILITATION CENTER,4500 OLD GREENWOOD RD,FORT SMITH,AR,72903,"4500 OLD GREENWOOD RD,FORT SMITH,AR,72903",2026-04-01,
045364,CHAPEL RIDGE HEALTH AND REHAB,4623 ROGERS AVE,FORT SMITH,AR,72903,"4623 ROGERS AVE,FORT SMITH,AR,72903",2026-04-01,
045365,DEWITT NURSING HOME,1605 SOUTH MADISON ST,DE WITT,AR,72042,"1605 SOUTH MADISON ST,DE WITT,AR,72042",2026-04-01,
045366,HERITAGE SQUARE HEALTHCARE CENTER,710 NO RUDDLE ROAD,BLYTHEVILLE,AR,72316,"710 NO RUDDLE ROAD,BLYTHEVILLE,AR,72316",2026-04-01,
045367,WINDCREST HEALTH AND REHAB INC,2455 LOWELL ROAD,SPRINGDALE,AR,72764,"2455 LOWELL ROAD,SPRINGDALE,AR,72764",2026-04-01,
045369,MOUNTAIN MEADOWS HEALTH AND REHABILITATION,1680 BATESVILLE BOULEVARD,BATESVILLE,AR,72501,"1680 BATESVILLE BOULEVARD,BATESVILLE,AR,72501",2026-04-01,
045371,"WESTWOOD HEALTH AND REHAB, INC",802 S WEST END STREET,SPRINGDALE,AR,72764,"802 S WEST END STREET,SPRINGDALE,AR,72764",2026-04-01,
045372,THE BLOSSOMS AT WHITE HALL REHAB & NURSING CENTER,9209 DOLLARWAY ROAD,WHITE HALL,AR,71602,"9209 DOLLARWAY ROAD,WHITE HALL,AR,71602",2026-04-01,
045373,"BRADFORD HOUSE NURSING AND REHAB, LLC",1202 S E 30TH STREET,BENTONVILLE,AR,72712,"1202 S E 30TH STREET,BENTONVILLE,AR,72712",2026-04-01,
045374,ROBINSON NURSING AND REHABILITATION CENTER LLC,519 DONOVAN BRILEY BLVD.,NORTH LITTLE ROCK,AR,72118,"519 DONOVAN BRILEY BLVD.,NORTH LITTLE ROCK,AR,72118",2026-04-01,
045376,"Sherwood Nursing & Rehabilitation Center, Inc",245 Indian Bay Drive,Sherwood,AR,72120,"245 Indian Bay Drive,Sherwood,AR,72120",2026-04-01,
045377,THE GREEN HOUSE COTTAGES OF SOUTHERN HILLS,701 SOUTH MAIN STREET,RISON,AR,71665,"701 SOUTH MAIN STREET,RISON,AR,71665",2026-04-01,
045378,WOODLAND HILLS HEALTHCARE AND REHABILITATION,1320 WEST BRADEN STREET,JACKSONVILLE,AR,72076,"1320 WEST BRADEN STREET,JACKSONVILLE,AR,72076",2026-04-01,
045379,Pine Bluff Transitional Care,6810 South Hazel Street,Pine Bluff,AR,71603,"6810 South Hazel Street,Pine Bluff,AR,71603",2026-04-01,
045380,ST ELIZABETH'S PLACE,3010 MIDDLEFIELD DRIVE,JONESBORO,AR,72401,"3010 MIDDLEFIELD DRIVE,JONESBORO,AR,72401",2026-04-01,
045383,THE SPRINGS OF WALDRON,1369 WEST 6TH STREET,WALDRON,AR,72958,"1369 WEST 6TH STREET,WALDRON,AR,72958",2026-04-01,
045384,WOODBRIAR NURSING HOME,204 CATHERINE ST,HARRISBURG,AR,72432,"204 CATHERINE ST,HARRISBURG,AR,72432",2026-04-01,
045385,THE BLOSSOMS AT NORTH LITTLE ROCK  REHAB & NURSING,2501 JOHN ASHLEY DRIVE,NORTH LITTLE ROCK,AR,72114,"2501 JOHN ASHLEY DRIVE,NORTH LITTLE ROCK,AR,72114",2026-04-01,
045387,"BRIARWOOD NURSING AND REHABILITATION CENTER,INC",516 SO RODNEY PARHAM RD,LITTLE ROCK,AR,72205,"516 SO RODNEY PARHAM RD,LITTLE ROCK,AR,72205",2026-04-01,
045390,PLEASANT VALLEY REHABILITATION AND NURSING,12111 HINSON ROAD,LITTLE ROCK,AR,72212,"12111 HINSON ROAD,LITTLE ROCK,AR,72212",2026-04-01,
045391,THREE RIVERS HEALTH AND REHABILITATION CENTER,33904 HIGHWAY 63 E,MARKED TREE,AR,72365,"33904 HIGHWAY 63 E,MARKED TREE,AR,72365",2026-04-01,
045392,SPRING CREEK HEALTH & REHAB,804 N 2ND ST,CABOT,AR,72023,"804 N 2ND ST,CABOT,AR,72023",2026-04-01,
045393,ENCORE HEALTHCARE AND REHABI OF MALVERN,1820 WEST MOLINE STREET,MALVERN,AR,72104,"1820 WEST MOLINE STREET,MALVERN,AR,72104",2026-04-01,
045396,"ST JOHNS PLACE OF ARKANSAS, LLC",1400 HWY 79/167 BYPASS,FORDYCE,AR,71742,"1400 HWY 79/167 BYPASS,FORDYCE,AR,71742",2026-04-01,
045398,NORTH HILLS LIFE CARE AND REHAB,27 E APPLEBY ROAD,FAYETTEVILLE,AR,72703,"27 E APPLEBY ROAD,FAYETTEVILLE,AR,72703",2026-04-01,
045402,"HIGHLANDS OF BELLA VISTA HEALTH & REHAB, LLC",670 ROGERS ROAD,BELLA VISTA,AR,72715,"670 ROGERS ROAD,BELLA VISTA,AR,72715",2026-04-01,
045404,THE SPRINGS OF RED OAK,260 LAKEPARK DRIVE,HOT SPRINGS,AR,71901,"260 LAKEPARK DRIVE,HOT SPRINGS,AR,71901",2026-04-01,
045407,THE MAPLES AT HAR-BER MEADOWS,6456 LYNCHS PRAIRIE COVE,SPRINGDALE,AR,72762,"6456 LYNCHS PRAIRIE COVE,SPRINGDALE,AR,72762",2026-04-01,
045409,"PRAIRIE GROVE HEALTH AND REHABILITATION, LLC",621 SOUTH MOCK STREET,PRAIRIE GROVE,AR,72753,"621 SOUTH MOCK STREET,PRAIRIE GROVE,AR,72753",2026-04-01,
045410,"LEGACY HEIGHTS NURSING AND REHAB, LLC",900 WEST 12TH ST,RUSSELLVILLE,AR,72801,"900 WEST 12TH ST,RUSSELLVILLE,AR,72801",2026-04-01,
045411,SUMMIT HEALTH & REHAB CENTER,506 NORTH LONG AVENUE,TAYLOR,AR,71861,"506 NORTH LONG AVENUE,TAYLOR,AR,71861",2026-04-01,
045412,"WILLOWBEND HEALTH AND REHABILITATION, LLC",830 CANAL STREET,MARION,AR,72364,"830 CANAL STREET,MARION,AR,72364",2026-04-01,
045413,METHODIST HEALTH AND REHAB,7425 EUPER LANE,FORT SMITH,AR,72903,"7425 EUPER LANE,FORT SMITH,AR,72903",2026-04-01,
045414,OZARK HEALTH NURSING AND REHAB  CENTER,2500 HIGHWAY 65 SOUTH,CLINTON,AR,72031,"2500 HIGHWAY 65 SOUTH,CLINTON,AR,72031",2026-04-01,
045416,TIMBERLANE HEALTH & REHABILITATION,2002 TIMBERWOOD ROAD,EL DORADO,AR,71730,"2002 TIMBERWOOD ROAD,EL DORADO,AR,71730",2026-04-01,
045417,ARKANSAS VETERANS HOME AT FAYETTEVILLE,1179 NORTH COLLEGE AVENUE,FAYETTEVILLE,AR,72703,"1179 NORTH COLLEGE AVENUE,FAYETTEVILLE,AR,72703",2026-04-01,
045418,THE BLOSSOMS AT OAKDALE REHAB & NURSING CENTER,101 CYNTHIA STREET,JUDSONIA,AR,72081,"101 CYNTHIA STREET,JUDSONIA,AR,72081",2026-04-01,
045419,"ASHTON PLACE HEALTH AND REHAB, LLC",318 STROZIER LANE,BARLING,AR,72923,"318 STROZIER LANE,BARLING,AR,72923",2026-04-01,
045421,Ashley Rehabilitation and Health Care Center,2600 N 22Nd Street,Rogers,AR,72756,"2600 N 22Nd Street,Rogers,AR,72756",2026-04-01,
045422,THE LAKES AT MAUMELLE HEALTH AND REHABILITATION,103 ALEXANDRIA DRIVE,MAUMELLE,AR,72113,"103 ALEXANDRIA DRIVE,MAUMELLE,AR,72113",2026-04-01,
045427,"SHILOH NURSING AND REHAB, LLC",1092 WEST STULTZ ROAD,SPRINGDALE,AR,72764,"1092 WEST STULTZ ROAD,SPRINGDALE,AR,72764",2026-04-01,
045428,EDGEWOOD HEALTH AND REHAB,1393 E DON TYSON PARKWAY,SPRINGDALE,AR,72764,"1393 E DON TYSON PARKWAY,SPRINGDALE,AR,72764",2026-04-01,
045430,The Springs of Brinkley,1214 North Main,Brinkley,AR,72021,"1214 North Main,Brinkley,AR,72021",2026-04-01,
045431,THE SPRINGS OF PINNACLE MOUNTAIN,6411 VALLEY RANCH DRIVE,LITTLE ROCK,AR,72223,"6411 VALLEY RANCH DRIVE,LITTLE ROCK,AR,72223",2026-04-01,
045432,THE SPRINGS OF BARROW,2600  JOHN BARROW ROAD,LITTLE ROCK,AR,72204,"2600  JOHN BARROW ROAD,LITTLE ROCK,AR,72204",2026-04-01,
045434,KATHERINE'S PLACE AT WEDINGTON,4405 WEST PERSIMMON STREET,FAYETTEVILLE,AR,72704,"4405 WEST PERSIMMON STREET,FAYETTEVILLE,AR,72704",2026-04-01,
045435,"Jamestown Nursing And Rehab, LLC",2001 Hampton Place,Rogers,AR,72758,"2001 Hampton Place,Rogers,AR,72758",2026-04-01,
045436,"PRESBYTERIAN VILLAGE, INC",500 BROOKSIDE DRIVE,LITTLE ROCK,AR,72205,"500 BROOKSIDE DRIVE,LITTLE ROCK,AR,72205",2026-04-01,
045438,TRINITY VILLAGE MEDICAL CENTER,6400 TRINITY DRIVE,PINE BLUFF,AR,71603,"6400 TRINITY DRIVE,PINE BLUFF,AR,71603",2026-04-01,
045440,HARRIS HEALTH AND REHAB,287 SOUTH COUNTRY CLUB ROAD,OSCEOLA,AR,72370,"287 SOUTH COUNTRY CLUB ROAD,OSCEOLA,AR,72370",2026-04-01,
045443,RANDOLPH COUNTY NURSING HOME,500 CAMP ROAD,POCAHONTAS,AR,72455,"500 CAMP ROAD,POCAHONTAS,AR,72455",2026-04-01,
045445,LAKE HAMILTON HEALTH AND REHAB,120 PITTMAN ROAD,HOT SPRINGS,AR,71913,"120 PITTMAN ROAD,HOT SPRINGS,AR,71913",2026-04-01,
045446,THE BLOSSOMS AT WEST DIXON REHAB & NURSING CENTER,2821 W DIXON RD,LITTLE ROCK,AR,72206,"2821 W DIXON RD,LITTLE ROCK,AR,72206",2026-04-01,
045447,GREENHURST NURSING CENTER,226 SKYLER DRIVE,CHARLESTON,AR,72933,"226 SKYLER DRIVE,CHARLESTON,AR,72933",2026-04-01,
045449,"CRESTPARK MARIANNA, L L C",700 WEST CHESTNUT,MARIANNA,AR,72360,"700 WEST CHESTNUT,MARIANNA,AR,72360",2026-04-01,
045450,THE BLOSSOMS AT MIDTOWN REHAB & NURSING CENTER,5720 WEST MARKHAM STREET,LITTLE ROCK,AR,72205,"5720 WEST MARKHAM STREET,LITTLE ROCK,AR,72205",2026-04-01,
045451,Creekside at the Springs,620 Noth Panther Avenue,Yellville,AR,72687,"620 Noth Panther Avenue,Yellville,AR,72687",2026-04-01,
045453,"GREYSTONE NURSING AND REHAB, LLC",121 SPRING VALLEY ROAD,CABOT,AR,72023,"121 SPRING VALLEY ROAD,CABOT,AR,72023",2026-04-01,
045454,"MITCHELL'S NURSING HOME, INC",501 W 10TH,DANVILLE,AR,72833,"501 W 10TH,DANVILLE,AR,72833",2026-04-01,
045455,"Hickory Heights Health And Rehab, Llc",#3 CHENAL HEIGHTS DRIVE,LITTLE ROCK,AR,72223,"#3 CHENAL HEIGHTS DRIVE,LITTLE ROCK,AR,72223",2026-04-01,
045457,EVERGREEN LIVING CENTER AT STAGECOACH,6907 HIGHWAY 5 NORTH,BRYANT,AR,72022,"6907 HIGHWAY 5 NORTH,BRYANT,AR,72022",2026-04-01,
045458,The Blossoms at Breckenridge Rehab & Nursing Cente,800 BROOKSIDE DRIVE,LITTLE ROCK,AR,72205,"800 BROOKSIDE DRIVE,LITTLE ROCK,AR,72205",2026-04-01,
045460,"COLONEL GLENN HEALTH AND REHAB, LLC",13700 DAVID O DODD ROAD,LITTLE ROCK,AR,72210,"13700 DAVID O DODD ROAD,LITTLE ROCK,AR,72210",2026-04-01,
045463,"BELVEDERE NURSING AND REHABILITATION CENTER, LLC",2600 PARK AVE,HOT SPRINGS,AR,71901,"2600 PARK AVE,HOT SPRINGS,AR,71901",2026-04-01,
045464,AMBERWOOD HEALTH AND REHABILITATION,6420 ALCOA ROAD,BENTON,AR,72015,"6420 ALCOA ROAD,BENTON,AR,72015",2026-04-01,
045465,"APPLE CREEK HEALTH AND REHAB, LLC",1570 W CENTERTON BLVD,CENTERTON,AR,72719,"1570 W CENTERTON BLVD,CENTERTON,AR,72719",2026-04-01,
045470,THE BLOSSOMS AT PRESCOTT REHAB & NURSING CENTER,700 MANOR RD,PRESCOTT,AR,71857,"700 MANOR RD,PRESCOTT,AR,71857",2026-04-01,
045471,HIRAM SHADDOX HEALTH AND REHAB,1100 PINETREE LANE,MOUNTAIN HOME,AR,72653,"1100 PINETREE LANE,MOUNTAIN HOME,AR,72653",2026-04-01,
045474,THE GREEN HOUSE COTTAGES OF NORTHWEST ARKANSAS,1303 NE LEGACY PARKWAY,BENTONVILLE,AR,72712,"1303 NE LEGACY PARKWAY,BENTONVILLE,AR,72712",2026-04-01,
045477,"MONETTE MANOR, LLC",669 HWY 139 NORTH,MONETTE,AR,72447,"669 HWY 139 NORTH,MONETTE,AR,72447",2026-04-01,
045479,"BROOKEN HILL HEALTH AND REHAB, LLC",9000 HWY 71 SOUTH,FORT SMITH,AR,72908,"9000 HWY 71 SOUTH,FORT SMITH,AR,72908",2026-04-01,
045480,QUAIL RUN HEALTH AND REHAB,100 COMMERCE DRIVE,TRUMANN,AR,72472,"100 COMMERCE DRIVE,TRUMANN,AR,72472",2026-04-01,
045481,CRAIGHEAD NURSING CENTER,5101 HARRISBURG RD,JONESBORO,AR,72404,"5101 HARRISBURG RD,JONESBORO,AR,72404",2026-04-01,
04E262,"MURFREESBORO REHAB AND NURSING, INC",110 W 13TH STREET,MURFREESBORO,AR,71958,"110 W 13TH STREET,MURFREESBORO,AR,71958",2026-04-01,
055003,"EUREKA REHABILITATION & WELLNESS CENTER, LP",2353 TWENTY THIRD ST,EUREKA,CA,95501,"2353 TWENTY THIRD ST,EUREKA,CA,95501",2026-04-01,
055008,EDGEMOOR HOSPITAL,655 PARK CENTER DRIVE,SANTEE,CA,92071,"655 PARK CENTER DRIVE,SANTEE,CA,92071",2026-04-01,
055013,EISENBERG VILLAGE,18855 VICTORY BL,RESEDA,CA,91335,"18855 VICTORY BL,RESEDA,CA,91335",2026-04-01,
055022,Mary Health of the Sick Convalescent & Nursing Hos,2929 Theresa Drive,Newbury Park,CA,91320,"2929 Theresa Drive,Newbury Park,CA,91320",2026-04-01,
055032,THE EARLWOOD,20820 EARL STREET,TORRANCE,CA,90503,"20820 EARL STREET,TORRANCE,CA,90503",2026-04-01,
055034,MOTION PICTURE AND T.V. HOSP D/P SNF,23388 MULHOLLAND DR.,WOODLAND HILLS,CA,91364,"23388 MULHOLLAND DR.,WOODLAND HILLS,CA,91364",2026-04-01,
055036,Maple Healthcare Center,2625 MAPLE AVE.,LOS ANGELES,CA,90011,"2625 MAPLE AVE.,LOS ANGELES,CA,90011",2026-04-01,
055041,The Beach Post-Acute,2725 PACIFIC AVENUE,LONG BEACH,CA,90806,"2725 PACIFIC AVENUE,LONG BEACH,CA,90806",2026-04-01,
055052,CALIFORNIA POST-ACUTE CARE,3615 E. IMPERIAL HIWY,LYNWOOD,CA,90262,"3615 E. IMPERIAL HIWY,LYNWOOD,CA,90262",2026-04-01,
055060,WESTWOOD POST ACUTE CARE,12121 SANTA MONICA BOULEVARD,LOS ANGELES,CA,90025,"12121 SANTA MONICA BOULEVARD,LOS ANGELES,CA,90025",2026-04-01,
055064,COTTONWOOD CANYON HEALTHCARE CENTER,1391 MADISON AVENUE,EL CAJON,CA,92021,"1391 MADISON AVENUE,EL CAJON,CA,92021",2026-04-01,
055070,SEACREST POST-ACUTE CARE  CENTER,1416 WEST 6TH STREET,SAN PEDRO,CA,90732,"1416 WEST 6TH STREET,SAN PEDRO,CA,90732",2026-04-01,
055070,SEACREST POST-ACUTE CARE  CENTER,1416 WEST 6TH STREET,SAN PEDRO,CA,90732,"1416 WEST 6TH STREET,SAN PEDRO,CA,90732",2026-04-01,
055072,ROSECRANS CARE CENTER,1140 WEST ROSECRANS AVENUE,GARDENA,CA,90247,"1140 WEST ROSECRANS AVENUE,GARDENA,CA,90247",2026-04-01,
055072,ROSECRANS CARE CENTER,1140 WEST ROSECRANS AVENUE,GARDENA,CA,90247,"1140 WEST ROSECRANS AVENUE,GARDENA,CA,90247",2026-04-01,
055076,Spring Valley Post Acute LLC,14973 Hesperia Rd,Victorville,CA,92395,"14973 Hesperia Rd,Victorville,CA,92395",2026-04-01,
055076,Spring Valley Post Acute LLC,14973 Hesperia Rd,Victorville,CA,92395,"14973 Hesperia Rd,Victorville,CA,92395",2026-04-01,
055077,CORAL COVE POST ACUTE,1730 GRAND AVE,LONG BEACH,CA,90804,"1730 GRAND AVE,LONG BEACH,CA,90804",2026-04-01,
055077,CORAL COVE POST ACUTE,1730 GRAND AVE,LONG BEACH,CA,90804,"1730 GRAND AVE,LONG BEACH,CA,90804",2026-04-01,
055078,PARKWAY HILLS NURSING & REHABILITATION,7760 PARKWAY DRIVE,LA MESA,CA,91942,"7760 PARKWAY DRIVE,LA MESA,CA,91942",2026-04-01,
055079,Mission View Health Center,1425 Woodside Drive,San Luis Obispo,CA,93401,"1425 Woodside Drive,San Luis Obispo,CA,93401",2026-04-01,
055084,RIVERBANK POST-ACUTE,2649 TOPEKA STREET,RIVERBANK,CA,95367,"2649 TOPEKA STREET,RIVERBANK,CA,95367",2026-04-01,
055092,YUBA CITY POST ACUTE,1220 PLUMAS ST,YUBA CITY,CA,95991,"1220 PLUMAS ST,YUBA CITY,CA,95991",2026-04-01,
055099,Creekside Healthcare Center,1900 CHURCH LANE,SAN PABLO,CA,94806,"1900 CHURCH LANE,SAN PABLO,CA,94806",2026-04-01,
055104,SUNSET MANOR CONV HOSP,2720 NEVADA AVENUE,EL MONTE,CA,91733,"2720 NEVADA AVENUE,EL MONTE,CA,91733",2026-04-01,
055107,BANCROFT HEALTHCARE CENTER,1475 BANCROFT AVENUE,SAN LEANDRO,CA,94577,"1475 BANCROFT AVENUE,SAN LEANDRO,CA,94577",2026-04-01,
055109,DRIFTWOOD HEALTHCARE CENTER - SANTA CRUZ,675 24TH AVENUE,SANTA CRUZ,CA,95062,"675 24TH AVENUE,SANTA CRUZ,CA,95062",2026-04-01,
055111,FOUNTAIN VIEW SUBACUTE AND NURSING CENTER,5310 FOUNTAIN AVE,LOS ANGELES,CA,90029,"5310 FOUNTAIN AVE,LOS ANGELES,CA,90029",2026-04-01,
055114,Arbor Hills Nursing Center,7800 PARKWAY DRIVE,LA MESA,CA,91942,"7800 PARKWAY DRIVE,LA MESA,CA,91942",2026-04-01,
055115,HOLLENBECK PALMS,573 S. BOYLE AVE.,LOS ANGELES,CA,90033,"573 S. BOYLE AVE.,LOS ANGELES,CA,90033",2026-04-01,
055116,LINDA MAR CARE CENTER,751 SAN PEDRO TERRACE ROAD,PACIFICA,CA,94044,"751 SAN PEDRO TERRACE ROAD,PACIFICA,CA,94044",2026-04-01,
055119,WEST PICO TERRACE HEALTHCARE & WELLNESS CENTRE LP,6070 W. PICO BOULEVARD,LOS ANGELES,CA,90035,"6070 W. PICO BOULEVARD,LOS ANGELES,CA,90035",2026-04-01,
055121,PELICAN RIDGE POST ACUTE,466 FLAGSHIP ROAD,NEWPORT BEACH,CA,92663,"466 FLAGSHIP ROAD,NEWPORT BEACH,CA,92663",2026-04-01,
055123,BEACHSIDE POST ACUTE,3294 SANTA FE AVENUE,LONG BEACH,CA,90810,"3294 SANTA FE AVENUE,LONG BEACH,CA,90810",2026-04-01,
055126,CHINO VALLEY HEALTH CARE CENTE,2351 S TOWNE AVENUE,POMONA,CA,91766,"2351 S TOWNE AVENUE,POMONA,CA,91766",2026-04-01,
055135,MONTROSE HEALTHCARE CENTER,2123 VERDUGO BLVD.,MONTROSE,CA,91020,"2123 VERDUGO BLVD.,MONTROSE,CA,91020",2026-04-01,
055136,BERKLEY WEST HEALTHCARE CENTER,1623 ARIZONA AVENUE,SANTA MONICA,CA,90404,"1623 ARIZONA AVENUE,SANTA MONICA,CA,90404",2026-04-01,
055142,MAGNOLIA GARDENS CONVALESCENT HOSPITAL,17922 SAN FERNANDO MISSION RD,GRANADA HILLS,CA,91344,"17922 SAN FERNANDO MISSION RD,GRANADA HILLS,CA,91344",2026-04-01,
055146,NORTH VALLEY NURSING CENTER,7660 WYNGATE ST,TUJUNGA,CA,91042,"7660 WYNGATE ST,TUJUNGA,CA,91042",2026-04-01,
055150,DIABLO VALLEY POST ACUTE,3806 CLAYTON ROAD,CONCORD,CA,94521,"3806 CLAYTON ROAD,CONCORD,CA,94521",2026-04-01,
055153,MONTEBELLO CARE CENTER,1035 W BEVERLY BLVD,MONTEBELLO,CA,90640,"1035 W BEVERLY BLVD,MONTEBELLO,CA,90640",2026-04-01,
055155,OCEAN POINTE HEALTHCARE CENTER,1330 17TH STREET,SANTA MONICA,CA,90404,"1330 17TH STREET,SANTA MONICA,CA,90404",2026-04-01,
055156,ST PAUL'S TOWERS,100 BAY PLACE,OAKLAND,CA,94610,"100 BAY PLACE,OAKLAND,CA,94610",2026-04-01,
055157,VIRGIL REHABILITATION & SKILLED NURSING CENTER,975 NORTH VIRGIL AVENUE,LOS ANGELES,CA,90029,"975 NORTH VIRGIL AVENUE,LOS ANGELES,CA,90029",2026-04-01,
055160,"PAVILION ON PICO HEALTHCARE & WELLNESS CENTRE, LP",5916 W. PICO BOULEVARD,LOS ANGELES,CA,90035,"5916 W. PICO BOULEVARD,LOS ANGELES,CA,90035",2026-04-01,
055162,MONTEREY PARK CONV HOSP,416 N GARFIELD AVE,MONTEREY PARK,CA,91754,"416 N GARFIELD AVE,MONTEREY PARK,CA,91754",2026-04-01,
055163,"MONTECITO HEIGHTS HEALTHCARE & WELLNESS CENTRE, LP",4585 N. FIGUEROA ST.,LOS ANGELES,CA,90065,"4585 N. FIGUEROA ST.,LOS ANGELES,CA,90065",2026-04-01,
055167,VERNON HEALTHCARE CENTER,1037 W. VERNON AVENUE,LOS ANGELES,CA,90037,"1037 W. VERNON AVENUE,LOS ANGELES,CA,90037",2026-04-01,
055168,SOCAL POST-ACUTE CARE,7931 S. SORENSON AVE.,WHITTIER,CA,90606,"7931 S. SORENSON AVE.,WHITTIER,CA,90606",2026-04-01,
055169,JEWISH HOME & REHAB CENTER D/P SNF,302 SILVER AVENUE,SAN FRANCISCO,CA,94112,"302 SILVER AVENUE,SAN FRANCISCO,CA,94112",2026-04-01,
055175,LAWTON SKILLED NURSING & REHABILITATION CENTER,1575 7TH AVENUE,SAN FRANCISCO,CA,94122,"1575 7TH AVENUE,SAN FRANCISCO,CA,94122",2026-04-01,
055181,SAN GABRIEL CONV CENTER,8035 E HILL DRIVE,ROSEMEAD,CA,91770,"8035 E HILL DRIVE,ROSEMEAD,CA,91770",2026-04-01,
055182,LEMON GROVE CARE AND REHABILITATION CENTER,8351 BROADWAY,LEMON GROVE,CA,91945,"8351 BROADWAY,LEMON GROVE,CA,91945",2026-04-01,
055187,GARDEN VIEW POST ACUTE REHABILITATION,14475 GARDEN VIEW LANE,BALDWIN PARK,CA,91706,"14475 GARDEN VIEW LANE,BALDWIN PARK,CA,91706",2026-04-01,
055188,BROOKSIDE SKILLED NURSING HOSPITAL,2620 FLORES STREET,SAN MATEO,CA,94403,"2620 FLORES STREET,SAN MATEO,CA,94403",2026-04-01,
055192,PROVIDENCE ST ELIZABETH CARE CENTER,10425 MAGNOLIA BLVD,NORTH HOLLYWOOD,CA,91601,"10425 MAGNOLIA BLVD,NORTH HOLLYWOOD,CA,91601",2026-04-01,
055196,MARYCREST MANOR,10664 ST. JAMES DRIVE,CULVER CITY,CA,90230,"10664 ST. JAMES DRIVE,CULVER CITY,CA,90230",2026-04-01,
055199,HORIZON HEALTH & SUBACUTE CENTER,3034 E HERNDON,FRESNO,CA,93720,"3034 E HERNDON,FRESNO,CA,93720",2026-04-01,
055201,OAK GROVE POST ACUTE,4545 SHELLEY COURT,STOCKTON,CA,95207,"4545 SHELLEY COURT,STOCKTON,CA,95207",2026-04-01,
055203,SUNNY VILLAGE CARE CENTER,1428 S. MARENGO AVE.,ALHAMBRA,CA,91803,"1428 S. MARENGO AVE.,ALHAMBRA,CA,91803",2026-04-01,
055204,OAKWOOD GARDENS CARE CENTER,3510 EAST SHIELDS,FRESNO,CA,93726,"3510 EAST SHIELDS,FRESNO,CA,93726",2026-04-01,
055206,PLAZA HEALTHCARE CENTER,1209 HEMLOCK WAY,SANTA ANA,CA,92707,"1209 HEMLOCK WAY,SANTA ANA,CA,92707",2026-04-01,
055208,"SEAVIEW REHABILITATION & WELLNESS CENTER, LP",6400 PURDUE DRIVE,EUREKA,CA,95503,"6400 PURDUE DRIVE,EUREKA,CA,95503",2026-04-01,
055210,THE TERRACES AT LOS ALTOS HEALTH FACILITY,373 PINE LANE,LOS ALTOS,CA,94022,"373 PINE LANE,LOS ALTOS,CA,94022",2026-04-01,
055211,IDYLWOOD CARE CENTER,1002 W. FREMONT AVENUE,SUNNYVALE,CA,94087,"1002 W. FREMONT AVENUE,SUNNYVALE,CA,94087",2026-04-01,
055213,Rialto Post Acute Center,1471 S Riverside Ave,Rialto,CA,92376,"1471 S Riverside Ave,Rialto,CA,92376",2026-04-01,
055215,OAKLAND HEALTHCARE & WELLNESS CENTER,3030 WEBSTER STREET,OAKLAND,CA,94609,"3030 WEBSTER STREET,OAKLAND,CA,94609",2026-04-01,
055223,SAN JACINTO VALLEY POST ACUTE,275 NORTH SAN JACINTO STREET,HEMET,CA,92543,"275 NORTH SAN JACINTO STREET,HEMET,CA,92543",2026-04-01,
055239,EAST BAY POST-ACUTE,20259 LAKE CHABOT ROAD,CASTRO VALLEY,CA,94546,"20259 LAKE CHABOT ROAD,CASTRO VALLEY,CA,94546",2026-04-01,
055240,WATSONVILLE NURSING CENTER,535 AUTO CENTER DRIVE,WATSONVILLE,CA,95076,"535 AUTO CENTER DRIVE,WATSONVILLE,CA,95076",2026-04-01,
055241,WILLOW PASS HEALTHCARE CENTER,3318 WILLOW PASS ROAD,CONCORD,CA,94519,"3318 WILLOW PASS ROAD,CONCORD,CA,94519",2026-04-01,
055247,COUNTRY OAKS CARE CENTER,215 W PEARL ST,POMONA,CA,91768,"215 W PEARL ST,POMONA,CA,91768",2026-04-01,
055249,MERCED NURSING & REHABILITATION CTR,510 WEST 26TH STREET,MERCED,CA,95340,"510 WEST 26TH STREET,MERCED,CA,95340",2026-04-01,
055252,"ORANGE HEALTHCARE & WELLNESS CENTRE, LLC",920 WEST LA VETA STREET,ORANGE,CA,92868,"920 WEST LA VETA STREET,ORANGE,CA,92868",2026-04-01,
055253,ST. JOHN OF GOD RETIREMENT,2468 SOUTH ST ANDREWS PLACE,LOS ANGELES,CA,90018,"2468 SOUTH ST ANDREWS PLACE,LOS ANGELES,CA,90018",2026-04-01,
055255,CORONA HEALTH CARE CENTER,1400 CIRCLE CITY DRIVE,CORONA,CA,92879,"1400 CIRCLE CITY DRIVE,CORONA,CA,92879",2026-04-01,
055256,Lompoc Valley Medical Center Comprehensive Care Ce,216 North Third Street,Lompoc,CA,93436,"216 North Third Street,Lompoc,CA,93436",2026-04-01,
055258,Community Subacute and Transitional Care Center,3003 N MARIPOSA,FRESNO,CA,93703,"3003 N MARIPOSA,FRESNO,CA,93703",2026-04-01,
055259,MONROVIA POST ACUTE,1220 E. HUNTINGTON DRIVE,DUARTE,CA,91010,"1220 E. HUNTINGTON DRIVE,DUARTE,CA,91010",2026-04-01,
055261,PILGRIM PLACE HEALTH SERVICES CENTER,721 HARRISON AVE,CLAREMONT,CA,91711,"721 HARRISON AVE,CLAREMONT,CA,91711",2026-04-01,
055262,LOMITA POST-ACUTE CARE CENTER,1955  LOMITA BLVD,LOMITA,CA,90717,"1955  LOMITA BLVD,LOMITA,CA,90717",2026-04-01,
055268,SONOMA POST ACUTE,678 2ND STREET WEST,SONOMA,CA,95476,"678 2ND STREET WEST,SONOMA,CA,95476",2026-04-01,
055271,LA SIERRA CARE CENTER,2424 M STREET,MERCED,CA,95340,"2424 M STREET,MERCED,CA,95340",2026-04-01,
055276,MISSION VALLEY POST ACUTE,2400 PARKSIDE DRIVE,FREMONT,CA,94536,"2400 PARKSIDE DRIVE,FREMONT,CA,94536",2026-04-01,
055280,CENTRAL GARDENS POST ACUTE,1355 ELLIS STREET,SAN FRANCISCO,CA,94115,"1355 ELLIS STREET,SAN FRANCISCO,CA,94115",2026-04-01,
055283,JOHN C. FREMONT HEALTHCARE DISTRICT DP/SNF,5189 HOSPITAL ROAD,MARIPOSA,CA,95338,"5189 HOSPITAL ROAD,MARIPOSA,CA,95338",2026-04-01,
055287,VALLEY PALMS CARE CENTER,13400 SHERMAN WAY,N HOLLYWOOD,CA,91605,"13400 SHERMAN WAY,N HOLLYWOOD,CA,91605",2026-04-01,
055288,AUTUMN HILLS HEALTH CARE CENTER,430 N.GLENDALE AVE,GLENDALE,CA,91206,"430 N.GLENDALE AVE,GLENDALE,CA,91206",2026-04-01,
055289,LODI CREEK POST ACUTE,321 WEST TURNER ROAD,LODI,CA,95240,"321 WEST TURNER ROAD,LODI,CA,95240",2026-04-01,
055292,SHIELDS RICHMOND NURSING CENTER,1919 CUTTING BLVD,RICHMOND,CA,94804,"1919 CUTTING BLVD,RICHMOND,CA,94804",2026-04-01,
055293,SANTA ANITA CONVALESCENT HOSPITAL,5522 GRACEWOOD AVE.,TEMPLE CITY,CA,91780,"5522 GRACEWOOD AVE.,TEMPLE CITY,CA,91780",2026-04-01,
055296,CEDARWOOD POST ACUTE,1090 RIO LANE,SACRAMENTO,CA,95822,"1090 RIO LANE,SACRAMENTO,CA,95822",2026-04-01,
055297,THE SPRINGS POST-ACUTE,10625 LEFFINGWELL ROAD,NORWALK,CA,90650,"10625 LEFFINGWELL ROAD,NORWALK,CA,90650",2026-04-01,
055299,Loma Linda Post Acute,25383 Cole Street,Loma Linda,CA,92354,"25383 Cole Street,Loma Linda,CA,92354",2026-04-01,
055304,BROOKSIDE CARE CENTER,1221 ROSEMARIE LANE,STOCKTON,CA,95207,"1221 ROSEMARIE LANE,STOCKTON,CA,95207",2026-04-01,
055307,"Desert Canyon Post Acute, LLC",1642 WEST AVENUE J,LANCASTER,CA,93534,"1642 WEST AVENUE J,LANCASTER,CA,93534",2026-04-01,
055308,Elk Grove Post Acute,9461 Batey Avenue,Elk Grove,CA,95624,"9461 Batey Avenue,Elk Grove,CA,95624",2026-04-01,
055315,CAMINO RIDGE POST-ACUTE,1949 GRANT ROAD,MOUNTAIN VIEW,CA,94040,"1949 GRANT ROAD,MOUNTAIN VIEW,CA,94040",2026-04-01,
055316,MOUNTAIN VIEW HEALTHCARE CENTER,2530 SOLACE PLACE,MOUNTAIN VIEW,CA,94040,"2530 SOLACE PLACE,MOUNTAIN VIEW,CA,94040",2026-04-01,
055318,SKYLINE HEALTHCARE CENTER - SAN JOSE,2065 FOREST AVENUE,SAN JOSE,CA,95128,"2065 FOREST AVENUE,SAN JOSE,CA,95128",2026-04-01,
055328,UNIVERSITY CARE CENTER,5602 UNIVERSITY AVE,SAN DIEGO,CA,92105,"5602 UNIVERSITY AVE,SAN DIEGO,CA,92105",2026-04-01,
055330,ADVANCED REHAB CENTER OF TUSTIN,2210 E. FIRST STREET,SANTA ANA,CA,92705,"2210 E. FIRST STREET,SANTA ANA,CA,92705",2026-04-01,
055331,"SAN RAFAEL HEALTHCARE & WELLNESS CENTER, LP",1601 5TH AVENUE,SAN RAFAEL,CA,94901,"1601 5TH AVENUE,SAN RAFAEL,CA,94901",2026-04-01,
055335,LA PALOMA HEALTHCARE CENTER,3232 THUNDER DRIVE,OCEANSIDE,CA,92056,"3232 THUNDER DRIVE,OCEANSIDE,CA,92056",2026-04-01,
055338,SAGE POST ACUTE,1832 B STREET,HAYWARD,CA,94541,"1832 B STREET,HAYWARD,CA,94541",2026-04-01,
055341,Pasadena Palace TCU,716 SOUTH FAIR OAKS AVE,PASADENA,CA,91105,"716 SOUTH FAIR OAKS AVE,PASADENA,CA,91105",2026-04-01,
055342,"Thousand Oaks Post Acute, LLC",93 West Avenida De Los Arboles,Thousand Oaks,CA,91360,"93 West Avenida De Los Arboles,Thousand Oaks,CA,91360",2026-04-01,
055356,OCEANVIEW POST ACUTE,200 LIGHTHOUSE AVENUE,PACIFIC GROVE,CA,93950,"200 LIGHTHOUSE AVENUE,PACIFIC GROVE,CA,93950",2026-04-01,
055360,OAKPARK HEALTHCARE CENTER,9166 TUJUNGA CANYON BLVD,TUJUNGA,CA,91042,"9166 TUJUNGA CANYON BLVD,TUJUNGA,CA,91042",2026-04-01,
055361,VISTA PACIFICA CONVALESCENT HOSPITAL,3662 PACIFIC AVENUE,JURUPA VALLEY,CA,92509,"3662 PACIFIC AVENUE,JURUPA VALLEY,CA,92509",2026-04-01,
055372,VALLEY VIEW POST ACUTE,3111 SANTA ANITA AVE,EL MONTE,CA,91733,"3111 SANTA ANITA AVE,EL MONTE,CA,91733",2026-04-01,
055387,EDGEWATER SKILLED NURSING CENTER,2625 EAST FOURTH STREET,LONG BEACH,CA,90814,"2625 EAST FOURTH STREET,LONG BEACH,CA,90814",2026-04-01,
055388,SAN JOSE HEALTHCARE & WELLNESS CENTER,75 N. 13TH STREET,SAN JOSE,CA,95112,"75 N. 13TH STREET,SAN JOSE,CA,95112",2026-04-01,
055394,CLAREMONT CARE CENTER,219 E. FOOTHILL BLVD,POMONA,CA,91767,"219 E. FOOTHILL BLVD,POMONA,CA,91767",2026-04-01,
055401,MEADOWBROOK POST ACUTE,461 E. JOHNSTON AVENUE,HEMET,CA,92543,"461 E. JOHNSTON AVENUE,HEMET,CA,92543",2026-04-01,
055402,River City Post Acute,2540 CARMICHAEL WAY,CARMICHAEL,CA,95608,"2540 CARMICHAEL WAY,CARMICHAEL,CA,95608",2026-04-01,
055408,BELLFLOWER POST ACUTE,9710 E. ARTESIA AVE,BELLFLOWER,CA,90706,"9710 E. ARTESIA AVE,BELLFLOWER,CA,90706",2026-04-01,
055409,COMMUNITY CARE AND REHABILITATION CENTER,4070 JURUPA AVENUE,RIVERSIDE,CA,92506,"4070 JURUPA AVENUE,RIVERSIDE,CA,92506",2026-04-01,
055410,BRIGHTON POST ACUTE,361 E. GRANGEVILLE BLVD,HANFORD,CA,93230,"361 E. GRANGEVILLE BLVD,HANFORD,CA,93230",2026-04-01,
055412,VACAVILLE RANCH POST ACUTE,101 S ORCHARD AVE,VACAVILLE,CA,95688,"101 S ORCHARD AVE,VACAVILLE,CA,95688",2026-04-01,
055417,SAYLOR LANE HEALTHCARE CENTER,3500 FOLSOM BOULEVARD,SACRAMENTO,CA,95816,"3500 FOLSOM BOULEVARD,SACRAMENTO,CA,95816",2026-04-01,
055423,"MANNING GARDENS CARE CENTER, INC",2113 E. MANNING AVENUE,FRESNO,CA,93725,"2113 E. MANNING AVENUE,FRESNO,CA,93725",2026-04-01,
055430,WHITTIER HILLS HEALTH CARE CTR,10426 BOGARDUS AVE,WHITTIER,CA,90603,"10426 BOGARDUS AVE,WHITTIER,CA,90603",2026-04-01,
055434,HAYWARD GARDENS POST ACUTE,1628 B STREET,HAYWARD,CA,94541,"1628 B STREET,HAYWARD,CA,94541",2026-04-01,
055435,THE VILLAS AT SARATOGA SKILLED NSG & ASSISTED LVG,20400 SARATOGA-LOS GATOS RD,SARATOGA,CA,95070,"20400 SARATOGA-LOS GATOS RD,SARATOGA,CA,95070",2026-04-01,
055438,THE GROVE POST-ACUTE,124 WALNUT STREET,WOODLAND,CA,95695,"124 WALNUT STREET,WOODLAND,CA,95695",2026-04-01,
055441,IVY CREEK HEALTHCARE & WELLNESS CENTRE,115 BRIDGE ST.,SAN GABRIEL,CA,91775,"115 BRIDGE ST.,SAN GABRIEL,CA,91775",2026-04-01,
055443,WEST VALLEY POST ACUTE,7057 SHOUP AVE,WEST HILLS,CA,91307,"7057 SHOUP AVE,WEST HILLS,CA,91307",2026-04-01,
055446,ROCK CREEK CARE CENTER,260 RACETRACK STREET,AUBURN,CA,95603,"260 RACETRACK STREET,AUBURN,CA,95603",2026-04-01,
055448,DINUBA HEALTHCARE,1730 SOUTH COLLEGE AVE.,DINUBA,CA,93618,"1730 SOUTH COLLEGE AVE.,DINUBA,CA,93618",2026-04-01,
055449,COVINA REHABILITATION CENTER,261 W. BADILLO STREET,COVINA,CA,91723,"261 W. BADILLO STREET,COVINA,CA,91723",2026-04-01,
055457,INTERCOMMUNITY HEALTHCARE & REHABILITATION CENTER,12627 STUDEBAKER ROAD,NORWALK,CA,90650,"12627 STUDEBAKER ROAD,NORWALK,CA,90650",2026-04-01,
055462,HAZEL HAWKINS MEMORIAL HOSPITAL D/P SNF,911 SUNSET DRIVE,HOLLISTER,CA,95023,"911 SUNSET DRIVE,HOLLISTER,CA,95023",2026-04-01,
055473,NEW VISTA POST-ACUTE CARE CENTER,1516 SAWTELLE BLVD.,LOS ANGELES,CA,90025,"1516 SAWTELLE BLVD.,LOS ANGELES,CA,90025",2026-04-01,
055474,WOODCREST POST ACUTE & REHABILITATION,8133 MAGNOLIA AVENUE,RIVERSIDE,CA,92504,"8133 MAGNOLIA AVENUE,RIVERSIDE,CA,92504",2026-04-01,
055475,MAIN WEST POSTACUTE CARE,812 WEST MAIN STREET,TURLOCK,CA,95380,"812 WEST MAIN STREET,TURLOCK,CA,95380",2026-04-01,
055480,THE CALIFORNIAN PASADENA HEALTHCARE,120 BELLEFONTAINE STREET,PASADENA,CA,91105,"120 BELLEFONTAINE STREET,PASADENA,CA,91105",2026-04-01,
055488,LA MESA HEALTHCARE CENTER,3780 MASSACHUSETTS AVENUE,LA MESA,CA,91941,"3780 MASSACHUSETTS AVENUE,LA MESA,CA,91941",2026-04-01,
055489,SHASTA VIEW CARE CENTER,1795 WALNUT STREET,RED BLUFF,CA,96080,"1795 WALNUT STREET,RED BLUFF,CA,96080",2026-04-01,
055491,OAK RIDGE HEALTHCARE CENTER,310 OAK RIDGE DRIVE,ROSEVILLE,CA,95661,"310 OAK RIDGE DRIVE,ROSEVILLE,CA,95661",2026-04-01,
055493,MID-TOWN OAKS POST-ACUTE,2600 L STREET,SACRAMENTO,CA,95816,"2600 L STREET,SACRAMENTO,CA,95816",2026-04-01,
055499,ROCKY POINT CARE CENTER,625 16TH STREET,LAKEPORT,CA,95453,"625 16TH STREET,LAKEPORT,CA,95453",2026-04-01,
055500,Valley Vista Post Acute,1025 W. SECOND AVENUE,ESCONDIDO,CA,92025,"1025 W. SECOND AVENUE,ESCONDIDO,CA,92025",2026-04-01,
055504,"OVERLAND TERRACE HEALTHCARE & WELLNESS CENTRE, LP",3515 OVERLAND AVENUE,LOS ANGELES,CA,90034,"3515 OVERLAND AVENUE,LOS ANGELES,CA,90034",2026-04-01,
055508,JACOB HEALTHCARE CENTER,4075 54TH ST.,SAN DIEGO,CA,92105,"4075 54TH ST.,SAN DIEGO,CA,92105",2026-04-01,
055510,REDDING POST ACUTE,1836 GOLD STREET,REDDING,CA,96001,"1836 GOLD STREET,REDDING,CA,96001",2026-04-01,
055512,WOLF CREEK CARE CENTER,107 CATHERINE LANE,GRASS VALLEY,CA,95945,"107 CATHERINE LANE,GRASS VALLEY,CA,95945",2026-04-01,
055516,CHICO TERRACE CARE CENTER,188 COHASSET LANE,CHICO,CA,95926,"188 COHASSET LANE,CHICO,CA,95926",2026-04-01,
055517,WOODLANDS HEALTHCARE CENTER,14966 TERRENO DE FLORES LANE,LOS GATOS,CA,95032,"14966 TERRENO DE FLORES LANE,LOS GATOS,CA,95032",2026-04-01,
055518,NEWPORT NURSING AND REHABILITATION CENTER,1555 SUPERIOR AVENUE,NEWPORT BEACH,CA,92663,"1555 SUPERIOR AVENUE,NEWPORT BEACH,CA,92663",2026-04-01,
055525,CRENSHAW NURSING HOME,1900 S LONGWOOD AVE,LOS ANGELES,CA,90016,"1900 S LONGWOOD AVE,LOS ANGELES,CA,90016",2026-04-01,
055526,INGLEWOOD HEALTH CARE CENTER,100 S. HILLCREST BLVD,INGLEWOOD,CA,90301,"100 S. HILLCREST BLVD,INGLEWOOD,CA,90301",2026-04-01,
055527,LOS PALOS POST-ACUTE CARE CENTER,1430 WEST  6TH STREET,SAN PEDRO,CA,90732,"1430 WEST  6TH STREET,SAN PEDRO,CA,90732",2026-04-01,
055538,BONNIE BRAE SKILLED NURSING,420 SOUTH BONNIE BRAE ST.,LOS ANGELES,CA,90057,"420 SOUTH BONNIE BRAE ST.,LOS ANGELES,CA,90057",2026-04-01,
055539,ARTESIA CHRISTIAN HOME INC.,11614 E. 183RD ST,ARTESIA,CA,90701,"11614 E. 183RD ST,ARTESIA,CA,90701",2026-04-01,
055540,SANTA MONICA HEALTH CARE CENTER,1320 20TH STREET,SANTA MONICA,CA,90404,"1320 20TH STREET,SANTA MONICA,CA,90404",2026-04-01,
055541,ROYAL TERRACE HEALTHCARE,1340 HIGHLAND AVE.,DUARTE,CA,91010,"1340 HIGHLAND AVE.,DUARTE,CA,91010",2026-04-01,
055544,HARVARD CREEK POST ACUTE,519 W. BADILLO ST.,COVINA,CA,91722,"519 W. BADILLO ST.,COVINA,CA,91722",2026-04-01,
055548,PASADENA PARK HEALTHCARE AND WELLNESS CENTER,2585 E. WASHINGTON BLVD.,PASADENA,CA,91107,"2585 E. WASHINGTON BLVD.,PASADENA,CA,91107",2026-04-01,
055557,Creekside Post Acute,35253 Avenue H,Yucaipa,CA,92399,"35253 Avenue H,Yucaipa,CA,92399",2026-04-01,
055559,BAY CREST CARE CENTER,3750 GARNET STREET,TORRANCE,CA,90503,"3750 GARNET STREET,TORRANCE,CA,90503",2026-04-01,
055562,NILES CANYON POST ACUTE,38650 MISSION BOULEVARD,FREMONT,CA,94536,"38650 MISSION BOULEVARD,FREMONT,CA,94536",2026-04-01,
055565,Waterman Canyon Post Acute,1850 N. Waterman Ave.,San Bernardino,CA,92404,"1850 N. Waterman Ave.,San Bernardino,CA,92404",2026-04-01,
055568,SIERRA VALLEY REHAB CENTER,301 WEST PUTNAM,PORTERVILLE,CA,93257,"301 WEST PUTNAM,PORTERVILLE,CA,93257",2026-04-01,
055570,ST ELIZABETH HEALTHCARE CENTER,2800 N. HARBOR BLVD.,FULLERTON,CA,92835,"2800 N. HARBOR BLVD.,FULLERTON,CA,92835",2026-04-01,
055571,BUENA PARK NURSING CENTER,8520 WESTERN AVENUE,BUENA PARK,CA,90620,"8520 WESTERN AVENUE,BUENA PARK,CA,90620",2026-04-01,
055573,Kingsburg Center,1101 STROUD AVE,KINGSBURG,CA,93631,"1101 STROUD AVE,KINGSBURG,CA,93631",2026-04-01,
055585,CAPISTRANO BEACH CARE CENTER,35410 DEL REY,DANA POINT,CA,92624,"35410 DEL REY,DANA POINT,CA,92624",2026-04-01,
055597,Maywood Acres Healthcare,2641 South C Street,Oxnard,CA,93033,"2641 South C Street,Oxnard,CA,93033",2026-04-01,
055608,PRIMROSE POST-ACUTE,515 CENTINELA AVE.,INGLEWOOD,CA,90302,"515 CENTINELA AVE.,INGLEWOOD,CA,90302",2026-04-01,
055612,FEATHER RIVER CARE CENTER,1 GILMORE LANE,OROVILLE,CA,95966,"1 GILMORE LANE,OROVILLE,CA,95966",2026-04-01,
055617,PASADENA GROVE HEALTH CENTER,1470 N FAIR OAKS AVE,PASADENA,CA,91103,"1470 N FAIR OAKS AVE,PASADENA,CA,91103",2026-04-01,
055626,HEALTHCARE CENTRE OF FRESNO,1665 M STREET,FRESNO,CA,93721,"1665 M STREET,FRESNO,CA,93721",2026-04-01,
055632,Grossmont Post Acute Care,8787 CENTER DRIVE,LA MESA,CA,91942,"8787 CENTER DRIVE,LA MESA,CA,91942",2026-04-01,
055640,GRASS VALLEY HEALTHCARE CENTER,355 JOERSCHKE DR,GRASS VALLEY,CA,95945,"355 JOERSCHKE DR,GRASS VALLEY,CA,95945",2026-04-01,
055645,THE WIN POST-ACUTE,410 NORTH WINCHESTER BOULEVARD,SANTA CLARA,CA,95050,"410 NORTH WINCHESTER BOULEVARD,SANTA CLARA,CA,95050",2026-04-01,
055649,"TULARE HEALTHCARE & WELLNESS CENTER, LP",680 EAST MERRITT AVENUE,TULARE,CA,93274,"680 EAST MERRITT AVENUE,TULARE,CA,93274",2026-04-01,
055650,Highland Care Center of Redlands,700 E Highland Ave,Redlands,CA,92374,"700 E Highland Ave,Redlands,CA,92374",2026-04-01,
055656,OAKWOOD HEALTHCARE CENTER,375 COHASSET RD,CHICO,CA,95926,"375 COHASSET RD,CHICO,CA,95926",2026-04-01,
055662,BETHANY HOME SOCIETY SAN JOAQUIN COUNTY,930 WEST MAIN STREET,RIPON,CA,95366,"930 WEST MAIN STREET,RIPON,CA,95366",2026-04-01,
055670,BROADWAY MANOR CARE CENTER,605 WEST BROADWAY,GLENDALE,CA,91204,"605 WEST BROADWAY,GLENDALE,CA,91204",2026-04-01,
055674,HEALTHCARE CENTER OF ORANGE COUNTY,9021 KNOTT AVE,BUENA PARK,CA,90620,"9021 KNOTT AVE,BUENA PARK,CA,90620",2026-04-01,
055677,PITTSBURG SKILLED NURSING CENTER,535 SCHOOL STREET,PITTSBURG,CA,94565,"535 SCHOOL STREET,PITTSBURG,CA,94565",2026-04-01,
055685,BRIGHTON PLACE SPRING VALLEY,9009 CAMPO ROAD,SPRING VALLEY,CA,91977,"9009 CAMPO ROAD,SPRING VALLEY,CA,91977",2026-04-01,
055693,"Ontario Grove Healthcare & Wellness Centre, LP",933 E Deodar St,Ontario,CA,91764,"933 E Deodar St,Ontario,CA,91764",2026-04-01,
055697,COSTA DEL SOL HEALTHCARE,1016 S. RECORD ST.,LOS ANGELES,CA,90023,"1016 S. RECORD ST.,LOS ANGELES,CA,90023",2026-04-01,
055704,ANGELS NURSING HEALTH CENTER,415 S UNION AVENUE,LOS ANGELES,CA,90017,"415 S UNION AVENUE,LOS ANGELES,CA,90017",2026-04-01,
055706,THE ORCHARD - POST ACUTE CARE,12385 E. WASHINGTON BLVD,WHITTIER,CA,90606,"12385 E. WASHINGTON BLVD,WHITTIER,CA,90606",2026-04-01,
055710,"WEST HOLLYWOOD HEALTHCARE & WELLNESS CENTRE, LP",855 NORTH FAIRFAX AVENUE,LOS ANGELES,CA,90046,"855 NORTH FAIRFAX AVENUE,LOS ANGELES,CA,90046",2026-04-01,
055719,Ventura Post Acute,4020 Loma Vista Road,Ventura,CA,93003,"4020 Loma Vista Road,Ventura,CA,93003",2026-04-01,
055728,SANTA CLARITA POST-ACUTE CARE CENTER,23801 NEWHALL AVENUE,NEWHALL,CA,91321,"23801 NEWHALL AVENUE,NEWHALL,CA,91321",2026-04-01,
055733,Valle Verde Health Facility,900 Calle De Los Amigos,Santa Barbara,CA,93105,"900 Calle De Los Amigos,Santa Barbara,CA,93105",2026-04-01,
055735,DELTA OAKS POST ACUTE,6940 PACIFIC AVENUE,STOCKTON,CA,95207,"6940 PACIFIC AVENUE,STOCKTON,CA,95207",2026-04-01,
055737,SUNNY HILLS POST ACUTE,12200 LA MIRADA BLVD.,LA MIRADA,CA,90638,"12200 LA MIRADA BLVD.,LA MIRADA,CA,90638",2026-04-01,
055739,SALINAS VALLEY POST ACUTE,637 EAST ROMIE LANE,SALINAS,CA,93901,"637 EAST ROMIE LANE,SALINAS,CA,93901",2026-04-01,
055742,HARBOR VILLA CARE CENTER,861 S. HARBOR BLVD,ANAHEIM,CA,92805,"861 S. HARBOR BLVD,ANAHEIM,CA,92805",2026-04-01,
055748,SUNSET PARK HEALTHCARE,2250 29TH STREET,SANTA MONICA,CA,90405,"2250 29TH STREET,SANTA MONICA,CA,90405",2026-04-01,
055750,WESTWOOD POST ACUTE,1601 PETERSEN AVENUE,SAN JOSE,CA,95129,"1601 PETERSEN AVENUE,SAN JOSE,CA,95129",2026-04-01,
055755,SHARON CARE CENTER,8167 WEST THIRD ST.,LOS ANGELES,CA,90048,"8167 WEST THIRD ST.,LOS ANGELES,CA,90048",2026-04-01,
055758,COTTAGE CREST POST ACUTE,12350 ROSECRANS,NORWALK,CA,90650,"12350 ROSECRANS,NORWALK,CA,90650",2026-04-01,
055760,"ALHAMBRA HEALTHCARE & WELLNESS CENTRE, LP",415 SOUTH GARFIELD,ALHAMBRA,CA,91801,"415 SOUTH GARFIELD,ALHAMBRA,CA,91801",2026-04-01,
055761,ENCINITAS NURSING AND REHABILITATION CENTER,900 SANTA FE DRIVE,ENCINITAS,CA,92024,"900 SANTA FE DRIVE,ENCINITAS,CA,92024",2026-04-01,
055776,WESTVIEW HEALTHCARE CENTER,12225 SHALE RIDGE LANE,AUBURN,CA,95602,"12225 SHALE RIDGE LANE,AUBURN,CA,95602",2026-04-01,
055798,VASONA CREEK HEALTHCARE CENTER,16412 LOS GATOS BOULEVARD,LOS GATOS,CA,95032,"16412 LOS GATOS BOULEVARD,LOS GATOS,CA,95032",2026-04-01,
055799,VINEYARD CARE CENTER,1090 EAST DINUBA AVENUE,REEDLEY,CA,93654,"1090 EAST DINUBA AVENUE,REEDLEY,CA,93654",2026-04-01,
055800,STONEBROOK HEALTH AND REHABILITATION,350 DE SOTO DRIVE,LOS GATOS,CA,95032,"350 DE SOTO DRIVE,LOS GATOS,CA,95032",2026-04-01,
055806,VILLA LAS PALMAS HEALTHCARE CENTER,622 SOUTH ANZA STREET,EL CAJON,CA,92020,"622 SOUTH ANZA STREET,EL CAJON,CA,92020",2026-04-01,
055807,SHASTA HEALTHCARE,445 PARK STREET,WEED,CA,96094,"445 PARK STREET,WEED,CA,96094",2026-04-01,
055809,ST ANTHONY CARE CENTER,553 SMALLEY AVENUE,HAYWARD,CA,94541,"553 SMALLEY AVENUE,HAYWARD,CA,94541",2026-04-01,
055816,CHAPMAN CARE CENTER,12232 CHAPMAN AVE,GARDEN GROVE,CA,92840,"12232 CHAPMAN AVE,GARDEN GROVE,CA,92840",2026-04-01,
055818,ROYAL GARDENS HEALTHCARE,2339 W. VALLEY BLVD.,ALHAMBRA,CA,91803,"2339 W. VALLEY BLVD.,ALHAMBRA,CA,91803",2026-04-01,
055833,"FULTON GARDENS POST ACUTE, LLC",537 E. FULTON STREET,STOCKTON,CA,95204,"537 E. FULTON STREET,STOCKTON,CA,95204",2026-04-01,
055839,SAN LUIS CARE CENTER,709 N STREET,NEWMAN,CA,95360,"709 N STREET,NEWMAN,CA,95360",2026-04-01,
055845,LEISURE GLEN POST ACUTE CARE CENTER,330 MISSION ROAD,GLENDALE,CA,91205,"330 MISSION ROAD,GLENDALE,CA,91205",2026-04-01,
055846,THE TERRACES AT SAN JOAQUIN GARDENS VILLAGE,5551 N. FRESNO ST,FRESNO,CA,93710,"5551 N. FRESNO ST,FRESNO,CA,93710",2026-04-01,
055850,PINE RIDGE CARE CENTER,45 PROFESSIONAL CENTER PKWY,SAN RAFAEL,CA,94903,"45 PROFESSIONAL CENTER PKWY,SAN RAFAEL,CA,94903",2026-04-01,
055853,REDWOOD COVE HEALTHCARE CENTER,1162 S DORA ST.,UKIAH,CA,95482,"1162 S DORA ST.,UKIAH,CA,95482",2026-04-01,
055854,SANTA ROSA POST ACUTE,4650 HOEN AVENUE,SANTA ROSA,CA,95405,"4650 HOEN AVENUE,SANTA ROSA,CA,95405",2026-04-01,
055855,ARDEN PARK POST ACUTE,3400 ALTA ARDEN EXPRESSWAY,SACRAMENTO,CA,95825,"3400 ALTA ARDEN EXPRESSWAY,SACRAMENTO,CA,95825",2026-04-01,
055858,RANCHO SECO CARE CENTER,144 F STREET,GALT,CA,95632,"144 F STREET,GALT,CA,95632",2026-04-01,
055861,Ojai Health & Rehabilitation,601 North Montgomery Street,Ojai,CA,93023,"601 North Montgomery Street,Ojai,CA,93023",2026-04-01,
055866,PLUM TREE CARE CENTER,2580 SAMARITAN DRIVE,SAN JOSE,CA,95124,"2580 SAMARITAN DRIVE,SAN JOSE,CA,95124",2026-04-01,
055869,VALLEY SKILLED NURSING CENTER,515 EAST ORANGEBURG AVENUE,MODESTO,CA,95350,"515 EAST ORANGEBURG AVENUE,MODESTO,CA,95350",2026-04-01,
055871,WINDSOR SKYLINE CARE CENTER,348 IRIS DRIVE,SALINAS,CA,93906,"348 IRIS DRIVE,SALINAS,CA,93906",2026-04-01,
055872,Citrus Nursing Center,9440 Citrus Ave,Fontana,CA,92335,"9440 Citrus Ave,Fontana,CA,92335",2026-04-01,
055873,COMMUNITY CARE CENTER,8665 LA MESA BLVD.,LA MESA,CA,91942,"8665 LA MESA BLVD.,LA MESA,CA,91942",2026-04-01,
055874,HAYWARD HEALTHCARE & WELLNESS CENTER,1805 WEST STREET,HAYWARD,CA,94545,"1805 WEST STREET,HAYWARD,CA,94545",2026-04-01,
055876,"PRINCETON MANOR HEALTHCARE CENTER, LLC",2124 57TH AVENUE,OAKLAND,CA,94621,"2124 57TH AVENUE,OAKLAND,CA,94621",2026-04-01,
055884,CREEKSIDE POST-ACUTE,3580 PAYNE AVENUE,SAN JOSE,CA,95117,"3580 PAYNE AVENUE,SAN JOSE,CA,95117",2026-04-01,
055885,Country Drive Post Acute,2500 COUNTRY DRIVE,FREMONT,CA,94536,"2500 COUNTRY DRIVE,FREMONT,CA,94536",2026-04-01,
055886,ROSEVILLE CARE CENTER,1161 CIRBY WAY,ROSEVILLE,CA,95661,"1161 CIRBY WAY,ROSEVILLE,CA,95661",2026-04-01,
055887,RIVER BEND NURSING CENTER,2215 OAKMONT WAY,WEST SACRAMENTO,CA,95691,"2215 OAKMONT WAY,WEST SACRAMENTO,CA,95691",2026-04-01,
055888,HUNTINGTON VALLEY HEALTHCARE CENTER,8382 NEWMAN AVENUE,HUNTINGTON BEACH,CA,92647,"8382 NEWMAN AVENUE,HUNTINGTON BEACH,CA,92647",2026-04-01,
055892,BERKELEY PINES SKILLED NURSING CENTER,2223 ASHBY AVENUE,BERKELEY,CA,94705,"2223 ASHBY AVENUE,BERKELEY,CA,94705",2026-04-01,
055894,BROADWAY BY THE SEA,2725 E. BROADWAY,LONG BEACH,CA,90803,"2725 E. BROADWAY,LONG BEACH,CA,90803",2026-04-01,
055899,ROYAL PALMS POST ACUTE,630 W. BROADWAY,GLENDALE,CA,91204,"630 W. BROADWAY,GLENDALE,CA,91204",2026-04-01,
055906,RINALDI CONVALESCENT HOSPITAL,16553 RINALDI ST,GRANADA HILLS,CA,91344,"16553 RINALDI ST,GRANADA HILLS,CA,91344",2026-04-01,
055917,HARVEST CROSSING POST ACUTE,469 EAST NORTH STREET,MANTECA,CA,95336,"469 EAST NORTH STREET,MANTECA,CA,95336",2026-04-01,
055918,VILLA DEL SOL POST ACUTE,16910 WOODRUFF AVE.,BELLFLOWER,CA,90706,"16910 WOODRUFF AVE.,BELLFLOWER,CA,90706",2026-04-01,
055919,APPLE VALLEY POST-ACUTE REHAB,1035 GRAVENSTEIN HWY SOUTH,SEBASTOPOL,CA,95472,"1035 GRAVENSTEIN HWY SOUTH,SEBASTOPOL,CA,95472",2026-04-01,
055922,COURTYARD HEALTH CARE CENTER,1850 EAST 8TH STREET,DAVIS,CA,95616,"1850 EAST 8TH STREET,DAVIS,CA,95616",2026-04-01,
055929,CRYSTAL COVE CARE CENTER,1445 SUPERIOR AVENUE,NEWPORT BEACH,CA,92663,"1445 SUPERIOR AVENUE,NEWPORT BEACH,CA,92663",2026-04-01,
055932,"FOUR SEASONS HEALTHCARE & WELLNESS CENTER, LP",5335 LAUREL CANYON BLVD.,NORTH HOLLYWOOD,CA,91607,"5335 LAUREL CANYON BLVD.,NORTH HOLLYWOOD,CA,91607",2026-04-01,
055952,"TORRANCE CARE CENTER WEST, INC",4333 TORRANCE BLVD,TORRANCE,CA,90503,"4333 TORRANCE BLVD,TORRANCE,CA,90503",2026-04-01,
055954,National City Post Acute,220 EAST 24TH STREET,NATIONAL CITY,CA,91950,"220 EAST 24TH STREET,NATIONAL CITY,CA,91950",2026-04-01,
055955,CALIFORNIA HOME FOR THE AGED,6720 E. KINGS CANYON,FRESNO,CA,93727,"6720 E. KINGS CANYON,FRESNO,CA,93727",2026-04-01,
055956,BRIDGEWOOD POST ACUTE,5901 LEMON HILL AVE,SACRAMENTO,CA,95824,"5901 LEMON HILL AVE,SACRAMENTO,CA,95824",2026-04-01,
055957,Santa Paula Post Acute Center,250 March Street,Santa Paula,CA,93060,"250 March Street,Santa Paula,CA,93060",2026-04-01,
055959,WATSONVILLE POST ACUTE CENTER,525 AUTO CENTER DRIVE,WATSONVILLE,CA,95076,"525 AUTO CENTER DRIVE,WATSONVILLE,CA,95076",2026-04-01,
055960,La Crescenta Healthcare Center,3050 MONTROSE AVE,LA CRESCENTA,CA,91214,"3050 MONTROSE AVE,LA CRESCENTA,CA,91214",2026-04-01,
055962,MONTEREY POST ACUTE,1575 SKYLINE DRIVE,MONTEREY,CA,93940,"1575 SKYLINE DRIVE,MONTEREY,CA,93940",2026-04-01,
055963,THE AVENUES TRANSITIONAL CARE CENTER,2043 19TH AVENUE,SAN FRANCISCO,CA,94116,"2043 19TH AVENUE,SAN FRANCISCO,CA,94116",2026-04-01,
055964,FRIENDSHIP MANOR NURSING & REHAB CENTER,902 SOUTH EUCLID AVENUE,NATIONAL CITY,CA,91950,"902 SOUTH EUCLID AVENUE,NATIONAL CITY,CA,91950",2026-04-01,
055975,Hillcrest Manor Sanitarium,1889 NATIONAL CITY BLVD.,NATIONAL CITY,CA,91950,"1889 NATIONAL CITY BLVD.,NATIONAL CITY,CA,91950",2026-04-01,
055977,KENNEDY CARE CENTER,619 N. FAIRFAX AVE,LOS ANGELES,CA,90036,"619 N. FAIRFAX AVE,LOS ANGELES,CA,90036",2026-04-01,
055979,FRANCISCAN POST-ACUTE CARE CENTER,3169 M STREET,MERCED,CA,95348,"3169 M STREET,MERCED,CA,95348",2026-04-01,
055984,"ANAHEIM HEALTHCARE CENTER, LLC",501 SOUTH BEACH BLVD.,ANAHEIM,CA,92804,"501 SOUTH BEACH BLVD.,ANAHEIM,CA,92804",2026-04-01,
055989,HERITAGE MANOR,610 NORTH GARFIELD AVENUE,MONTEREY PARK,CA,91754,"610 NORTH GARFIELD AVENUE,MONTEREY PARK,CA,91754",2026-04-01,
055995,North Long Beach Post Acute,260 E MARKET ST,LONG BEACH,CA,90805,"260 E MARKET ST,LONG BEACH,CA,90805",2026-04-01,
055996,COVENANT POST ACUTE,3408 EAST SHIELDS AVENUE,FRESNO,CA,93726,"3408 EAST SHIELDS AVENUE,FRESNO,CA,93726",2026-04-01,
056007,Pacific Care Nursing Center,3355 Pacific Place,Long Beach,CA,90806,"3355 Pacific Place,Long Beach,CA,90806",2026-04-01,
056010,SEAL BEACH HEALTH AND REHABILITATION CENTER,3000 N GATE ROAD,SEAL BEACH,CA,90740,"3000 N GATE ROAD,SEAL BEACH,CA,90740",2026-04-01,
056014,BROOKFIELD HEALTHCARE CENTER,9300 TELEGRAPH ROAD,DOWNEY,CA,90240,"9300 TELEGRAPH ROAD,DOWNEY,CA,90240",2026-04-01,
056017,La Jolla Post-Acute,2552 TORREY PINES RD,LA JOLLA,CA,92037,"2552 TORREY PINES RD,LA JOLLA,CA,92037",2026-04-01,
056019,GARDENA CONVALESCENT CENTER,14819 S. VERMONT,GARDENA,CA,90247,"14819 S. VERMONT,GARDENA,CA,90247",2026-04-01,
056021,LONE TREE POST ACUTE,4001 LONE TREE WAY,ANTIOCH,CA,94509,"4001 LONE TREE WAY,ANTIOCH,CA,94509",2026-04-01,
056024,Highland Palms Healthcare Center,7534 Palm Ave,Highland,CA,92346,"7534 Palm Ave,Highland,CA,92346",2026-04-01,
056026,"EMPRESS CARE CENTER, LLC",1299 S. BASCOM AVENUE,SAN JOSE,CA,95128,"1299 S. BASCOM AVENUE,SAN JOSE,CA,95128",2026-04-01,
056031,SUNLAND POST ACUTE,8647 FENWICK STREET.,SUNLAND,CA,91040,"8647 FENWICK STREET.,SUNLAND,CA,91040",2026-04-01,
056035,SHAFTER NURSING CARE,140 EAST TULARE AVENUE,SHAFTER,CA,93263,"140 EAST TULARE AVENUE,SHAFTER,CA,93263",2026-04-01,
056039,MIRAGE POST ACUTE,44445 15TH ST W,LANCASTER,CA,93534,"44445 15TH ST W,LANCASTER,CA,93534",2026-04-01,
056042,"BAY VISTA HEALTHCARE & WELLNESS CENTRE, LP",5901 DOWNEY AVE,LONG BEACH,CA,90805,"5901 DOWNEY AVE,LONG BEACH,CA,90805",2026-04-01,
056043,COLONIAL CARE CENTER,1913 E 5TH STREET,LONG BEACH,CA,90802,"1913 E 5TH STREET,LONG BEACH,CA,90802",2026-04-01,
056052,EDEN HEALTHCARE CENTER,27350 TAMPA AVENUE,HAYWARD,CA,94544,"27350 TAMPA AVENUE,HAYWARD,CA,94544",2026-04-01,
056053,HAVEN POST ACUTE,1311 EAST DATE STREET,SAN BERNARDINO,CA,92404,"1311 EAST DATE STREET,SAN BERNARDINO,CA,92404",2026-04-01,
056055,CARMEL HILLS CARE CENTER,23795 W. R. HOLMAN HIGHWAY,MONTEREY,CA,93940,"23795 W. R. HOLMAN HIGHWAY,MONTEREY,CA,93940",2026-04-01,
056056,The Meadows on Sunset Post Acute,5154 SUNSET BLVD,LOS ANGELES,CA,90027,"5154 SUNSET BLVD,LOS ANGELES,CA,90027",2026-04-01,
056058,ALMADEN HEALTH AND REHABILITATION  CENTER,2065 LOS GATOS-ALMADEN ROAD,SAN JOSE,CA,95124,"2065 LOS GATOS-ALMADEN ROAD,SAN JOSE,CA,95124",2026-04-01,
056063,INFINITY CARE OF EAST LOS ANGELES,101 S FICKETT STREET,LOS ANGELES,CA,90033,"101 S FICKETT STREET,LOS ANGELES,CA,90033",2026-04-01,
056066,WOODLAND CARE CENTER,7120 CORBIN AVE.,RESEDA,CA,91335,"7120 CORBIN AVE.,RESEDA,CA,91335",2026-04-01,
056069,SANTA CLARA POST ACUTE,991 CLYDE AVENUE,SANTA CLARA,CA,95054,"991 CLYDE AVENUE,SANTA CLARA,CA,95054",2026-04-01,
056071,SEQUOIAS SAN FRANCISCO CONVALESCENT HOSPITAL,1400 GEARY BLVD,SAN FRANCISCO,CA,94109,"1400 GEARY BLVD,SAN FRANCISCO,CA,94109",2026-04-01,
056072,PETALUMA POST-ACUTE REHABILITATION,1115 B STREET,PETALUMA,CA,94952,"1115 B STREET,PETALUMA,CA,94952",2026-04-01,
056073,SACRAMENTO POST-ACUTE,5255 HEMLOCK STREET,SACRAMENTO,CA,95841,"5255 HEMLOCK STREET,SACRAMENTO,CA,95841",2026-04-01,
056078,ALTA VIEW POST ACUTE,831 S LAKE STREET,LOS ANGELES,CA,90057,"831 S LAKE STREET,LOS ANGELES,CA,90057",2026-04-01,
056080,THE BELLEFONTAINE HEALTHCARE CENTER,150 BELLEFONTAINE ST,PASADENA,CA,91105,"150 BELLEFONTAINE ST,PASADENA,CA,91105",2026-04-01,
056082,CANYON SPRINGS POST-ACUTE,180 NORTH JACKSON AVENUE,SAN JOSE,CA,95116,"180 NORTH JACKSON AVENUE,SAN JOSE,CA,95116",2026-04-01,
056083,WOODS HEALTH SERVICES,2600 A STREET,LA VERNE,CA,91750,"2600 A STREET,LA VERNE,CA,91750",2026-04-01,
056084,Astoria Healthcare Center,14040 ASTORIA STREET,SYLMAR,CA,91342,"14040 ASTORIA STREET,SYLMAR,CA,91342",2026-04-01,
056090,BLUE OAK POST-ACUTE,850 SONOMA AVE,SANTA ROSA,CA,95404,"850 SONOMA AVE,SANTA ROSA,CA,95404",2026-04-01,
056092,TOPANGA TERRACE,22125 ROSCOE BLVD,CANOGA PARK,CA,91304,"22125 ROSCOE BLVD,CANOGA PARK,CA,91304",2026-04-01,
056096,PIEDMONT GARDENS HEALTH FACILITY,110 41ST STREET,OAKLAND,CA,94611,"110 41ST STREET,OAKLAND,CA,94611",2026-04-01,
056098,COTTONWOOD HEALTHCARE CENTER,625 COTTONWOOD STREET,WOODLAND,CA,95695,"625 COTTONWOOD STREET,WOODLAND,CA,95695",2026-04-01,
056100,CORNERSTONE CARE CENTER,2550 9TH STREET,SANGER,CA,93657,"2550 9TH STREET,SANGER,CA,93657",2026-04-01,
056101,RIVER POINTE POST-ACUTE,6041 FAIR OAKS BLVD,CARMICHAEL,CA,95608,"6041 FAIR OAKS BLVD,CARMICHAEL,CA,95608",2026-04-01,
056103,West Shore Post Acute,508 WESTLINE DRIVE,ALAMEDA,CA,94501,"508 WESTLINE DRIVE,ALAMEDA,CA,94501",2026-04-01,
056105,BALBOA NURSING & REHABILITATION CENTER,3520 FOURTH AVENUE,SAN DIEGO,CA,92103,"3520 FOURTH AVENUE,SAN DIEGO,CA,92103",2026-04-01,
056107,COMMUNITY CONVALESCENT CENTER OF SAN BERNARDINO,1676 MEDICAL CTR DR.,SAN BERNARDINO,CA,92411,"1676 MEDICAL CTR DR.,SAN BERNARDINO,CA,92411",2026-04-01,
056109,WOODLAND POST-ACUTE,678 3RD STREET,WOODLAND,CA,95695,"678 3RD STREET,WOODLAND,CA,95695",2026-04-01,
056110,LAGUNA HILLS HEALTH AND REHABILITATION CENTER,24452 HEALTH CENTER DRIVE,LAGUNA HILLS,CA,92653,"24452 HEALTH CENTER DRIVE,LAGUNA HILLS,CA,92653",2026-04-01,
056113,ALEXANDRIA CARE CENTER,1515 N ALEXANDRIA AVE.,LOS ANGELES,CA,90027,"1515 N ALEXANDRIA AVE.,LOS ANGELES,CA,90027",2026-04-01,
056114,"EAST TERRACE REHABILITATION & WELLNESS CENTRE, LP",2415 SOUTH WESTERN AVENUE,LOS ANGELES,CA,90018,"2415 SOUTH WESTERN AVENUE,LOS ANGELES,CA,90018",2026-04-01,
056115,IMPERIAL HEALTHCARE CENTER,11926 LA MIRADA BLVD,LA MIRADA,CA,90638,"11926 LA MIRADA BLVD,LA MIRADA,CA,90638",2026-04-01,
056117,THE ROWLAND,330 W. ROWLAND STREET,COVINA,CA,91723,"330 W. ROWLAND STREET,COVINA,CA,91723",2026-04-01,
056118,GLADSTONE SUB-ACUTE AND REHAB CENTER,435 E. GLADSTONE ST,GLENDORA,CA,91740,"435 E. GLADSTONE ST,GLENDORA,CA,91740",2026-04-01,
056120,NORTH BAY POST ACUTE,300 DOUGLAS STREET,PETALUMA,CA,94952,"300 DOUGLAS STREET,PETALUMA,CA,94952",2026-04-01,
056121,WASHINGTON CENTER,14766 WASHINGTON AVENUE,SAN LEANDRO,CA,94578,"14766 WASHINGTON AVENUE,SAN LEANDRO,CA,94578",2026-04-01,
056122,MILLBRAE CARE CENTER,33 MATEO AVENUE,MILLBRAE,CA,94030,"33 MATEO AVENUE,MILLBRAE,CA,94030",2026-04-01,
056124,TARZANA HEALTH AND REHABILITATION CENTER,5650 RESEDA BLVD,TARZANA,CA,91356,"5650 RESEDA BLVD,TARZANA,CA,91356",2026-04-01,
056127,LIVE OAK REHAB CENTER,537 W LIVE OAK,SAN GABRIEL,CA,91776,"537 W LIVE OAK,SAN GABRIEL,CA,91776",2026-04-01,
056129,BURBANK HEALTHCARE & REHAB,1041 S. MAIN ST.,BURBANK,CA,91506,"1041 S. MAIN ST.,BURBANK,CA,91506",2026-04-01,
056133,WEST HILLS HEALTH AND REHABILITATION  CENTER,7940 TOPANGA CANYON BLVD.,CANOGA PARK,CA,91304,"7940 TOPANGA CANYON BLVD.,CANOGA PARK,CA,91304",2026-04-01,
056136,Villa Mesa Care Center,867 E. 11th St,Upland,CA,91786,"867 E. 11th St,Upland,CA,91786",2026-04-01,
056137,THE MEADOWS POST ACUTE,14857 ROSCOE BOULEVARD,PANORAMA CITY,CA,91402,"14857 ROSCOE BOULEVARD,PANORAMA CITY,CA,91402",2026-04-01,
056143,OSAGE HEALTHCARE & WELLNESS CENTRE,1001 SOUTH OSAGE AVE,INGLEWOOD,CA,90301,"1001 SOUTH OSAGE AVE,INGLEWOOD,CA,90301",2026-04-01,
056144,HUNTINGTON PARK NURSING CENTER,6425 MILES AVENUE,HUNTINGTON PARK,CA,90255,"6425 MILES AVENUE,HUNTINGTON PARK,CA,90255",2026-04-01,
056145,GARDEN GROVE POST ACUTE,12882 SHACKELFORD LANE,GARDEN GROVE,CA,92841,"12882 SHACKELFORD LANE,GARDEN GROVE,CA,92841",2026-04-01,
056149,CALIFORNIA HEALTHCARE AND REHABILITATION CENTER,6700 SEPULVEDA BLVD.,VAN NUYS,CA,91411,"6700 SEPULVEDA BLVD.,VAN NUYS,CA,91411",2026-04-01,
056150,CATERED MANOR CARE CENTER,4010 N VIRGINIA RD.,LONG BEACH,CA,90807,"4010 N VIRGINIA RD.,LONG BEACH,CA,90807",2026-04-01,
056153,NAPA POST ACUTE,705 TRANCAS ST.,NAPA,CA,94558,"705 TRANCAS ST.,NAPA,CA,94558",2026-04-01,
056155,OAKDALE NURSING AND REHABILITATION CENTER,275 SOUTH OAK AVENUE,OAKDALE,CA,95361,"275 SOUTH OAK AVENUE,OAKDALE,CA,95361",2026-04-01,
056157,ALVARADO CARE CENTER,1154 S.ALVARADO ST,LOS ANGELES,CA,90006,"1154 S.ALVARADO ST,LOS ANGELES,CA,90006",2026-04-01,
056159,SHERMAN VILLAGE HCC,12750 RIVERSIDE DRIVE,NORTH HOLLYWOOD,CA,91607,"12750 RIVERSIDE DRIVE,NORTH HOLLYWOOD,CA,91607",2026-04-01,
056164,PACIFIC PALMS HEALTHCARE,1020 TERMINO AVENUE,LONG BEACH,CA,90804,"1020 TERMINO AVENUE,LONG BEACH,CA,90804",2026-04-01,
056166,MEADOW CREEK POST-ACUTE,7039 ALONDRA BLVD,PARAMOUNT,CA,90723,"7039 ALONDRA BLVD,PARAMOUNT,CA,90723",2026-04-01,
056167,CENTINELA SKILLED NURSING & WELLNESS CENTRE WEST,950 FLOWER STREET,INGLEWOOD,CA,90301,"950 FLOWER STREET,INGLEWOOD,CA,90301",2026-04-01,
056168,GRANADA HILLS CONVALESCENT,16123 CHATSWORTH AVE,GRANADA HILLS,CA,91344,"16123 CHATSWORTH AVE,GRANADA HILLS,CA,91344",2026-04-01,
056170,EXCELL HEALTH CARE CENTER,3025 HIGH STREET,OAKLAND,CA,94619,"3025 HIGH STREET,OAKLAND,CA,94619",2026-04-01,
056176,PACIFIC HEIGHTS TRANSITIONAL CARE CENTER,2707 PINE STREET,SAN FRANCISCO,CA,94115,"2707 PINE STREET,SAN FRANCISCO,CA,94115",2026-04-01,
056177,DOUBLE TREE POST ACUTE CARE CENTER,7400 24TH STREET,SACRAMENTO,CA,95822,"7400 24TH STREET,SACRAMENTO,CA,95822",2026-04-01,
056185,MENIFEE LAKES POST ACUTE,27600 ENCANTO DRIVE,SUN CITY,CA,92586,"27600 ENCANTO DRIVE,SUN CITY,CA,92586",2026-04-01,
056186,CENTINELA GRAND INC,2225 NORTH PERRIS BOULEVARD,PERRIS,CA,92571,"2225 NORTH PERRIS BOULEVARD,PERRIS,CA,92571",2026-04-01,
056188,"LONG BEACH CARE CENTER, INC",2615 GRAND AVENUE,LONG BEACH,CA,90815,"2615 GRAND AVENUE,LONG BEACH,CA,90815",2026-04-01,
056189,San Luis Post Acute Center,3033 Augusta Street,San Luis Obispo,CA,93401,"3033 Augusta Street,San Luis Obispo,CA,93401",2026-04-01,
056190,CHESTNUT RIDGE POST ACUTE LLC,525 SOUTH CENTRAL AVENUE,GLENDALE,CA,91204,"525 SOUTH CENTRAL AVENUE,GLENDALE,CA,91204",2026-04-01,
056192,HARBOR POST ACUTE CARE CENTER,21521 S. VERMONT AVENUE,TORRANCE,CA,90502,"21521 S. VERMONT AVENUE,TORRANCE,CA,90502",2026-04-01,
056194,WINDSOR GARDENS CONVALESCENT HOSPITAL,915 S. CRENSHAW BLVD.,LOS ANGELES,CA,90019,"915 S. CRENSHAW BLVD.,LOS ANGELES,CA,90019",2026-04-01,
056200,Community Memorial Continuing Care Center,1306 Maricopa Highway,Ojai,CA,93023,"1306 Maricopa Highway,Ojai,CA,93023",2026-04-01,
056203,CITY VIEW POST ACUTE,1359 PINE STREET,SAN FRANCISCO,CA,94109,"1359 PINE STREET,SAN FRANCISCO,CA,94109",2026-04-01,
056205,PACIFICA NURSING AND REHABILITATION CENTER,385 ESPLANADE AVENUE,PACIFICA,CA,94044,"385 ESPLANADE AVENUE,PACIFICA,CA,94044",2026-04-01,
056207,PACIFIC GARDENS NURSING AND REHABILITATION CENTER,577 S. PEACH AVE.,FRESNO,CA,93727,"577 S. PEACH AVE.,FRESNO,CA,93727",2026-04-01,
056212,THE REDWOODS POST-ACUTE,1267 MERIDIAN AVENUE,SAN JOSE,CA,95125,"1267 MERIDIAN AVENUE,SAN JOSE,CA,95125",2026-04-01,
056214,RAMONA REHABILITATION AND POST ACUTE CARE CENTER,485 W. JOHNSTON AVENUE,HEMET,CA,92543,"485 W. JOHNSTON AVENUE,HEMET,CA,92543",2026-04-01,
056215,NORTHBROOK HEALTHCARE CENTER,64 NORTHBROOK WAY,WILLITS,CA,95490,"64 NORTHBROOK WAY,WILLITS,CA,95490",2026-04-01,
056216,GUARDIAN CARE AND REHABILITATION CENTER,410 EASTWOOD AVE,MANTECA,CA,95336,"410 EASTWOOD AVE,MANTECA,CA,95336",2026-04-01,
056218,BELL CONVALESCENT HOSPITAL,4900 E. FLORENCE AVE,BELL,CA,90201,"4900 E. FLORENCE AVE,BELL,CA,90201",2026-04-01,
056222,MARQUIS CARE AT SHASTA,3550 CHURN CREEK RD.,REDDING,CA,96002,"3550 CHURN CREEK RD.,REDDING,CA,96002",2026-04-01,
056229,PALM SPRINGS HEALTHCARE & REHABILITATION CENTER,277 S SUNRISE WAY,PALM SPRINGS,CA,92262,"277 S SUNRISE WAY,PALM SPRINGS,CA,92262",2026-04-01,
056231,LASSEN NURSING & REHABILITATION CENTER,2005 RIVER STREET,SUSANVILLE,CA,96130,"2005 RIVER STREET,SUSANVILLE,CA,96130",2026-04-01,
056234,MARLORA POST ACUTE REHAB HOSP,3801 E ANAHEIM ST,LONG BEACH,CA,90804,"3801 E ANAHEIM ST,LONG BEACH,CA,90804",2026-04-01,
056237,ALDEN TERRACE CONVALESCENT HOSPITAL,1240 S HOOVER ST,LOS ANGELES,CA,90006,"1240 S HOOVER ST,LOS ANGELES,CA,90006",2026-04-01,
056238,Solano Post Acute,2200 TUOLUMNE STREET,VALLEJO,CA,94589,"2200 TUOLUMNE STREET,VALLEJO,CA,94589",2026-04-01,
056244,GRAND PARK CONVALESCENT HOSPITAL,2312 WEST 8TH STREET,LOS ANGELES,CA,90057,"2312 WEST 8TH STREET,LOS ANGELES,CA,90057",2026-04-01,
056245,CALIFORNIA PACIFIC MEDICAL CTR- DAVIES CAMPUS HOSP,601 DUBOCE AVE,SAN FRANCISCO,CA,94117,"601 DUBOCE AVE,SAN FRANCISCO,CA,94117",2026-04-01,
056250,SHERMAN OAKS HEALTH & REHAB,14401 HUSTON ST.,SHERMAN OAKS,CA,91423,"14401 HUSTON ST.,SHERMAN OAKS,CA,91423",2026-04-01,
056253,BERKLEY POST-ACUTE,6600 SEPULVEDA BLVD,VAN NUYS,CA,91411,"6600 SEPULVEDA BLVD,VAN NUYS,CA,91411",2026-04-01,
056258,"RIVER VALLEY HEALTHCARE & WELLNESS CENTRE, LP",2490 COURT STREET,REDDING,CA,96001,"2490 COURT STREET,REDDING,CA,96001",2026-04-01,
056259,NORTHVINE POSTACUTE CARE,446 ARROWOOD DR,SANTA ROSA,CA,95407,"446 ARROWOOD DR,SANTA ROSA,CA,95407",2026-04-01,
056260,BAYBERRY SKILLED NURSING & HEALTHCARE CENTER,1800 ADOBE STREET,CONCORD,CA,94520,"1800 ADOBE STREET,CONCORD,CA,94520",2026-04-01,
056266,KEYSTONE POST-ACUTE,3672 NORTH FIRST STREET,FRESNO,CA,93726,"3672 NORTH FIRST STREET,FRESNO,CA,93726",2026-04-01,
056271,MISSION PALMS HEALTHCARE CENTER,240 HOSPITAL CIRCLE,WESTMINSTER,CA,92683,"240 HOSPITAL CIRCLE,WESTMINSTER,CA,92683",2026-04-01,
056274,RED BLUFF HEALTH CARE CENTER,555 LUTHER ROAD,RED BLUFF,CA,96080,"555 LUTHER ROAD,RED BLUFF,CA,96080",2026-04-01,
056281,COUNTRYSIDE CARE CENTER,925 NORTH CORNELIA,FRESNO,CA,93706,"925 NORTH CORNELIA,FRESNO,CA,93706",2026-04-01,
056283,BIXBY TOWERS POST-ACUTE REHAB,3747 ATLANTIC AVENUE,LONG BEACH,CA,90807,"3747 ATLANTIC AVENUE,LONG BEACH,CA,90807",2026-04-01,
056288,HANFORD POST ACUTE,1007 WEST LACEY BLVD,HANFORD,CA,93230,"1007 WEST LACEY BLVD,HANFORD,CA,93230",2026-04-01,
056293,ALCOTT REHABILITATION HOSPITAL,3551 WEST OLYMPIC BLVD.,LOS ANGELES,CA,90019,"3551 WEST OLYMPIC BLVD.,LOS ANGELES,CA,90019",2026-04-01,
056294,SAN JOAQUIN NURSING CENTER AND REHABILITATION CENT,3601 SAN DIMAS,BAKERSFIELD,CA,93301,"3601 SAN DIMAS,BAKERSFIELD,CA,93301",2026-04-01,
056296,CRESCENT CITY CARE CENTER,1280 MARSHALL STREET,CRESCENT CITY,CA,95531,"1280 MARSHALL STREET,CRESCENT CITY,CA,95531",2026-04-01,
056298,WE CARE SKILLED NURSING - FREMONT,2100 PARKSIDE DRIVE,FREMONT,CA,94536,"2100 PARKSIDE DRIVE,FREMONT,CA,94536",2026-04-01,
056300,"GRANADA REHABILITATION & WELLNESS CENTER, LP",2885 HARRIS STREET,EUREKA,CA,95503,"2885 HARRIS STREET,EUREKA,CA,95503",2026-04-01,
056304,MISSION CARMICHAEL HEALTHCARE CENTER,3630 MISSION AVENUE,CARMICHAEL,CA,95608,"3630 MISSION AVENUE,CARMICHAEL,CA,95608",2026-04-01,
056308,HERITAGE REHABILITATION CENTER,21414 S. VERMONT AVENUE,TORRANCE,CA,90502,"21414 S. VERMONT AVENUE,TORRANCE,CA,90502",2026-04-01,
056315,CITRUS GROVE POST ACUTE,9025 COLORADO AVENUE,RIVERSIDE,CA,92503,"9025 COLORADO AVENUE,RIVERSIDE,CA,92503",2026-04-01,
056316,CAMELLIA GARDENS CARE CENTER,1920 N. FAIR OAKS AVENUE,PASADENA,CA,91103,"1920 N. FAIR OAKS AVENUE,PASADENA,CA,91103",2026-04-01,
056322,MONTROSE SPRINGS SKILLED NURSING & WELLNESS CENTER,2635 HONOLULU AVE,MONTROSE,CA,91020,"2635 HONOLULU AVE,MONTROSE,CA,91020",2026-04-01,
056324,HAMPTON POST ACUTE,442 HAMPTON STREET,STOCKTON,CA,95204,"442 HAMPTON STREET,STOCKTON,CA,95204",2026-04-01,
056326,BURLINGTON CONVALESCENT HOSPITAL,845 S.BURLINGTON AVENUE,LOS ANGELES,CA,90057,"845 S.BURLINGTON AVENUE,LOS ANGELES,CA,90057",2026-04-01,
056327,WALNUT CREEK SKILLED NURSING & REHABILITATION CENT,1224 ROSSMOOR PARKWAY,WALNUT CREEK,CA,94595,"1224 ROSSMOOR PARKWAY,WALNUT CREEK,CA,94595",2026-04-01,
056330,REO VISTA HEALTHCARE CENTER,6061 BANBURY ST.,SAN DIEGO,CA,92139,"6061 BANBURY ST.,SAN DIEGO,CA,92139",2026-04-01,
056334,BEACHWOOD POST-ACUTE & REHAB,1340 15TH STREET,SANTA MONICA,CA,90404,"1340 15TH STREET,SANTA MONICA,CA,90404",2026-04-01,
056338,MORNING STAR POST ACUTE,111 BARSTOW AVE.,CLOVIS,CA,93612,"111 BARSTOW AVE.,CLOVIS,CA,93612",2026-04-01,
056346,BRIDGEVIEW POST ACUTE,521 LOREL WAY,YUBA CITY,CA,95991,"521 LOREL WAY,YUBA CITY,CA,95991",2026-04-01,
056348,"BAY VIEW REHABILITATION HOSPITAL, LLC",516 WILLOW STREET,ALAMEDA,CA,94501,"516 WILLOW STREET,ALAMEDA,CA,94501",2026-04-01,
056350,LAKE MERRITT HEALTHCARE CENTER LLC,309 MACARTHUR BOULEVARD,OAKLAND,CA,94610,"309 MACARTHUR BOULEVARD,OAKLAND,CA,94610",2026-04-01,
056353,Atterdag Care Center,636 Atterdag Road,Solvang,CA,93463,"636 Atterdag Road,Solvang,CA,93463",2026-04-01,
056361,"FORTUNA REHABILITATION AND WELLNESS CENTER, LP",2321 NEWBURG ROAD,FORTUNA,CA,95540,"2321 NEWBURG ROAD,FORTUNA,CA,95540",2026-04-01,
056363,GRAND VALLEY HEALTH CARE CENTER,13524 SHERMAN WAY,VAN NUYS,CA,91405,"13524 SHERMAN WAY,VAN NUYS,CA,91405",2026-04-01,
056364,SUMMERFIELD HEALTH CARE CENTER,1280 SUMMERFIELD RD,SANTA ROSA,CA,95405,"1280 SUMMERFIELD RD,SANTA ROSA,CA,95405",2026-04-01,
056376,A GRACE SUB ACUTE & SKILLED CARE,1250 S. WINCHESTER BOULEVARD,SAN JOSE,CA,95128,"1250 S. WINCHESTER BOULEVARD,SAN JOSE,CA,95128",2026-04-01,
056377,THE REHABILITATION CENTER ON PICO,3233 W. PICO BOULEVARD,LOS ANGELES,CA,90019,"3233 W. PICO BOULEVARD,LOS ANGELES,CA,90019",2026-04-01,
056378,OCEAN RIDGE POST ACUTE,3850 E. ESTHER ST.,LONG BEACH,CA,90804,"3850 E. ESTHER ST.,LONG BEACH,CA,90804",2026-04-01,
056380,"LOS FELIZ HEALTHCARE & WELLNESS CENTER, LP",3002 ROWENA AVENUE,LOS ANGELES,CA,90039,"3002 ROWENA AVENUE,LOS ANGELES,CA,90039",2026-04-01,
056381,DELTA VIEW POST ACUTE,1210 A STREET,ANTIOCH,CA,94509,"1210 A STREET,ANTIOCH,CA,94509",2026-04-01,
056382,THE GROVE POST-ACUTE CARE CENTER,14122 HUBBARD STREET,SYLMAR,CA,91342,"14122 HUBBARD STREET,SYLMAR,CA,91342",2026-04-01,
056388,PARADISE VALLEY HEALTH CARE,2575 E. EIGHTH ST.,NATIONAL CITY,CA,91950,"2575 E. EIGHTH ST.,NATIONAL CITY,CA,91950",2026-04-01,
056389,VALE HEALTHCARE CENTER,13484 SAN PABLO AVENUE,SAN PABLO,CA,94806,"13484 SAN PABLO AVENUE,SAN PABLO,CA,94806",2026-04-01,
056392,PLEASANTON NURSING AND REHABILITATION CENTER,300 NEAL STREET,PLEASANTON,CA,94566,"300 NEAL STREET,PLEASANTON,CA,94566",2026-04-01,
056394,GOLDEN PAVILION HEALTHCARE,99 ESCUELA DRIVE,DALY CITY,CA,94015,"99 ESCUELA DRIVE,DALY CITY,CA,94015",2026-04-01,
056399,LA CASA VIA TRANSITIONAL CARE CENTER,1449 YGNACIO VALLEY ROAD,WALNUT CREEK,CA,94598,"1449 YGNACIO VALLEY ROAD,WALNUT CREEK,CA,94598",2026-04-01,
056405,CERRITOS VISTA HEALTHCARE CENTER,17836 WOODRUFF AVENUE,BELLFLOWER,CA,90706,"17836 WOODRUFF AVENUE,BELLFLOWER,CA,90706",2026-04-01,
056410,WHITNEY OAKS CARE CENTER,3529 WALNUT AVENUE,CARMICHAEL,CA,95608,"3529 WALNUT AVENUE,CARMICHAEL,CA,95608",2026-04-01,
056411,PARK VIEW POST ACUTE,3751 MONTGOMERY DR,SANTA ROSA,CA,95405,"3751 MONTGOMERY DR,SANTA ROSA,CA,95405",2026-04-01,
056412,NORTHRIDGE CARE CENTER,7836 RESEDA BLVD,RESEDA,CA,91335,"7836 RESEDA BLVD,RESEDA,CA,91335",2026-04-01,
056413,TEMPLE CITY HEALTHCARE,5101 TYLER AVENUE,TEMPLE CITY,CA,91780,"5101 TYLER AVENUE,TEMPLE CITY,CA,91780",2026-04-01,
056417,VIEW HEIGHTS CONV HOSP,12619 S. AVALON BLVD,LOS ANGELES,CA,90061,"12619 S. AVALON BLVD,LOS ANGELES,CA,90061",2026-04-01,
056422,FREMONT HEALTHCARE CENTER,39022 PRESIDIO WAY,FREMONT,CA,94538,"39022 PRESIDIO WAY,FREMONT,CA,94538",2026-04-01,
056423,GATEWAY POST ACUTE,661 WEST POPLAR,PORTERVILLE,CA,93257,"661 WEST POPLAR,PORTERVILLE,CA,93257",2026-04-01,
056429,Laurel Convalescent Hospital,7509 N. Laurel Ave,Fontana,CA,92336,"7509 N. Laurel Ave,Fontana,CA,92336",2026-04-01,
056430,NORTHGATE POSTACUTE CARE,40 PROFESSIONAL CENTER PARKWAY,SAN RAFAEL,CA,94903,"40 PROFESSIONAL CENTER PARKWAY,SAN RAFAEL,CA,94903",2026-04-01,
056431,INLAND VALLEY CARE AND REHABILITATION CENTER,250 W. ARTESIA STREET,POMONA,CA,91768,"250 W. ARTESIA STREET,POMONA,CA,91768",2026-04-01,
056435,HYDE PARK HEALTHCARE CENTER,6520 WEST BLVD.,LOS ANGELES,CA,90043,"6520 WEST BLVD.,LOS ANGELES,CA,90043",2026-04-01,
056438,"FLOWER VILLA, INC",1480 S. LA CIENEGA BL,LOS ANGELES,CA,90035,"1480 S. LA CIENEGA BL,LOS ANGELES,CA,90035",2026-04-01,
056443,GEORGE L MEE MEMORIAL HOSPITAL D/P SNF,300 CANAL STREET,KING CITY,CA,93930,"300 CANAL STREET,KING CITY,CA,93930",2026-04-01,
056446,PARAMOUNT CONVALESCENT HOSP.,8558 EAST ROSECRANS AVENUE,PARAMOUNT,CA,90723,"8558 EAST ROSECRANS AVENUE,PARAMOUNT,CA,90723",2026-04-01,
056447,HAYWARD HILLS HEALTH CARE CENTER,1768 B STREET,HAYWARD,CA,94541,"1768 B STREET,HAYWARD,CA,94541",2026-04-01,
056449,SAN FRANCISCO POST ACUTE,5767 MISSION STREET,SAN FRANCISCO,CA,94112,"5767 MISSION STREET,SAN FRANCISCO,CA,94112",2026-04-01,
056451,Cheviot Hills Post Acute,3533 Motor Avenue,Los Angeles,CA,90034,"3533 Motor Avenue,Los Angeles,CA,90034",2026-04-01,
056457,GREENRIDGE POST ACUTE,2150 PYRAMID DRIVE,EL SOBRANTE,CA,94803,"2150 PYRAMID DRIVE,EL SOBRANTE,CA,94803",2026-04-01,
056458,GREENFIELD CARE CENTER OF SOUTH GATE,8455 STATE STREET,SOUTH GATE,CA,90280,"8455 STATE STREET,SOUTH GATE,CA,90280",2026-04-01,
056466,SIERRA VIEW CARE CENTER,14318 OHIO STREET,BALDWIN PARK,CA,91706,"14318 OHIO STREET,BALDWIN PARK,CA,91706",2026-04-01,
056475,VISTA POST ACUTE,3269 D STREET,HAYWARD,CA,94541,"3269 D STREET,HAYWARD,CA,94541",2026-04-01,
056476,Rosewood Post Acute,1911 OAK PARK BOULEVARD,PLEASANT HILL,CA,94523,"1911 OAK PARK BOULEVARD,PLEASANT HILL,CA,94523",2026-04-01,
056477,EASTLAND SUBACUTE AND REHABILITATION CENTER,3825 DURFEE AVE,EL MONTE,CA,91732,"3825 DURFEE AVE,EL MONTE,CA,91732",2026-04-01,
056478,LIGHTHOUSE  HEALTHCARE CENTER,2222 SANTA ANA BLVD.,LOS ANGELES,CA,90059,"2222 SANTA ANA BLVD.,LOS ANGELES,CA,90059",2026-04-01,
056479,ALAMEDA COUNTY MEDICAL CENTER D/P SNF,15400 FOOTHILL BOULEVARD,SAN LEANDRO,CA,94578,"15400 FOOTHILL BOULEVARD,SAN LEANDRO,CA,94578",2026-04-01,
056483,"SHERWOOD OAKS POST ACUTE CARE, LLC",130 DANA STREET,FORT BRAGG,CA,95437,"130 DANA STREET,FORT BRAGG,CA,95437",2026-04-01,
056485,ARLINGTON GARDENS CARE CENTER,3688 NYE AVENUE,RIVERSIDE,CA,92505,"3688 NYE AVENUE,RIVERSIDE,CA,92505",2026-04-01,
056487,RIO HONDO SUBACUTE &  NURSING CENTER,273 E BEVERLY BOULEVARD,MONTEBELLO,CA,90640,"273 E BEVERLY BOULEVARD,MONTEBELLO,CA,90640",2026-04-01,
056499,PROVIDENCE LITTLE CO OF MARY TRANSITIONAL CARE CTR,4320 MARICOPA  STREET,TORRANCE,CA,90503,"4320 MARICOPA  STREET,TORRANCE,CA,90503",2026-04-01,
05A024,CRESTWOOD MANOR,1400 CELESTE DR.,MODESTO,CA,95355,"1400 CELESTE DR.,MODESTO,CA,95355",2026-04-01,
05A027,Sierra Vista,3455 East Highland Ave,Highland,CA,92346,"3455 East Highland Ave,Highland,CA,92346",2026-04-01,
05A110,GRACE HOME INC.,13435 PEACH AVENUE,LIVINGSTON,CA,95334,"13435 PEACH AVENUE,LIVINGSTON,CA,95334",2026-04-01,
05A137,LAUREL PARK BEHAVIORAL HEALTH CENTER,1425 LAUREL AVENUE,POMONA,CA,91768,"1425 LAUREL AVENUE,POMONA,CA,91768",2026-04-01,
05A147,Merced Behavioral Center,1255 B STREET,MERCED,CA,95341,"1255 B STREET,MERCED,CA,95341",2026-04-01,
05A192,THE ROYAL HOME,12436 ROYAL ROAD,EL CAJON,CA,92021,"12436 ROYAL ROAD,EL CAJON,CA,92021",2026-04-01,
05A208,Shandin Hills Behavior Therapy Center,4164 N 4th Ave,San Bernardino,CA,92407,"4164 N 4th Ave,San Bernardino,CA,92407",2026-04-01,
05A263,RIVERSIDE BEHAVIORAL HEALTHCARE CENTER,4580 PALM AVENUE,RIVERSIDE,CA,92501,"4580 PALM AVENUE,RIVERSIDE,CA,92501",2026-04-01,
05A264,VISTA PACIFICA CENTER,3674 PACIFIC AVENUE,JURUPA VALLEY,CA,92509,"3674 PACIFIC AVENUE,JURUPA VALLEY,CA,92509",2026-04-01,
05A269,MEADOWBROOK BEHAVIORAL HEALTH CENTER,3951 EAST BLVD.,LOS ANGELES,CA,90066,"3951 EAST BLVD.,LOS ANGELES,CA,90066",2026-04-01,
05A277,INSPIRE BEHAVIORAL HEALTH,401 RIDGE VISTA AVENUE,SAN JOSE,CA,95127,"401 RIDGE VISTA AVENUE,SAN JOSE,CA,95127",2026-04-01,
05A290,ST. ANNE'S HOME,300 LAKE STREET,SAN FRANCISCO,CA,94118,"300 LAKE STREET,SAN FRANCISCO,CA,94118",2026-04-01,
05A292,HELEN BERNARDY CENTER D/P SNF,8060 FROST ST,SAN DIEGO,CA,92123,"8060 FROST ST,SAN DIEGO,CA,92123",2026-04-01,
05A315,HAYES CONVALESCENT HOSPITAL,1250 HAYES STREET,SAN FRANCISCO,CA,94117,"1250 HAYES STREET,SAN FRANCISCO,CA,94117",2026-04-01,
05A355,LA PAZ GEROPSYCHIATRIC CENTER,8835 VANS STREET,PARAMOUNT,CA,90723,"8835 VANS STREET,PARAMOUNT,CA,90723",2026-04-01,
05A357,DEPT OF STATE HOSPITALS - NAPA D/P SNF,2100 NAPA-VALLEJO HIGHWAY,NAPA,CA,94558,"2100 NAPA-VALLEJO HIGHWAY,NAPA,CA,94558",2026-04-01,
05A360,PENN MAR HEALTHCARE CENTER,3938 COGSWELL ROAD,EL MONTE,CA,91732,"3938 COGSWELL ROAD,EL MONTE,CA,91732",2026-04-01,
05A371,Crestwood Wellness and Recovery Center,3062 CHURN CREEK RD.,REDDING,CA,96002,"3062 CHURN CREEK RD.,REDDING,CA,96002",2026-04-01,
05A396,GARFIELD NEUROBEHAVIORAL CENTER,1451 28TH AVENUE,OAKLAND,CA,94601,"1451 28TH AVENUE,OAKLAND,CA,94601",2026-04-01,
05A408,CRESTWOOD TREATMENT CENTER,2171 MOWRY AVENUE,FREMONT,CA,94538,"2171 MOWRY AVENUE,FREMONT,CA,94538",2026-04-01,
05A427,CRESTWOOD MANOR - FREMONT,4303 STEVENSON BOULEVARD,FREMONT,CA,94538,"4303 STEVENSON BOULEVARD,FREMONT,CA,94538",2026-04-01,
065092,VILLA MANOR CARE CENTER,7950 W MISSISSIPPI AVE,LAKEWOOD,CO,80226,"7950 W MISSISSIPPI AVE,LAKEWOOD,CO,80226",2026-04-01,
065108,"VILLAS AT SUNNY ACRES, THE",2501 E 104TH AVE,THORNTON,CO,80233,"2501 E 104TH AVE,THORNTON,CO,80233",2026-04-01,
065110,RED CLIFFS POST ACUTE,2901 N 12TH ST,GRAND JUNCTION,CO,81506,"2901 N 12TH ST,GRAND JUNCTION,CO,81506",2026-04-01,
065119,VALLEY MANOR CARE CENTER,1401 S CASCADE AVE,MONTROSE,CO,81401,"1401 S CASCADE AVE,MONTROSE,CO,81401",2026-04-01,
065120,CLEAR CREEK CARE CENTER,7481 KNOX PL,WESTMINSTER,CO,80030,"7481 KNOX PL,WESTMINSTER,CO,80030",2026-04-01,
065121,"PAVILION AT VILLA PUEBLO, THE",855 HUNTER DR,PUEBLO,CO,81001,"855 HUNTER DR,PUEBLO,CO,81001",2026-04-01,
065129,NORTH SHORE HEALTH & REHAB FACILITY,1365 W 29TH ST,LOVELAND,CO,80538,"1365 W 29TH ST,LOVELAND,CO,80538",2026-04-01,
065139,GOOD SAMARITAN SOCIETY -- LOVELAND VILLAGE,2101 S GARFIELD AVE,LOVELAND,CO,80537,"2101 S GARFIELD AVE,LOVELAND,CO,80537",2026-04-01,
065142,LEMAY AVENUE HEALTH AND REHAB LLC,4824 S LEMAY AVE,FORT COLLINS,CO,80525,"4824 S LEMAY AVE,FORT COLLINS,CO,80525",2026-04-01,
065144,GUNNISON VALLEY HEALTH SENIOR CARE CENTER,1500 W TOMICHI AVE,GUNNISON,CO,81230,"1500 W TOMICHI AVE,GUNNISON,CO,81230",2026-04-01,
065147,MOUNTAIN VIEW POST ACUTE,835 TENDERFOOT HILL RD,COLORADO SPRINGS,CO,80906,"835 TENDERFOOT HILL RD,COLORADO SPRINGS,CO,80906",2026-04-01,
065150,DEVONSHIRE CARE CENTER,1330 SIDNEY AVE,STERLING,CO,80751,"1330 SIDNEY AVE,STERLING,CO,80751",2026-04-01,
065152,SUNDANCE SKILLED NURSING AND REHABILITATION,2612 W CUCHARRAS ST,COLORADO SPRINGS,CO,80904,"2612 W CUCHARRAS ST,COLORADO SPRINGS,CO,80904",2026-04-01,
065153,VISTA GRANDE REHABILITATION AND HEALTHCARE CENTER,680 E HOSPITAL DR,CORTEZ,CO,81321,"680 E HOSPITAL DR,CORTEZ,CO,81321",2026-04-01,
065163,EBEN EZER LUTHERAN CARE CENTER,122 HOSPITAL RD,BRUSH,CO,80723,"122 HOSPITAL RD,BRUSH,CO,80723",2026-04-01,
065166,"POUDRE CANYON REHABILITATION AND NURSING, LLC",1000 S LEMAY AVE,FORT COLLINS,CO,80524,"1000 S LEMAY AVE,FORT COLLINS,CO,80524",2026-04-01,
065168,FALCON HEIGHTS REHABILITATION AND NURSING LLC,1795 MONTEREY RD,COLORADO SPRINGS,CO,80910,"1795 MONTEREY RD,COLORADO SPRINGS,CO,80910",2026-04-01,
065170,SOUTH PLATTE REHABILITATION AND NURSING LLC,2200 EDISON ST,BRUSH,CO,80723,"2200 EDISON ST,BRUSH,CO,80723",2026-04-01,
065172,FOUNTAIN VIEW REHABILITATION AND NURSING LLC,2438 E FOUNTAIN BLVD,COLORADO SPRINGS,CO,80910,"2438 E FOUNTAIN BLVD,COLORADO SPRINGS,CO,80910",2026-04-01,
065174,"STERLING REHABILITATION AND NURSING, LLC",1420 S 3RD AVE,STERLING,CO,80751,"1420 S 3RD AVE,STERLING,CO,80751",2026-04-01,
065175,"KIOWA HILLS REHABILITATION AND NURSING, LLC",924 W KIOWA ST,COLORADO SPRINGS,CO,80905,"924 W KIOWA ST,COLORADO SPRINGS,CO,80905",2026-04-01,
065176,HIGHLAND PARK REHABILITATION & CARE CENTER,500 GENEVA ST,AURORA,CO,80010,"500 GENEVA ST,AURORA,CO,80010",2026-04-01,
065181,VALLEY VIEW VILLA,815 FREMONT AVE,FORT MORGAN,CO,80701,"815 FREMONT AVE,FORT MORGAN,CO,80701",2026-04-01,
065189,"PEAKS CARE CENTER, THE",1440 COFFMAN ST,LONGMONT,CO,80501,"1440 COFFMAN ST,LONGMONT,CO,80501",2026-04-01,
065191,Heights Care & Rehabilitation LLC,3131 S FEDERAL BLVD,DENVER,CO,80236,"3131 S FEDERAL BLVD,DENVER,CO,80236",2026-04-01,
065193,THORNTON CARE CENTER,501 THORNTON PKWY,THORNTON,CO,80229,"501 THORNTON PKWY,THORNTON,CO,80229",2026-04-01,
065195,HOPE SPRINGS CARE CENTER,1043 RIDGE ST,MONTROSE,CO,81401,"1043 RIDGE ST,MONTROSE,CO,81401",2026-04-01,
065198,"GARDENS, THE",104 LOIS LN,COLORADO SPRINGS,CO,80904,"104 LOIS LN,COLORADO SPRINGS,CO,80904",2026-04-01,
065209,WESTERN HILLS HEALTH CARE CENTER,1625 CARR ST,LAKEWOOD,CO,80214,"1625 CARR ST,LAKEWOOD,CO,80214",2026-04-01,
065211,"FAIRACRES MANOR, INC.",1700 18TH AVE,GREELEY,CO,80631,"1700 18TH AVE,GREELEY,CO,80631",2026-04-01,
065212,WESTLAKE HEALTH AND REHABILITATION CENTER,1637 29TH AVE PL,GREELEY,CO,80634,"1637 29TH AVE PL,GREELEY,CO,80634",2026-04-01,
065217,CANON LODGE CARE CENTER,905 HARDING AVE,CANON CITY,CO,81212,"905 HARDING AVE,CANON CITY,CO,81212",2026-04-01,
065220,COLUMBINE MANOR CARE CENTER,530 W 16TH ST,SALIDA,CO,81201,"530 W 16TH ST,SALIDA,CO,81201",2026-04-01,
065221,CREEKSIDE VILLAGE REHABILITATION AND NURSING LLC,1000 E STUART ST,FORT COLLINS,CO,80525,"1000 E STUART ST,FORT COLLINS,CO,80525",2026-04-01,
065225,"COLONIAL REHABILITATION AND NURSING, LLC",1340 E FILLMORE ST,COLORADO SPRINGS,CO,80907,"1340 E FILLMORE ST,COLORADO SPRINGS,CO,80907",2026-04-01,
065227,GOOD SAMARITAN SOCIETY -- FORT COLLINS VILLAGE,508 W TRILBY RD,FORT COLLINS,CO,80525,"508 W TRILBY RD,FORT COLLINS,CO,80525",2026-04-01,
065228,CANYON VIEW CARE CENTER,151 E 3RD ST,PALISADE,CO,81526,"151 E 3RD ST,PALISADE,CO,81526",2026-04-01,
065229,LAKESHORE POST ACUTE AND REHABILITATION CENTER,2701 CALIFORNIA ST,PUEBLO,CO,81004,"2701 CALIFORNIA ST,PUEBLO,CO,81004",2026-04-01,
065230,SOUTH VALLEY POST ACUTE REHABILITATION,4450 E JEWELL AVE,DENVER,CO,80222,"4450 E JEWELL AVE,DENVER,CO,80222",2026-04-01,
065231,University Park Care Center,945 DESERT FLOWER BLVD,PUEBLO,CO,81001,"945 DESERT FLOWER BLVD,PUEBLO,CO,81001",2026-04-01,
065234,EVERGREEN NURSING HOME,1991 CARROLL ST,ALAMOSA,CO,81101,"1991 CARROLL ST,ALAMOSA,CO,81101",2026-04-01,
065235,PIONEER HEALTH CARE CENTER,900 S 12TH ST,ROCKY FORD,CO,81067,"900 S 12TH ST,ROCKY FORD,CO,81067",2026-04-01,
065238,SKYLAKE POST ACUTE,12080 BELLAIRE WY,THORNTON,CO,80241,"12080 BELLAIRE WY,THORNTON,CO,80241",2026-04-01,
065239,SAN LUIS CARE CENTER,240 CRAFT DR,ALAMOSA,CO,81101,"240 CRAFT DR,ALAMOSA,CO,81101",2026-04-01,
065241,HILLTOP PARK POST ACUTE,290 S MONACO PKWY,DENVER,CO,80224,"290 S MONACO PKWY,DENVER,CO,80224",2026-04-01,
065244,GLENWOOD SPRINGS HEALTHCARE,2305 BLAKE AVE,GLENWOOD SPRINGS,CO,81601,"2305 BLAKE AVE,GLENWOOD SPRINGS,CO,81601",2026-04-01,
065245,COLUMBINE WEST HEALTH AND REHAB LLC,940 WORTHINGTON CIR,FORT COLLINS,CO,80526,"940 WORTHINGTON CIR,FORT COLLINS,CO,80526",2026-04-01,
065247,SPRINGS VILLAGE CARE CENTER,110 W VAN BUREN ST,COLORADO SPRINGS,CO,80907,"110 W VAN BUREN ST,COLORADO SPRINGS,CO,80907",2026-04-01,
065249,WILLOW TREE CARE CENTER,2050 S MAIN ST,DELTA,CO,81416,"2050 S MAIN ST,DELTA,CO,81416",2026-04-01,
065251,PAONIA CARE AND REHABILITATION CENTER,1625 MEADOWBROOK BLVD,PAONIA,CO,81428,"1625 MEADOWBROOK BLVD,PAONIA,CO,81428",2026-04-01,
065253,LA VILLA GRANDE CARE CENTER,2501 LITTLE BOOKCLIFF DR,GRAND JUNCTION,CO,81501,"2501 LITTLE BOOKCLIFF DR,GRAND JUNCTION,CO,81501",2026-04-01,
065254,SUNNY VISTA LIVING CENTER,2445 E CACHE LA POUDRE ST,COLORADO SPRINGS,CO,80909,"2445 E CACHE LA POUDRE ST,COLORADO SPRINGS,CO,80909",2026-04-01,
065255,BRIARWOOD HEALTH CARE CENTER,1440 VINE ST,DENVER,CO,80206,"1440 VINE ST,DENVER,CO,80206",2026-04-01,
065257,STORYBROOK CARE & REHABILITATION,1005 E ELIZABETH ST,FORT COLLINS,CO,80524,"1005 E ELIZABETH ST,FORT COLLINS,CO,80524",2026-04-01,
065258,HORIZONS CARE CENTER,11411 HIGHWAY 65,ECKERT,CO,81418,"11411 HIGHWAY 65,ECKERT,CO,81418",2026-04-01,
065264,WALBRIDGE MEMORIAL CONVALESCENT WING,100 PIONEERS MEDICAL CENTER DR,MEEKER,CO,81641,"100 PIONEERS MEDICAL CENTER DR,MEEKER,CO,81641",2026-04-01,
065266,GARDEN TERRACE ALZHEIMER'S CENTER OF EXCELLENCE,1600 S POTOMAC ST,AURORA,CO,80012,"1600 S POTOMAC ST,AURORA,CO,80012",2026-04-01,
065267,WINDING TRAILS POST ACUTE,2800 PALO PKWY,BOULDER,CO,80301,"2800 PALO PKWY,BOULDER,CO,80301",2026-04-01,
065269,LIFE CARE CENTER OF PUEBLO,2118 CHATALET LN,PUEBLO,CO,81005,"2118 CHATALET LN,PUEBLO,CO,81005",2026-04-01,
065276,LIFE CARE CENTER OF EVERGREEN,2987 BERGEN PEAK DR,EVERGREEN,CO,80439,"2987 BERGEN PEAK DR,EVERGREEN,CO,80439",2026-04-01,
065278,PELICAN POINTE HEALTH AND REHABILITATION CENTER,710 3RD ST,WINDSOR,CO,80550,"710 3RD ST,WINDSOR,CO,80550",2026-04-01,
065285,SILVER HEIGHTS SKILLED NURSING AND REHABILITATION,4001 HOME ST,CASTLE ROCK,CO,80108,"4001 HOME ST,CASTLE ROCK,CO,80108",2026-04-01,
065286,EAGLE RIDGE POST ACUTE,2425 TELLER AVE,GRAND JUNCTION,CO,81501,"2425 TELLER AVE,GRAND JUNCTION,CO,81501",2026-04-01,
065292,"REHABILITATION CENTER AT SANDALWOOD, THE",3835 HARLAN ST,WHEAT RIDGE,CO,80033,"3835 HARLAN ST,WHEAT RIDGE,CO,80033",2026-04-01,
065294,LAMAR ESTATES NURSING CENTER,205 S 10TH ST,LAMAR,CO,81052,"205 S 10TH ST,LAMAR,CO,81052",2026-04-01,
065297,ALLISON CARE CENTER,1660 ALLISON ST,LAKEWOOD,CO,80214,"1660 ALLISON ST,LAKEWOOD,CO,80214",2026-04-01,
065298,HARMONY POINTE CARE CENTER,1655 YARROW ST,LAKEWOOD,CO,80214,"1655 YARROW ST,LAKEWOOD,CO,80214",2026-04-01,
065299,PARKVIEW CARE CENTER,3105 W ARKANSAS AVE,DENVER,CO,80219,"3105 W ARKANSAS AVE,DENVER,CO,80219",2026-04-01,
065302,REGENT PARK NURSING AND REHABILITATION,816 S INTEROCEAN AVE,HOLYOKE,CO,80734,"816 S INTEROCEAN AVE,HOLYOKE,CO,80734",2026-04-01,
065306,"VALLEY REHABILITATION AND HEALTHCARE CENTER, THE",211 E 3RD AVE,MANCOS,CO,81328,"211 E 3RD AVE,MANCOS,CO,81328",2026-04-01,
065307,MANTEY HEIGHTS REHABILITATION & CARE CENTER,2825 PATTERSON RD,GRAND JUNCTION,CO,81506,"2825 PATTERSON RD,GRAND JUNCTION,CO,81506",2026-04-01,
065309,WASHINGTON COUNTY NURSING HOME,599 W GREENHOUSE DR,AKRON,CO,80720,"599 W GREENHOUSE DR,AKRON,CO,80720",2026-04-01,
065312,CROWLEY COUNTY NURSING CENTER,401 IDAHO AVE,ORDWAY,CO,81063,"401 IDAHO AVE,ORDWAY,CO,81063",2026-04-01,
065316,HILLCREST CARE CENTER,360 CANYON RIDGE DR,WRAY,CO,80758,"360 CANYON RIDGE DR,WRAY,CO,80758",2026-04-01,
065324,FRASIER MEADOWS HEALTH CARE CENTER,4950 THUNDERBIRD DR,BOULDER,CO,80303,"4950 THUNDERBIRD DR,BOULDER,CO,80303",2026-04-01,
065325,MOUNT ST FRANCIS NURSING CENTER,7550 ASSISI HTS,COLORADO SPRINGS,CO,80919,"7550 ASSISI HTS,COLORADO SPRINGS,CO,80919",2026-04-01,
065327,JUNIPER VILLAGE - THE SPEARLY CENTER,2205 W 29TH AVE,DENVER,CO,80211,"2205 W 29TH AVE,DENVER,CO,80211",2026-04-01,
065330,ARBOR VIEW CARE CENTER,7991 W 71ST AVE,ARVADA,CO,80004,"7991 W 71ST AVE,ARVADA,CO,80004",2026-04-01,
065331,Larchwood Inn,2845 N 15TH ST,GRAND JUNCTION,CO,81506,"2845 N 15TH ST,GRAND JUNCTION,CO,81506",2026-04-01,
065332,LIFE CARE CENTER OF AURORA,14101 E EVANS AVE,AURORA,CO,80014,"14101 E EVANS AVE,AURORA,CO,80014",2026-04-01,
065337,UNIVERSITY HEIGHTS CARE CENTER,656 DILLON WAY,AURORA,CO,80011,"656 DILLON WAY,AURORA,CO,80011",2026-04-01,
065344,"SUITES AT CLERMONT PARK CARE CENTER, THE",2480 S CLERMONT ST,DENVER,CO,80222,"2480 S CLERMONT ST,DENVER,CO,80222",2026-04-01,
065345,"SUITES AT SOMEREN GLEN CARE CENTER, THE",5000 E ARAPAHOE RD,CENTENNIAL,CO,80122,"5000 E ARAPAHOE RD,CENTENNIAL,CO,80122",2026-04-01,
065347,"VALLEY VIEW HEALTH CARE CENTER, INC",2120 N 10TH ST,CANON CITY,CO,81212,"2120 N 10TH ST,CANON CITY,CO,81212",2026-04-01,
065351,HOLLY CARE CENTER,320 N 8TH ST,HOLLY,CO,81047,"320 N 8TH ST,HOLLY,CO,81047",2026-04-01,
065354,COLOROW HEALTH CARE LLC,885 S HWY 50 BUSINESS LOOP,OLATHE,CO,81425,"885 S HWY 50 BUSINESS LOOP,OLATHE,CO,81425",2026-04-01,
065355,SHARMAR VILLAGE SENIOR CARE COMMUNITY,1209 W ABRIENDO AVE,PUEBLO,CO,81004,"1209 W ABRIENDO AVE,PUEBLO,CO,81004",2026-04-01,
065356,LIFE CARE CENTER OF COLORADO SPRINGS,2490 INTERNATIONAL CIR,COLORADO SPRINGS,CO,80910,"2490 INTERNATIONAL CIR,COLORADO SPRINGS,CO,80910",2026-04-01,
065358,LIFE CARE CENTER OF WESTMINSTER,7751 ZENOBIA CT,WESTMINSTER,CO,80030,"7751 ZENOBIA CT,WESTMINSTER,CO,80030",2026-04-01,
065360,FOWLER HEALTH CARE,221 2ND ST,FOWLER,CO,81039,"221 2ND ST,FOWLER,CO,81039",2026-04-01,
065361,BROOKSIDE INN,1297 S PERRY ST,CASTLE ROCK,CO,80104,"1297 S PERRY ST,CASTLE ROCK,CO,80104",2026-04-01,
065367,"VILLAGE CARE AND REHABILITATION CENTER, THE",9221 WADSWORTH PKWY,WESTMINSTER,CO,80021,"9221 WADSWORTH PKWY,WESTMINSTER,CO,80021",2026-04-01,
065368,LIFE CARE CENTER OF GREELEY,4800 W 25TH ST,GREELEY,CO,80634,"4800 W 25TH ST,GREELEY,CO,80634",2026-04-01,
065370,LIFE CARE CENTER OF LITTLETON,1500 W MINERAL AVE,LITTLETON,CO,80120,"1500 W MINERAL AVE,LITTLETON,CO,80120",2026-04-01,
065373,BEAR CREEK SENIOR LIVING,1685 S 21ST ST,COLORADO SPRINGS,CO,80904,"1685 S 21ST ST,COLORADO SPRINGS,CO,80904",2026-04-01,
065377,CENTRE AVENUE HEALTH AND REHAB LLC,815 CENTRE AVE,FORT COLLINS,CO,80526,"815 CENTRE AVE,FORT COLLINS,CO,80526",2026-04-01,
065379,ADARA LIVING,12975 SHERIDAN BLVD,BROOMFIELD,CO,80020,"12975 SHERIDAN BLVD,BROOMFIELD,CO,80020",2026-04-01,
065381,GRAND RIVER HEALTH CARE CENTER,701 E 5TH ST,RIFLE,CO,81650,"701 E 5TH ST,RIFLE,CO,81650",2026-04-01,
065382,BROOKDALE SKYLINE,2365 PATRIOT HTS,COLORADO SPRINGS,CO,80904,"2365 PATRIOT HTS,COLORADO SPRINGS,CO,80904",2026-04-01,
065384,Yampa Valley Healthcare Center,943 W 8TH DR,CRAIG,CO,81625,"943 W 8TH DR,CRAIG,CO,81625",2026-04-01,
065386,COLORADO STATE VETERANS NURSING HOME - RIFLE,851 E 5TH ST,RIFLE,CO,81650,"851 E 5TH ST,RIFLE,CO,81650",2026-04-01,
065387,CITY SCAPE REHABILITATION & CARE CENTER LLC,3345 FOREST ST,DENVER,CO,80207,"3345 FOREST ST,DENVER,CO,80207",2026-04-01,
065390,"CENTER AT CENTENNIAL, THE",3490 CENTENNIAL BLVD,COLORADO SPRINGS,CO,80907,"3490 CENTENNIAL BLVD,COLORADO SPRINGS,CO,80907",2026-04-01,
065391,COLORADO VETERANS COMMUNITY LIVING CTR AT HOMELAKE,3749 SHERMAN AVE,MONTE VISTA,CO,81144,"3749 SHERMAN AVE,MONTE VISTA,CO,81144",2026-04-01,
065394,BRUCE MCCANDLESS CO STATE VETERANS NURSING HOME,903 MOORE DR,FLORENCE,CO,81226,"903 MOORE DR,FLORENCE,CO,81226",2026-04-01,
065395,"SUITES AT HOLLY CREEK CARE CENTER, THE",5590 E PEAKVIEW AVE,CENTENNIAL,CO,80121,"5590 E PEAKVIEW AVE,CENTENNIAL,CO,80121",2026-04-01,
065396,TRINIDAD REHABILITATION AND HEALTHCARE CENTER,409 BENEDICTA AVE,TRINIDAD,CO,81082,"409 BENEDICTA AVE,TRINIDAD,CO,81082",2026-04-01,
065397,"GRACE POINTE CONT CARE SR CAMPUS, SKILLED NURSING",1919 68TH AVE,GREELEY,CO,80634,"1919 68TH AVE,GREELEY,CO,80634",2026-04-01,
065398,VI AT HIGHLANDS RANCH SKILLED NURSING,9085 RANCH RIVER CIR,HIGHLANDS RANCH,CO,80126,"9085 RANCH RIVER CIR,HIGHLANDS RANCH,CO,80126",2026-04-01,
065400,LAKEWOOD POST ACUTE AND REHABILITATION,7395 W EASTMAN PL,LAKEWOOD,CO,80227,"7395 W EASTMAN PL,LAKEWOOD,CO,80227",2026-04-01,
065401,LIFE CARE CENTER OF STONEGATE,15720 GARDEN PLAZA DR,PARKER,CO,80134,"15720 GARDEN PLAZA DR,PARKER,CO,80134",2026-04-01,
065403,"CENTER AT LINCOLN, LLC, THE",12230 LIONESS WY,PARKER,CO,80134,"12230 LIONESS WY,PARKER,CO,80134",2026-04-01,
065407,ADVANCED HEALTH CARE OF COLORADO SPRINGS,55 S PARKSIDE DR,COLORADO SPRINGS,CO,80910,"55 S PARKSIDE DR,COLORADO SPRINGS,CO,80910",2026-04-01,
065408,LAKEWOOD VILLA,1625 SIMMS ST,LAKEWOOD,CO,80215,"1625 SIMMS ST,LAKEWOOD,CO,80215",2026-04-01,
065409,CONTINUING CARE AT WIND CREST,3420 MILL VISTA RD,HIGHLANDS RANCH,CO,80129,"3420 MILL VISTA RD,HIGHLANDS RANCH,CO,80129",2026-04-01,
065410,COLUMBINE COMMONS HEALTH AND REHAB LLC,1475 MAIN ST,WINDSOR,CO,80550,"1475 MAIN ST,WINDSOR,CO,80550",2026-04-01,
065411,COTTONWOOD REHABILITATION AND HEALTHCARE CENTER,450 PROSPECTOR AVE,DURANGO,CO,81301,"450 PROSPECTOR AVE,DURANGO,CO,81301",2026-04-01,
065412,"GREEN HOUSE HOMES AT MIRASOL, THE",490 MIRASOL DR,LOVELAND,CO,80537,"490 MIRASOL DR,LOVELAND,CO,80537",2026-04-01,
065413,"CENTER AT CORDERA, LLC, THE",9208 GRAND CORDERA PKWY,COLORADO SPRINGS,CO,80924,"9208 GRAND CORDERA PKWY,COLORADO SPRINGS,CO,80924",2026-04-01,
065414,COAL CREEK POST ACUTE & ASSISTED LIVING,329 EXEMPLA CIR,LAFAYETTE,CO,80026,"329 EXEMPLA CIR,LAFAYETTE,CO,80026",2026-04-01,
065415,PIKES PEAK POST ACUTE,2719 N UNION BLVD,COLORADO SPRINGS,CO,80909,"2719 N UNION BLVD,COLORADO SPRINGS,CO,80909",2026-04-01,
065416,"CENTER AT NORTHRIDGE, LLC, THE",12285 PECOS ST,WESTMINSTER,CO,80234,"12285 PECOS ST,WESTMINSTER,CO,80234",2026-04-01,
065417,"HEALTHCARE RESORT OF COLORADO SPRINGS, THE",2818 GRAND VISTA CIR,COLORADO SPRINGS,CO,80904,"2818 GRAND VISTA CIR,COLORADO SPRINGS,CO,80904",2026-04-01,
065418,FOREST RIDGE HEALTH AND REHAB LLC,16006 W US HIGHWAY 24,WOODLAND PARK,CO,80863,"16006 W US HIGHWAY 24,WOODLAND PARK,CO,80863",2026-04-01,
065419,"CENTER AT LOWRY, LLC",8550 E LOWRY BLVD,DENVER,CO,80230,"8550 E LOWRY BLVD,DENVER,CO,80230",2026-04-01,
065420,CASTLE PEAK SENIOR LIFE AND REHABILITATION,195 FREESTONE RD,EAGLE,CO,81631,"195 FREESTONE RD,EAGLE,CO,81631",2026-04-01,
065424,RIVER VALLEY REHABILITATION AND HEALTHCARE CENTER,1335 6TH ST,DEL NORTE,CO,81132,"1335 6TH ST,DEL NORTE,CO,81132",2026-04-01,
065425,"CENTER AT FORESIGHT LLC, THE",606 FORESIGHT CIR E,GRAND JUNCTION,CO,81505,"606 FORESIGHT CIR E,GRAND JUNCTION,CO,81505",2026-04-01,
065427,"CENTER AT PARK WEST LLC, THE",3727 PARKER BLVD,PUEBLO,CO,81008,"3727 PARKER BLVD,PUEBLO,CO,81008",2026-04-01,
065429,"ACCEL AT LONGMONT HEALTH AND REHAB, LLC",1960 S FORDHAM ST,LONGMONT,CO,80503,"1960 S FORDHAM ST,LONGMONT,CO,80503",2026-04-01,
065431,"CENTER AT CENTERPLACE, LLC, THE",4356 24TH ST RD,GREELEY,CO,80634,"4356 24TH ST RD,GREELEY,CO,80634",2026-04-01,
065432,KATHERINE AND CHARLES HOVER GREEN HOUSES,1425 BELMONT DR,LONGMONT,CO,80503,"1425 BELMONT DR,LONGMONT,CO,80503",2026-04-01,
065435,"AHC OF LAKEWOOD, LLC",11155 W 15TH PL,LAKEWOOD,CO,80215,"11155 W 15TH PL,LAKEWOOD,CO,80215",2026-04-01,
065436,BLUESTEM VILLAGE,1 DARLENE DR,LA JUNTA,CO,81050,"1 DARLENE DR,LA JUNTA,CO,81050",2026-04-01,
06A172,PARK FOREST CARE CENTER LLC,7045 STUART ST,WESTMINSTER,CO,80030,"7045 STUART ST,WESTMINSTER,CO,80030",2026-04-01,
06A173,SEDGWICK COUNTY MEMORIAL NURSING HOME,901 CEDAR ST,JULESBURG,CO,80737,"901 CEDAR ST,JULESBURG,CO,80737",2026-04-01,
06A175,WALSH HEALTHCARE CENTER,150 N NEVADA ST,WALSH,CO,81090,"150 N NEVADA ST,WALSH,CO,81090",2026-04-01,
06A192,CHEYENNE MANOR,561 W 1ST ST N,CHEYENNE WELLS,CO,80810,"561 W 1ST ST N,CHEYENNE WELLS,CO,80810",2026-04-01,
075011,AUTUMN LAKE HEALTHCARE AT WINDSOR,581 POQUONOCK AVE,WINDSOR,CT,6095,"581 POQUONOCK AVE,WINDSOR,CT,06095",2026-04-01,
075034,CAROLTON CHRONIC & CONVALESCENT HOSPITAL INC,400 MILL PLAIN RD,FAIRFIELD,CT,6824,"400 MILL PLAIN RD,FAIRFIELD,CT,06824",2026-04-01,
075044,APPLE REHAB FARMINGTON VALLEY,269 FARMINGTON AVE,PLAINVILLE,CT,6062,"269 FARMINGTON AVE,PLAINVILLE,CT,06062",2026-04-01,
075061,STAMFORD CARE CENTER,53 COURTLAND AVENUE,STAMFORD,CT,6902,"53 COURTLAND AVENUE,STAMFORD,CT,06902",2026-04-01,
075063,AVERY NURSING HOME/NOBLE BUILDING,705 NEW BRITAIN AVE,HARTFORD,CT,6106,"705 NEW BRITAIN AVE,HARTFORD,CT,06106",2026-04-01,
075074,HAVENCARE AT FILOSA,13 HAKIM ST,DANBURY,CT,6810,"13 HAKIM ST,DANBURY,CT,06810",2026-04-01,
075079,NORWICH SUB-ACUTE AND NURSING,93 WEST TOWN STREET,NORWICH,CT,6360,"93 WEST TOWN STREET,NORWICH,CT,06360",2026-04-01,
075089,APPLE REHAB MIDDLETOWN,600 HIGHLAND AVE,MIDDLETOWN,CT,6457,"600 HIGHLAND AVE,MIDDLETOWN,CT,06457",2026-04-01,
075105,Torrington Center For Nursing & Rehabilitation LLC,80 FERN DR,TORRINGTON,CT,6790,"80 FERN DR,TORRINGTON,CT,06790",2026-04-01,
075111,WOLCOTT HALL NURSING CENTER INC,215 FOREST ST,TORRINGTON,CT,6790,"215 FOREST ST,TORRINGTON,CT,06790",2026-04-01,
075113,GREENTREE MANOR NURSING AND REHABILITATION CENTER,4 GREENTREE DRIVE,WATERFORD,CT,6385,"4 GREENTREE DRIVE,WATERFORD,CT,06385",2026-04-01,
075135,MASONICARE HEALTH CENTER,22 MASONIC AVENUE,WALLINGFORD,CT,6492,"22 MASONIC AVENUE,WALLINGFORD,CT,06492",2026-04-01,
075144,Apple Rehab Guilford,10 BOSTON POST RD,GUILFORD,CT,6437,"10 BOSTON POST RD,GUILFORD,CT,06437",2026-04-01,
075146,COMPLETE CARE AT MIDDLEBURY,778 MIDDLEBURY RD,MIDDLEBURY,CT,6762,"778 MIDDLEBURY RD,MIDDLEBURY,CT,06762",2026-04-01,
075153,"VILLA AT STAMFORD, THE",88 ROCKRIMMON ROAD,STAMFORD,CT,6903,"88 ROCKRIMMON ROAD,STAMFORD,CT,06903",2026-04-01,
075158,NEW LONDON SUB-ACUTE AND NURSING,90 CLARK LANE,WATERFORD,CT,6385,"90 CLARK LANE,WATERFORD,CT,06385",2026-04-01,
075159,NORWALK CARE CENTER,23 PROSPECT AVENUE,NORWALK,CT,6850,"23 PROSPECT AVENUE,NORWALK,CT,06850",2026-04-01,
075163,MASONICARE AT BISHOP WICKE HEALTH & REHABILITATION,584 LONG HILL AVE,SHELTON,CT,6484,"584 LONG HILL AVE,SHELTON,CT,06484",2026-04-01,
075182,GRANDVIEW REHABILITATION AND HEALTHCARE CENTER,55 GRAND STREET,NEW BRITAIN,CT,6052,"55 GRAND STREET,NEW BRITAIN,CT,06052",2026-04-01,
075196,HARBOR VILLAGE NORTH HEALTH AND REHABILITATION CEN,78 VIETS ST EXTENSION,NEW LONDON,CT,6320,"78 VIETS ST EXTENSION,NEW LONDON,CT,06320",2026-04-01,
075211,APPLE REHAB ROCKY HILL,45 ELM STREET,ROCKY HILL,CT,6067,"45 ELM STREET,ROCKY HILL,CT,06067",2026-04-01,
075213,CIVITA CARE CENTER AT MILFORD,2028 BRIDGEPORT AVE,MILFORD,CT,6460,"2028 BRIDGEPORT AVE,MILFORD,CT,06460",2026-04-01,
075214,"Portland Care & Rehab Centre, INC",333 MAIN ST,PORTLAND,CT,6480,"333 MAIN ST,PORTLAND,CT,06480",2026-04-01,
075221,"PINES AT BRISTOL FOR NURSING & REHABILITATION, THE",61 BELLEVUE AVENUE,BRISTOL,CT,6010,"61 BELLEVUE AVENUE,BRISTOL,CT,06010",2026-04-01,
075231,APPLE REHAB COLCHESTER,36 BROADWAY STREET,COLCHESTER,CT,6415,"36 BROADWAY STREET,COLCHESTER,CT,06415",2026-04-01,
075232,COBALT LODGE HEALTH CARE AND REHABILITATION CENTER,29 MIDDLE HADDAM RD,COBALT,CT,6414,"29 MIDDLE HADDAM RD,COBALT,CT,06414",2026-04-01,
075237,COMPLETE CARE AT KIMBERLY HALL-SOUTH,1 EMERSON DRIVE,WINDSOR,CT,6095,"1 EMERSON DRIVE,WINDSOR,CT,06095",2026-04-01,
075240,COMPLETE CARE AT GLENDALE,4 HAZEL AVE,NAUGATUCK,CT,6770,"4 HAZEL AVE,NAUGATUCK,CT,06770",2026-04-01,
075241,RIVER GLEN HEALTH CARE CENTER,162 SOUTH BRITAIN RD,SOUTHBURY,CT,6488,"162 SOUTH BRITAIN RD,SOUTHBURY,CT,06488",2026-04-01,
075243,"PIERCE MEMORIAL BAPTIST HOME, INC.",44 CANTERBURY ROAD,BROOKLYN,CT,6234,"44 CANTERBURY ROAD,BROOKLYN,CT,06234",2026-04-01,
075244,AVON HEALTH CENTER,652 WEST AVON RD,AVON,CT,6001,"652 WEST AVON RD,AVON,CT,06001",2026-04-01,
075250,PARKVILLE CARE CENTER,5 GREENWOOD STREET,HARTFORD,CT,6106,"5 GREENWOOD STREET,HARTFORD,CT,06106",2026-04-01,
075253,COMPLETE CARE AT HARRINGTON COURT,59 HARRINGTON CT,COLCHESTER,CT,6415,"59 HARRINGTON CT,COLCHESTER,CT,06415",2026-04-01,
075257,"Riverside Health Care Center, Inc.",745 MAIN ST,EAST HARTFORD,CT,6108,"745 MAIN ST,EAST HARTFORD,CT,06108",2026-04-01,
075261,REGENCY HOUSE NURSING AND REHABILITATION CENTER,181 E MAIN ST,WALLINGFORD,CT,6492,"181 E MAIN ST,WALLINGFORD,CT,06492",2026-04-01,
075263,AUTUMN LAKE HEALTHCARE AT CROMWELL,385 MAIN STREET,CROMWELL,CT,6416,"385 MAIN STREET,CROMWELL,CT,06416",2026-04-01,
075268,TRINITY HILL CARE CENTER,151 HILLSIDE AVE,HARTFORD,CT,6106,"151 HILLSIDE AVE,HARTFORD,CT,06106",2026-04-01,
075271,"MYSTIC HEALTHCARE & REHABILITATION CENTER, LLC",475 HIGH ST,MYSTIC,CT,6355,"475 HIGH ST,MYSTIC,CT,06355",2026-04-01,
075272,ST JOSEPH'S RESIDENCE,1365 ENFIELD ST,ENFIELD,CT,6082,"1365 ENFIELD ST,ENFIELD,CT,06082",2026-04-01,
075274,CIVITA CARE CENTER AT DANBURY,107 OSBORNE STREET,DANBURY,CT,6810,"107 OSBORNE STREET,DANBURY,CT,06810",2026-04-01,
075278,WEST HARTFORD HEALTH & REHABILITATION CENTER,130 LOOMIS DR,WEST HARTFORD,CT,6107,"130 LOOMIS DR,WEST HARTFORD,CT,06107",2026-04-01,
075286,CIVITA CARE CENTER AT NEWINGTON,240 CHURCH ST,NEWINGTON,CT,6111,"240 CHURCH ST,NEWINGTON,CT,06111",2026-04-01,
075295,MERIDEN HEALTH AND REHAB,"360 BROAD STREET, STE 1",MERIDEN,CT,6450,"360 BROAD STREET, STE 1,MERIDEN,CT,06450",2026-04-01,
075296,ARK HEALTHCARE & REHABILITATION AT BRANFORD HILLS,189 ALPS ROAD,BRANFORD,CT,6405,"189 ALPS ROAD,BRANFORD,CT,06405",2026-04-01,
075299,CHELSEA PLACE CARE CENTER LLC,25 LORRAINE ST,HARTFORD,CT,6105,"25 LORRAINE ST,HARTFORD,CT,06105",2026-04-01,
075300,APPLE REHAB SHELTON LAKES,5 LAKE ROAD,SHELTON,CT,6484,"5 LAKE ROAD,SHELTON,CT,06484",2026-04-01,
075301,CALEB HITCHCOCK HEALTH CENTER,10 LOEFFLER RD,BLOOMFIELD,CT,6002,"10 LOEFFLER RD,BLOOMFIELD,CT,06002",2026-04-01,
075306,PILGRIM MANOR,52 MISSIONARY RD,CROMWELL,CT,6416,"52 MISSIONARY RD,CROMWELL,CT,06416",2026-04-01,
075316,GLASTONBURY CENTER FOR HEALTH & REHABILITATION,1175 HEBRON AVE,GLASTONBURY,CT,6033,"1175 HEBRON AVE,GLASTONBURY,CT,06033",2026-04-01,
075318,POMPERAUG WOODS HEALTH CENTER,80 HERITAGE RD,SOUTHBURY,CT,6488,"80 HERITAGE RD,SOUTHBURY,CT,06488",2026-04-01,
075320,ARK HEALTHCARE & REHABILITATION AT ST. CAMILLUS,494 ELM ST,STAMFORD,CT,6902,"494 ELM ST,STAMFORD,CT,06902",2026-04-01,
075321,"Saint Josephs Living Center, Inc.",14 CLUB RD,WINDHAM,CT,6280,"14 CLUB RD,WINDHAM,CT,06280",2026-04-01,
075325,"MARY WADE HOME, THE INCORPORATED",118 CLINTON AVE,NEW HAVEN,CT,6513,"118 CLINTON AVE,NEW HAVEN,CT,06513",2026-04-01,
075326,EVERGREEN CENTER FOR HEALTH & REHABILITATION,205 CHESTNUT HILL ROAD,STAFFORD SPRINGS,CT,6076,"205 CHESTNUT HILL ROAD,STAFFORD SPRINGS,CT,06076",2026-04-01,
075327,APPLE REHAB MYSTIC,28 BROADWAY AVE,MYSTIC,CT,6355,"28 BROADWAY AVE,MYSTIC,CT,06355",2026-04-01,
075329,INGRAHAM MANOR REHAB AND NURSING,400 N MAIN ST,BRISTOL,CT,6010,"400 N MAIN ST,BRISTOL,CT,06010",2026-04-01,
075335,BEECHWOOD HEALTH & REHABILITATION CENTER,31 VAUXHALL STREET,NEW LONDON,CT,6320,"31 VAUXHALL STREET,NEW LONDON,CT,06320",2026-04-01,
075337,SILVER SPRINGS CARE CENTER,33 ROY ST,MERIDEN,CT,6450,"33 ROY ST,MERIDEN,CT,06450",2026-04-01,
075338,ARK HEALTHCARE & REHABILITATION AT GOVERNOR'S HO,36 FIRETOWN RD,SIMSBURY,CT,6070,"36 FIRETOWN RD,SIMSBURY,CT,06070",2026-04-01,
075339,LORD CHAMBERLAIN NURSING & REHABILITATION CENTER,7003 MAIN STREET,STRATFORD,CT,6614,"7003 MAIN STREET,STRATFORD,CT,06614",2026-04-01,
075343,JEROME HOME,975 CORBIN AVENUE,NEW BRITAIN,CT,6052,"975 CORBIN AVENUE,NEW BRITAIN,CT,06052",2026-04-01,
075345,APPLE REHAB COCCOMO,33 CONE AVE,MERIDEN,CT,6450,"33 CONE AVE,MERIDEN,CT,06450",2026-04-01,
075347,SUFFIELD HOUSE REHABILITATION AND HEALTHCARE CENTE,1 CANAL ROAD,SUFFIELD,CT,6078,"1 CANAL ROAD,SUFFIELD,CT,06078",2026-04-01,
075348,ADVANCED CENTER FOR NURSING & REHABILITATION,169 DAVENPORT AVENUE,NEW HAVEN,CT,6519,"169 DAVENPORT AVENUE,NEW HAVEN,CT,06519",2026-04-01,
075349,"COOK WILLOW HEALTH & REHABILITATION CENTER, INC.",81 HILLSIDE AVENUE,PLYMOUTH,CT,6782,"81 HILLSIDE AVENUE,PLYMOUTH,CT,06782",2026-04-01,
075350,CIVITA SHERIDEN WOODS,321 STONECREST DRIVE,BRISTOL,CT,6010,"321 STONECREST DRIVE,BRISTOL,CT,06010",2026-04-01,
075352,"Connecticut Baptist Homes, Inc",292 THORPE AVENUE,MERIDEN,CT,6450,"292 THORPE AVENUE,MERIDEN,CT,06450",2026-04-01,
075354,SAINT JOHN PAUL II CENTER,33 LINCOLN AVENUE,DANBURY,CT,6810,"33 LINCOLN AVENUE,DANBURY,CT,06810",2026-04-01,
075355,STONE BRIDGE CENTER FOR HEALTH & REHABILITATION,139 TODDY HILL ROAD,NEWTOWN,CT,6470,"139 TODDY HILL ROAD,NEWTOWN,CT,06470",2026-04-01,
075361,WAVENY CARE CENTER,3 FARM ROAD,NEW CANAAN,CT,6840,"3 FARM ROAD,NEW CANAAN,CT,06840",2026-04-01,
075365,"CURTIS HOME ST ELIZABETH CENTER, THE",380 CROWN STREET,MERIDEN,CT,6450,"380 CROWN STREET,MERIDEN,CT,06450",2026-04-01,
075366,HAMDEN REHABILITATION & HEALTHCARE CENTER,1270 SHERMAN AVE,HAMDEN,CT,6514,"1270 SHERMAN AVE,HAMDEN,CT,06514",2026-04-01,
075367,CIVITA CARE MEADOWBROOK,350 SALMON BROOK STREET,GRANBY,CT,6035,"350 SALMON BROOK STREET,GRANBY,CT,06035",2026-04-01,
075368,"GARDNER HEIGHTS HEALTH CARE CENTER, INC",172 ROCKY REST ROAD,SHELTON,CT,6484,"172 ROCKY REST ROAD,SHELTON,CT,06484",2026-04-01,
075371,Lutheran Home Of Southbury Inc,990 NORTH MAIN STREET,SOUTHBURY,CT,6488,"990 NORTH MAIN STREET,SOUTHBURY,CT,06488",2026-04-01,
075373,CHESHIRE HOUSE HEALTH CARE FACILITY & REHAB CENTER,3396 E MAIN STREET,WATERBURY,CT,6705,"3396 E MAIN STREET,WATERBURY,CT,06705",2026-04-01,
075374,MONSIGNOR BOJNOWSKI MANOR,50 PULASKI STREET,NEW BRITAIN,CT,6053,"50 PULASKI STREET,NEW BRITAIN,CT,06053",2026-04-01,
075375,BRIDE BROOK REHABILITATION & NURSING CENTER,23 LIBERTY WAY,NIANTIC,CT,6357,"23 LIBERTY WAY,NIANTIC,CT,06357",2026-04-01,
075377,CIVITA CARE CENTER AT WEST RIVER,245 ORANGE AVENUE,MILFORD,CT,6460,"245 ORANGE AVENUE,MILFORD,CT,06460",2026-04-01,
075378,LIVEWELL CONNECTICUT,1261 SOUTH MAIN STREET,PLANTSVILLE,CT,6479,"1261 SOUTH MAIN STREET,PLANTSVILLE,CT,06479",2026-04-01,
075379,SHARON CENTER FOR HEALTH & REHABILITATION,27 HOSPITAL HILL ROAD,SHARON,CT,6069,"27 HOSPITAL HILL ROAD,SHARON,CT,06069",2026-04-01,
075380,APPLE REHAB CROMWELL,156 BERLIN ROAD,CROMWELL,CT,6416,"156 BERLIN ROAD,CROMWELL,CT,06416",2026-04-01,
075388,APPLE REHAB AVON,220 SCOVILLE ROAD,AVON,CT,6001,"220 SCOVILLE ROAD,AVON,CT,06001",2026-04-01,
075389,APPLE REHAB LAUREL WOODS,451 NORTH HIGH STREET,EAST HAVEN,CT,6512,"451 NORTH HIGH STREET,EAST HAVEN,CT,06512",2026-04-01,
075397,NEW HAVEN CENTER FOR NURSING & REHABILITATION LLC,181 CLIFTON STREET,NEW HAVEN,CT,6513,"181 CLIFTON STREET,NEW HAVEN,CT,06513",2026-04-01,
075402,MANSFIELD CENTER FOR NURSING AND REHABILITATION,100 WARREN CIRCLE,STORRS MANSFIELD,CT,6268,"100 WARREN CIRCLE,STORRS MANSFIELD,CT,06268",2026-04-01,
075403,APPLE REHAB WEST HAVEN,308 SAVIN AVENUE,WEST HAVEN,CT,6516,"308 SAVIN AVENUE,WEST HAVEN,CT,06516",2026-04-01,
075404,MAEFAIR CENTER FOR HEALTH & REHABILITATION,21 MAEFAIR COURT,TRUMBULL,CT,6611,"21 MAEFAIR COURT,TRUMBULL,CT,06611",2026-04-01,
075411,MATULAITIS REHABILITATION & SKILLED CARE,10 THURBER RD,PUTNAM,CT,6260,"10 THURBER RD,PUTNAM,CT,06260",2026-04-01,
075413,CIVITA CARE NORTHBRIDGE,2875 MAIN STREET,BRIDGEPORT,CT,6606,"2875 MAIN STREET,BRIDGEPORT,CT,06606",2026-04-01,
075416,CANDLEWOOD REHABILITATION AND HEALTHCARE CENTER,30 PARK LANE EAST,NEW MILFORD,CT,6776,"30 PARK LANE EAST,NEW MILFORD,CT,06776",2026-04-01,
075418,AUTUMN LAKE HEALTHCARE AT BUCKS HILL,2817 NORTH MAIN STREET,WATERBURY,CT,6704,"2817 NORTH MAIN STREET,WATERBURY,CT,06704",2026-04-01,
075421,EDGEHILL HEALTH CENTER,122 PALMERS HILL RD,STAMFORD,CT,6902,"122 PALMERS HILL RD,STAMFORD,CT,06902",2026-04-01,
075429,RIDGE CREST AT MEADOW RIDGE,100 REDDING ROAD,WEST REDDING,CT,6896,"100 REDDING ROAD,WEST REDDING,CT,06896",2026-04-01,
075431,"TWIN MAPLES HEALTHCARE, INC",809 NEW HAVEN ROAD #R,DURHAM,CT,6422,"809 NEW HAVEN ROAD #R,DURHAM,CT,06422",2026-04-01,
075434,ORANGE HEALTH CARE CENTER,225 BOSTON POST RD,ORANGE,CT,6477,"225 BOSTON POST RD,ORANGE,CT,06477",2026-04-01,
075436,TOUCHPOINTS AT CHESTNUT,171 MAIN ST,EAST WINDSOR,CT,6088,"171 MAIN ST,EAST WINDSOR,CT,06088",2026-04-01,
075439,BRADLEY HOME INFIRMARY/PAVILION,320 COLONY STREET,MERIDEN,CT,6451,"320 COLONY STREET,MERIDEN,CT,06451",2026-04-01,
075440,"SPRINGS AT 3030 PARK, THE",3030 PARK AVENUE,BRIDGEPORT,CT,6604,"3030 PARK AVENUE,BRIDGEPORT,CT,06604",2026-04-01,
075443,JOHN L. LEVITOW HEALTH CARE CENTER,287 WEST ST,ROCKY HILL,CT,6067,"287 WEST ST,ROCKY HILL,CT,06067",2026-04-01,
085001,KENTMERE REHABILITATION AND HEALTHCARE CENTER,1900 LOVERING AVENUE,WILMINGTON,DE,19806,"1900 LOVERING AVENUE,WILMINGTON,DE,19806",2026-04-01,
085002,EXCELCARE AT WILMINGTON LLC,2801 W. 6TH STREET,WILMINGTON,DE,19805,"2801 W. 6TH STREET,WILMINGTON,DE,19805",2026-04-01,
085004,Coral Springs Rehab & Healthcare,505 GREENBANK ROAD,WILMINGTON,DE,19808,"505 GREENBANK ROAD,WILMINGTON,DE,19808",2026-04-01,
085006,REGAL HEIGHTS HEALTHCARE & REHAB CENTER,6525 LANCASTER PIKE,HOCKESSIN,DE,19707,"6525 LANCASTER PIKE,HOCKESSIN,DE,19707",2026-04-01,
085009,WILLOWBROOKE COURT SKILLED CENTER  AT MANOR HOUSE,1001 MIDDLEFORD ROAD,SEAFORD,DE,19973,"1001 MIDDLEFORD ROAD,SEAFORD,DE,19973",2026-04-01,
085010,MILFORD CENTER,700 MARVEL ROAD,MILFORD,DE,19963,"700 MARVEL ROAD,MILFORD,DE,19963",2026-04-01,
085012,REGENCY HEALTHCARE & REHAB CENTER,801 N. BROOM STREET,WILMINGTON,DE,19806,"801 N. BROOM STREET,WILMINGTON,DE,19806",2026-04-01,
085015,SEAFORD CENTER,1100 NORMAN ESKRIDGE HIGHWAY,SEAFORD,DE,19973,"1100 NORMAN ESKRIDGE HIGHWAY,SEAFORD,DE,19973",2026-04-01,
085017,WILLOWBROOKE COURT AT COKESBURY VILLAGE,726 LOVEVILLE ROAD,HOCKESSIN,DE,19707,"726 LOVEVILLE ROAD,HOCKESSIN,DE,19707",2026-04-01,
085019,BAY TERRACE REHABILITATION AND HEALTH CENTER,889 SOUTH LITTLE CREEK ROAD,DOVER,DE,19901,"889 SOUTH LITTLE CREEK ROAD,DOVER,DE,19901",2026-04-01,
085020,EVERGREEN POST ACUTE,3034 SOUTH DUPONT BLVD,SMYRNA,DE,19977,"3034 SOUTH DUPONT BLVD,SMYRNA,DE,19977",2026-04-01,
085021,ENCORE AT WEST MEADOW,255 POSSUM PARK ROAD,NEWARK,DE,19711,"255 POSSUM PARK ROAD,NEWARK,DE,19711",2026-04-01,
085027,COMPLETE CARE AT SILVER LAKE LLC,1080 SILVER LAKE BLVD,DOVER,DE,19904,"1080 SILVER LAKE BLVD,DOVER,DE,19904",2026-04-01,
085028,WILMINGTON NURSING  & REHABILITATION CENTER,700 FOULK ROAD,WILMINGTON,DE,19803,"700 FOULK ROAD,WILMINGTON,DE,19803",2026-04-01,
085029,DELAWARE BAY REHABILITATION AND HEALTHCARE  CENTER,110 W. NORTH STREET,GEORGETOWN,DE,19947,"110 W. NORTH STREET,GEORGETOWN,DE,19947",2026-04-01,
085031,ENCORE AT WILMINGTON,2723 SHIPLEY ROAD,WILMINGTON,DE,19810,"2723 SHIPLEY ROAD,WILMINGTON,DE,19810",2026-04-01,
085032,WESTMINSTER VILLAGE HEALTH,1175 MCKEE ROAD,DOVER,DE,19904,"1175 MCKEE ROAD,DOVER,DE,19904",2026-04-01,
085033,PIKE CREEK NURSING & REHABILITATION CENTER,5651 LIMESTONE ROAD,WILMINGTON,DE,19808,"5651 LIMESTONE ROAD,WILMINGTON,DE,19808",2026-04-01,
085034,EXCELCARE AT LEWES LLC,301 OCEAN VIEW BLVD,LEWES,DE,19958,"301 OCEAN VIEW BLVD,LEWES,DE,19958",2026-04-01,
085035,DELAWARE HOSPITAL F/T CHRONICALLY ILL (DHCI),100 SUNNYSIDE ROAD,SMYRNA,DE,19977,"100 SUNNYSIDE ROAD,SMYRNA,DE,19977",2026-04-01,
085037,OCEAN GROVE POST ACUTE,231 SOUTH WASHINGTON STREET,MILLSBORO,DE,19966,"231 SOUTH WASHINGTON STREET,MILLSBORO,DE,19966",2026-04-01,
085039,NEW CASTLE HEALTH AND REHABILITATION CENTER,32 BUENA VISTA DRIVE,NEW CASTLE,DE,19720,"32 BUENA VISTA DRIVE,NEW CASTLE,DE,19720",2026-04-01,
085040,LOFLAND PARK CENTER,715 E. KING STREET,SEAFORD,DE,19973,"715 E. KING STREET,SEAFORD,DE,19973",2026-04-01,
085041,DELMAR NURSING & REHABILITATION CENTER,"101 DELAWARE AVE., DELMAR, DE. 19940-1110",DELMAR,DE,19940,"101 DELAWARE AVE., DELMAR, DE. 19940-1110,DELMAR,DE,19940",2026-04-01,
085042,COMPLETE CARE AT BRACKENVILLE LLC,100 ST. CLAIRE DRIVE,HOCKESSIN,DE,19707,"100 ST. CLAIRE DRIVE,HOCKESSIN,DE,19707",2026-04-01,
085043,KUTZ REHABILITATION AND NURSING,704 RIVER ROAD,WILMINGTON,DE,19809,"704 RIVER ROAD,WILMINGTON,DE,19809",2026-04-01,
085050,CADIA REHABILITATION BROADMEADOW,500 SOUTH BROAD STREET,MIDDLETOWN,DE,19709,"500 SOUTH BROAD STREET,MIDDLETOWN,DE,19709",2026-04-01,
085052,CADIA REHABILITATION RENAISSANCE,26002 JOHN J WILLIAMS HIGHWAY,MILLSBORO,DE,19966,"26002 JOHN J WILLIAMS HIGHWAY,MILLSBORO,DE,19966",2026-04-01,
085053,THE MOORINGS AT LEWES,17028 CADBURY CIRCLE,LEWES,DE,19958,"17028 CADBURY CIRCLE,LEWES,DE,19958",2026-04-01,
085054,CADIA REHABILITATION PIKE CREEK,3540 THREE LITTLE BAKERS BLVD,WILMINGTON,DE,19808,"3540 THREE LITTLE BAKERS BLVD,WILMINGTON,DE,19808",2026-04-01,
085056,CADIA REHABILITATION SILVERSIDE,3322 SILVERSIDE ROAD,WILMINGTON,DE,19810,"3322 SILVERSIDE ROAD,WILMINGTON,DE,19810",2026-04-01,
085057,"CENTER AT EDEN HILL, LLC",300 BANNING STREET,DOVER,DE,19904,"300 BANNING STREET,DOVER,DE,19904",2026-04-01,
085060,ENCORE AT WINDSOR HILLS,1212 FOULK ROAD,WILMINGTON,DE,19803,"1212 FOULK ROAD,WILMINGTON,DE,19803",2026-04-01,
08A020,NEWARK MANOR NURSING HOME,254 WEST MAIN STREET,NEWARK,DE,19711,"254 WEST MAIN STREET,NEWARK,DE,19711",2026-04-01,
095014,WASHINGTON CTR FOR AGING SVCS,2601 18TH STREET NE,WASHINGTON,DC,20018,"2601 18TH STREET NE,WASHINGTON,DC,20018",2026-04-01,
095015,SERENITY REHABILITATION AND HEALTH CENTER LLC,1380 SOUTHERN AVE SE,WASHINGTON,DC,20032,"1380 SOUTHERN AVE SE,WASHINGTON,DC,20032",2026-04-01,
095019,DEANWOOD REHABILITATION AND WELLNESS CENTER,5000 NANNIE HELEN BURROUGHS AVE. NE,WASHINGTON,DC,20019,"5000 NANNIE HELEN BURROUGHS AVE. NE,WASHINGTON,DC,20019",2026-04-01,
095020,STODDARD BAPTIST NURSING HOME,1818 NEWTON ST. NW,WASHINGTON,DC,20010,"1818 NEWTON ST. NW,WASHINGTON,DC,20010",2026-04-01,
095022,CAPITOL CITY REHAB AND HEALTHCARE CENTER,2425 25TH STREET SE,WASHINGTON,DC,20020,"2425 25TH STREET SE,WASHINGTON,DC,20020",2026-04-01,
095024,Harborside Health & Rehabilitation,4601 MARTIN LUTHER KING JR AVENUE SW,WASHINGTON,DC,20032,"4601 MARTIN LUTHER KING JR AVENUE SW,WASHINGTON,DC,20032",2026-04-01,
095027,BRIDGEPOINT SUBACUTE AND REHAB CAPITOL HILL,223 7TH STREET NE,WASHINGTON,DC,20002,"223 7TH STREET NE,WASHINGTON,DC,20002",2026-04-01,
095028,INGLESIDE AT ROCK CREEK,3050 MILITARY ROAD NW,WASHINGTON,DC,20015,"3050 MILITARY ROAD NW,WASHINGTON,DC,20015",2026-04-01,
095030,SIBLEY MEM HOSP RENAISSANCE,5255 LOUGHBORO ROAD NW,WASHINGTON,DC,20016,"5255 LOUGHBORO ROAD NW,WASHINGTON,DC,20016",2026-04-01,
095031,INSPIRE REHABILITATION AND HEALTH CENTER LLC,2131 O STREET NW,WASHINGTON,DC,20037,"2131 O STREET NW,WASHINGTON,DC,20037",2026-04-01,
095034,ASCENSION LIVING CARROLL MANOR,"725 BUCHANAN ST., NE",WASHINGTON,DC,20017,"725 BUCHANAN ST., NE,WASHINGTON,DC,20017",2026-04-01,
095040,THE HSC PEDIATRIC SKILLED NURSING FACILITY,1731 BUNKER HILL ROAD  NE,WASHINGTON,DC,20017,"1731 BUNKER HILL ROAD  NE,WASHINGTON,DC,20017",2026-04-01,
105001,LAKE EUSTIS HEALTHCARE AND REHABILITATION CENTER,411 W WOODWARD AVE,EUSTIS,FL,32726,"411 W WOODWARD AVE,EUSTIS,FL,32726",2026-04-01,
105002,BEACH STREET HEALTH AND REHABILITATION CENTER,1001 S BEACH STREET,DAYTONA BEACH,FL,32114,"1001 S BEACH STREET,DAYTONA BEACH,FL,32114",2026-04-01,
105005,CORAL GABLES NURSING AND REHABILITATION CENTER,7060 SW 8TH STREET,MIAMI,FL,33144,"7060 SW 8TH STREET,MIAMI,FL,33144",2026-04-01,
105009,GOLFCREST NURSING CENTER,600 NORTH 17TH AVE,HOLLYWOOD,FL,33020,"600 NORTH 17TH AVE,HOLLYWOOD,FL,33020",2026-04-01,
105012,AVIATA AT THE SEA - PASADENA,1820 SHORE DR S,SOUTH PASADENA,FL,33707,"1820 SHORE DR S,SOUTH PASADENA,FL,33707",2026-04-01,
105016,RIVER GARDEN HEBREW HOME FOR THE AGED,11401 OLD SAINT AUGUSTINE RD,JACKSONVILLE,FL,32258,"11401 OLD SAINT AUGUSTINE RD,JACKSONVILLE,FL,32258",2026-04-01,
105029,COMMUNITY CONVALESCENT CENTER,2202 W OAK AVE,PLANT CITY,FL,33563,"2202 W OAK AVE,PLANT CITY,FL,33563",2026-04-01,
105030,"MIAMI JEWISH HEALTH SYSTEMS, INC",5200 NE 2ND AVENUE,MIAMI,FL,33137,"5200 NE 2ND AVENUE,MIAMI,FL,33137",2026-04-01,
105037,PALMS AT SEBRING NURSING AND REHABILITATION THE,725 S PINE ST,SEBRING,FL,33870,"725 S PINE ST,SEBRING,FL,33870",2026-04-01,
105038,BEACHSIDE CENTER FOR REHABILITATION AND NURSING,2810 SOUTH ATLANTIC AVENUE,NEW SMYRNA BEACH,FL,32169,"2810 SOUTH ATLANTIC AVENUE,NEW SMYRNA BEACH,FL,32169",2026-04-01,
105039,"Rehabilitation Center of The Palm Beaches,the",301 NORTHPOINTE PARKWAY,WEST PALM BEACH,FL,33407,"301 NORTHPOINTE PARKWAY,WEST PALM BEACH,FL,33407",2026-04-01,
105045,BRADEN RIVER REHABILITATION CENTER LLC,2010 MANATEE AVE E,BRADENTON,FL,34208,"2010 MANATEE AVE E,BRADENTON,FL,34208",2026-04-01,
105050,SHORE ACRES CARE CENTER AND REHAB,4500 INDIANAPOLIS ST NE,SAINT PETERSBURG,FL,33703,"4500 INDIANAPOLIS ST NE,SAINT PETERSBURG,FL,33703",2026-04-01,
105052,SEASIDE HEALTH AND REHABILITATION CENTER,324 WILDER BLVD,DAYTONA BEACH,FL,32114,"324 WILDER BLVD,DAYTONA BEACH,FL,32114",2026-04-01,
105071,BAYSIDE CARE CENTER,811 JACKSON ST N,SAINT PETERSBURG,FL,33705,"811 JACKSON ST N,SAINT PETERSBURG,FL,33705",2026-04-01,
105072,LEXINGTON HEALTHCARE AND REHABILITATION CENTER,6300 46TH AVE N,SAINT PETERSBURG,FL,33709,"6300 46TH AVE N,SAINT PETERSBURG,FL,33709",2026-04-01,
105083,BROWARD NURSING & REHABILITATION CENTER,1330 S ANDREWS AVE,FORT LAUDERDALE,FL,33316,"1330 S ANDREWS AVE,FORT LAUDERDALE,FL,33316",2026-04-01,
105089,PEARL AT FORT LAUDERDALE REHABILITATION AND NURSIN,1701 NE 26TH ST,FORT LAUDERDALE,FL,33305,"1701 NE 26TH ST,FORT LAUDERDALE,FL,33305",2026-04-01,
105117,SOUTH HERITAGE HEALTH & REHABILITATION CENTER,718 LAKEVIEW AVE S,SAINT PETERSBURG,FL,33705,"718 LAKEVIEW AVE S,SAINT PETERSBURG,FL,33705",2026-04-01,
105119,WILTON MANORS HEALTHCARE & REHABILITATION CENTER,2675 N ANDREWS AVE,WILTON MANORS,FL,33311,"2675 N ANDREWS AVE,WILTON MANORS,FL,33311",2026-04-01,
105120,SERENITY BAY NURSING AND REHABILITATION CENTER,16650 W DIXIE HWY,NORTH MIAMI BEACH,FL,33160,"16650 W DIXIE HWY,NORTH MIAMI BEACH,FL,33160",2026-04-01,
105125,TERRACES OF LAKE WORTH CARE CENTER AND REHAB,1711 6TH AVENUE SOUTH,LAKE WORTH,FL,33460,"1711 6TH AVENUE SOUTH,LAKE WORTH,FL,33460",2026-04-01,
105128,MORTON PLANT REHABILITATION CENTER,400 CORBETT ST,BELLEAIR,FL,33756,"400 CORBETT ST,BELLEAIR,FL,33756",2026-04-01,
105135,RIVERWOOD CENTER,2802 PARENTAL HOME ROAD,JACKSONVILLE,FL,32216,"2802 PARENTAL HOME ROAD,JACKSONVILLE,FL,32216",2026-04-01,
105138,JACKSONVILLE REHABILITATION AND NURSING,5377 MONCRIEF ROAD,JACKSONVILLE,FL,32209,"5377 MONCRIEF ROAD,JACKSONVILLE,FL,32209",2026-04-01,
105140,THE BRISTOL CARE CENTER,1818 E FLETCHER AVE,TAMPA,FL,33612,"1818 E FLETCHER AVE,TAMPA,FL,33612",2026-04-01,
105145,PARKSIDE HEALTH AND REHABILITATION CENTER,451 S AMELIA AVE,DELAND,FL,32720,"451 S AMELIA AVE,DELAND,FL,32720",2026-04-01,
105149,NORTH HEALTHCARE AND REHABILITATION CENTER,1301 16TH ST N,SAINT PETERSBURG,FL,33705,"1301 16TH ST N,SAINT PETERSBURG,FL,33705",2026-04-01,
105155,SARASOTA HEALTH AND REHABILITATION CENTER,1524 EAST AVENUE SOUTH,SARASOTA,FL,34239,"1524 EAST AVENUE SOUTH,SARASOTA,FL,34239",2026-04-01,
105158,TALLAHASSEE MEMORIAL HOSPITAL EXTENDED CARE,1609 MEDICAL DR,TALLAHASSEE,FL,32308,"1609 MEDICAL DR,TALLAHASSEE,FL,32308",2026-04-01,
105159,GREENBRIAR HEALTHCARE REHABILITATION AND NURSING C,210 21ST AVE W,BRADENTON,FL,34205,"210 21ST AVE W,BRADENTON,FL,34205",2026-04-01,
105166,MADISON POINTE CARE CENTER,6020 INDIANA AVE,NEW PORT RICHEY,FL,34653,"6020 INDIANA AVE,NEW PORT RICHEY,FL,34653",2026-04-01,
105172,FOUNTAIN MANOR HEALTH & REHABILITATION CENTER,390 NE 135TH ST,NORTH MIAMI,FL,33161,"390 NE 135TH ST,NORTH MIAMI,FL,33161",2026-04-01,
105175,PLANTATION NURSING & REHABILITATION CENTER,4250 NW 5TH ST,PLANTATION,FL,33317,"4250 NW 5TH ST,PLANTATION,FL,33317",2026-04-01,
105176,WINTER HAVEN HEALTH AND REHABILITATION CENTER,202 AVE O NE,WINTER HAVEN,FL,33880,"202 AVE O NE,WINTER HAVEN,FL,33880",2026-04-01,
105190,"CRESTVIEW REHABILITATION CENTER, LLC",1849 FIRST AVENUE EAST,CRESTVIEW,FL,32539,"1849 FIRST AVENUE EAST,CRESTVIEW,FL,32539",2026-04-01,
105193,PARK MEADOWS HEALTHCARE & REHABILITATION CENTER,3250 SW 41ST PLACE,GAINESVILLE,FL,32608,"3250 SW 41ST PLACE,GAINESVILLE,FL,32608",2026-04-01,
105196,THE LODGE HEALTHCARE AND REHABILITATION CENTER,635 SE 17TH STREET,OCALA,FL,34471,"635 SE 17TH STREET,OCALA,FL,34471",2026-04-01,
105202,APOLLO HEALTHCARE & REHABILITATION CENTER,1000 24TH ST N,SAINT PETERSBURG,FL,33713,"1000 24TH ST N,SAINT PETERSBURG,FL,33713",2026-04-01,
105205,SAVOY AT FORT LAUDERDALE REHABILITATION AND NURSIN,2121 E COMMERCIAL BLVD,FORT LAUDERDALE,FL,33308,"2121 E COMMERCIAL BLVD,FORT LAUDERDALE,FL,33308",2026-04-01,
105217,NORTH BEACH HEALTHCARE AND REHABILITATION CENTER,2201 NE 170TH STREET,NORTH MIAMI BEACH,FL,33160,"2201 NE 170TH STREET,NORTH MIAMI BEACH,FL,33160",2026-04-01,
105219,BOCA RATON REHABILITATION CENTER,755 MEADOWS ROAD,BOCA RATON,FL,33486,"755 MEADOWS ROAD,BOCA RATON,FL,33486",2026-04-01,
105228,LAURELLWOOD POST- ACUTE AND REHABILITATION CENTER,3127 57TH AVE N,SAINT PETERSBURG,FL,33714,"3127 57TH AVE N,SAINT PETERSBURG,FL,33714",2026-04-01,
105229,"SANDS AT SOUTH BEACH CARE CENTER, THE",42 COLLINS AVENUE,MIAMI BEACH,FL,33139,"42 COLLINS AVENUE,MIAMI BEACH,FL,33139",2026-04-01,
105232,VILLA MARIA NURSING CENTER,1050 NE 125TH STREET,NORTH MIAMI,FL,33161,"1050 NE 125TH STREET,NORTH MIAMI,FL,33161",2026-04-01,
105234,REHABILITATION AND HEALTHCARE CENTER OF TAMPA,4411 N HABANA AVE,TAMPA,FL,33614,"4411 N HABANA AVE,TAMPA,FL,33614",2026-04-01,
105237,BROWARD OAKS NURSING AND REHABILITATION,7751 W BROWARD BLVD,PLANTATION,FL,33324,"7751 W BROWARD BLVD,PLANTATION,FL,33324",2026-04-01,
105251,ROCKLEDGE HEALTHCARE & REHABILITATION CENTER,587 BARTON BLVD,ROCKLEDGE,FL,32955,"587 BARTON BLVD,ROCKLEDGE,FL,32955",2026-04-01,
105252,JACKSON MEMORIAL PERDUE MEDICAL CENTER,19590 OLD CUTLER ROAD,CUTLER BAY,FL,33157,"19590 OLD CUTLER ROAD,CUTLER BAY,FL,33157",2026-04-01,
105255,JOHN KNOX VILLAGE OF POMPANO BEACH,700 SW 4TH STREET,POMPANO BEACH,FL,33060,"700 SW 4TH STREET,POMPANO BEACH,FL,33060",2026-04-01,
105257,AVIATA AT SAINT LUCIE,611 S 13TH ST,FORT PIERCE,FL,34950,"611 S 13TH ST,FORT PIERCE,FL,34950",2026-04-01,
105259,MEDICANA NURSING AND REHAB CENTER,1710 LAKE WORTH ROAD,LAKE WORTH,FL,33460,"1710 LAKE WORTH ROAD,LAKE WORTH,FL,33460",2026-04-01,
105261,ATHENS POST ACUTE LLC,545 WEST EUCLID AVENUE,DELAND,FL,32720,"545 WEST EUCLID AVENUE,DELAND,FL,32720",2026-04-01,
105262,Blue Lake Post Acute,991 E NEW YORK AVE,DELAND,FL,32724,"991 E NEW YORK AVE,DELAND,FL,32724",2026-04-01,
105267,BAYSIDE HEALTH AND REHABILITATION CENTER,4343 LANGLEY AVENUE,PENSACOLA,FL,32504,"4343 LANGLEY AVENUE,PENSACOLA,FL,32504",2026-04-01,
105268,LAKESIDE HEALTH CENTER,2501 N AUSTRALIAN AVENUE,WEST PALM BEACH,FL,33407,"2501 N AUSTRALIAN AVENUE,WEST PALM BEACH,FL,33407",2026-04-01,
105269,GROVES CENTER,512 S 11TH ST,LAKE WALES,FL,33853,"512 S 11TH ST,LAKE WALES,FL,33853",2026-04-01,
105271,BOCA CIEGA CENTER,1414 59TH ST S,GULFPORT,FL,33707,"1414 59TH ST S,GULFPORT,FL,33707",2026-04-01,
105274,CLEARWATER CENTER,1270 TURNER ST,CLEARWATER,FL,33756,"1270 TURNER ST,CLEARWATER,FL,33756",2026-04-01,
105275,SOUTHERN PINES NURSING CENTER,6140 CONGRESS ST,NEW PORT RICHEY,FL,34653,"6140 CONGRESS ST,NEW PORT RICHEY,FL,34653",2026-04-01,
105277,STUART REHABILITATION AND HEALTHCARE,1500 SE PALM BEACH RD,STUART,FL,34994,"1500 SE PALM BEACH RD,STUART,FL,34994",2026-04-01,
105280,TARPON BAYOU CENTER,515 CHESAPEAKE DR,TARPON SPRINGS,FL,34689,"515 CHESAPEAKE DR,TARPON SPRINGS,FL,34689",2026-04-01,
105282,EDEN SPRINGS NURSING AND REHAB CENTER,4679 CRAWFORDVILLE HWY,CRAWFORDVILLE,FL,32326,"4679 CRAWFORDVILLE HWY,CRAWFORDVILLE,FL,32326",2026-04-01,
105283,LAKELAND HILLS CENTER,610 E BELLA VISTA DR,LAKELAND,FL,33805,"610 E BELLA VISTA DR,LAKELAND,FL,33805",2026-04-01,
105286,BARTOW CENTER,2055 E GEORGIA ST,BARTOW,FL,33830,"2055 E GEORGIA ST,BARTOW,FL,33830",2026-04-01,
105289,LIFE CARE CENTER OF PUNTA GORDA,450 SHREVE STREET,PUNTA GORDA,FL,33950,"450 SHREVE STREET,PUNTA GORDA,FL,33950",2026-04-01,
105291,LIFE CARE CENTER OF MELBOURNE,606 E SHERIDAN RD,MELBOURNE,FL,32901,"606 E SHERIDAN RD,MELBOURNE,FL,32901",2026-04-01,
105292,EAGLE LAKE NURSING AND REHAB CARE CENTER,1100 66TH ST N,SAINT PETERSBURG,FL,33710,"1100 66TH ST N,SAINT PETERSBURG,FL,33710",2026-04-01,
105295,"FORT WALTON REHABILITATION CENTER, LLC",1 LBJ SR DRIVE,FORT WALTON BEACH,FL,32547,"1 LBJ SR DRIVE,FORT WALTON BEACH,FL,32547",2026-04-01,
105296,WESTLAKE NURSING AND REHAB CENTER,440 PHIPPEN WAITERS ROAD,DANIA BEACH,FL,33004,"440 PHIPPEN WAITERS ROAD,DANIA BEACH,FL,33004",2026-04-01,
105299,WHISPERING OAKS,1514 E CHELSEA ST,TAMPA,FL,33610,"1514 E CHELSEA ST,TAMPA,FL,33610",2026-04-01,
105300,MARTIN COAST CENTER FOR REHABILITATION AND HEALTHC,9555 SE FEDERAL HWY,HOBE SOUND,FL,33455,"9555 SE FEDERAL HWY,HOBE SOUND,FL,33455",2026-04-01,
105301,VALENCIA HILLS HEALTH AND REHABILITATION CENTER,1350 SLEEPY HILL RD,LAKELAND,FL,33810,"1350 SLEEPY HILL RD,LAKELAND,FL,33810",2026-04-01,
105302,OAK HAVEN REHAB AND NURSING CENTER,919 OLD WINTER HAVEN RD,AUBURNDALE,FL,33823,"919 OLD WINTER HAVEN RD,AUBURNDALE,FL,33823",2026-04-01,
105305,FAIRWAY OAKS CENTER,13806 N 46TH ST,TAMPA,FL,33613,"13806 N 46TH ST,TAMPA,FL,33613",2026-04-01,
105307,PARKVIEW REHABILITATION CENTER AT WINTER PARK,2075 LOCH LOMOND DRIVE,WINTER PARK,FL,32792,"2075 LOCH LOMOND DRIVE,WINTER PARK,FL,32792",2026-04-01,
105308,AVANTE AT INVERNESS INC,304 S CITRUS AVE,INVERNESS,FL,34452,"304 S CITRUS AVE,INVERNESS,FL,34452",2026-04-01,
105310,"AVANTE AT ORMOND BEACH, INC",170 N KINGS ROAD,ORMOND BEACH,FL,32174,"170 N KINGS ROAD,ORMOND BEACH,FL,32174",2026-04-01,
105311,DAYTONA BEACH HEALTH AND REHABILITATION CENTER,1055 3RD STREET,DAYTONA BEACH,FL,32117,"1055 3RD STREET,DAYTONA BEACH,FL,32117",2026-04-01,
105315,ST AUGUSTINE HEALTH AND REHABILITATION CENTER,51 SUNRISE BLVD,SAINT AUGUSTINE,FL,32084,"51 SUNRISE BLVD,SAINT AUGUSTINE,FL,32084",2026-04-01,
105317,CRYSTAL RIVER HEALTH AND REHABILITATION CENTER,136 NORTHEAST 12TH AVENUE,CRYSTAL RIVER,FL,34429,"136 NORTHEAST 12TH AVENUE,CRYSTAL RIVER,FL,34429",2026-04-01,
105319,SUN TERRACE HEALTH CARE CENTER,105 TRINITY LAKES DR,SUN CITY CENTER,FL,33573,"105 TRINITY LAKES DR,SUN CITY CENTER,FL,33573",2026-04-01,
105321,OCALA HEALTH AND REHABILITATION CENTER,1201 SE 24TH RD,OCALA,FL,34471,"1201 SE 24TH RD,OCALA,FL,34471",2026-04-01,
105323,"OAKS OF CLEARWATER, THE",420 BAY AVE,CLEARWATER,FL,33756,"420 BAY AVE,CLEARWATER,FL,33756",2026-04-01,
105325,SPACE COAST HEALTHCARE AND REHABILITATION CENTER,125 ALMA BLVD,MERRITT ISLAND,FL,32953,"125 ALMA BLVD,MERRITT ISLAND,FL,32953",2026-04-01,
105326,CANTERBURY TOWERS INC,3501 BAYSHORE BLVD,TAMPA,FL,33629,"3501 BAYSHORE BLVD,TAMPA,FL,33629",2026-04-01,
105327,CASA MORA REHABILITATION AND EXTENDED CARE,1902 59TH ST W,BRADENTON,FL,34209,"1902 59TH ST W,BRADENTON,FL,34209",2026-04-01,
105328,SANTA ROSA CENTER FOR REHABILITATION AND HEALING,5386 BROAD ST,MILTON,FL,32570,"5386 BROAD ST,MILTON,FL,32570",2026-04-01,
105331,AVENTURA REHAB AND NURSING CENTER,1800 N E 168TH STREET,NORTH MIAMI BEACH,FL,33162,"1800 N E 168TH STREET,NORTH MIAMI BEACH,FL,33162",2026-04-01,
105332,WINTER PARK CARE AND REHABILITATION,2970 SCARLETT RD,WINTER PARK,FL,32792,"2970 SCARLETT RD,WINTER PARK,FL,32792",2026-04-01,
105333,"AVANTE AT MT DORA, INC",3050 BROWN AVE,MOUNT DORA,FL,32757,"3050 BROWN AVE,MOUNT DORA,FL,32757",2026-04-01,
105335,Cascades Health and Rehabilitation Center,2105 SW 11TH COURT,DELRAY BEACH,FL,33445,"2105 SW 11TH COURT,DELRAY BEACH,FL,33445",2026-04-01,
105336,PALMS CARE CENTER AND REHAB,3370 NW 47TH TERRACE,LAUDERDALE LAKES,FL,33319,"3370 NW 47TH TERRACE,LAUDERDALE LAKES,FL,33319",2026-04-01,
105342,REHAB & HEALTHCARE CENTER OF CAPE CORAL,2629 DEL PRADO BLVD,CAPE CORAL,FL,33904,"2629 DEL PRADO BLVD,CAPE CORAL,FL,33904",2026-04-01,
105343,HEATHER HILL HEALTHCARE CENTER,6630 KENTUCKY AVE,NEW PORT RICHEY,FL,34653,"6630 KENTUCKY AVE,NEW PORT RICHEY,FL,34653",2026-04-01,
105346,LAKE MONTGOMERY HEALTH AND REHABILITATION CENTER,1270 SW MAIN BLVD,LAKE CITY,FL,32055,"1270 SW MAIN BLVD,LAKE CITY,FL,32055",2026-04-01,
105349,ALLIANCE HEALTH AND REHABILITATION CENTER,130 W ARMSTRONG AVENUE,DELAND,FL,32720,"130 W ARMSTRONG AVENUE,DELAND,FL,32720",2026-04-01,
105350,LAKE HAVEN NURSING AND REHAB CENTER,1351 SAN CHRISTOPHER DR,DUNEDIN,FL,34698,"1351 SAN CHRISTOPHER DR,DUNEDIN,FL,34698",2026-04-01,
105351,BLUE PALMS HEALTH AND REHABILITATION CENTER AT FLE,4100 E FLETCHER AVE,TAMPA,FL,33613,"4100 E FLETCHER AVE,TAMPA,FL,33613",2026-04-01,
105355,WILLOWBROOKE COURT AT ST ANDREWS ESTATES,6152 N VERDE TRAIL,BOCA RATON,FL,33433,"6152 N VERDE TRAIL,BOCA RATON,FL,33433",2026-04-01,
105360,TAMARAC REHABILITATION AND HEALTH CENTER,7901 NW 88TH AVENUE,TAMARAC,FL,33321,"7901 NW 88TH AVENUE,TAMARAC,FL,33321",2026-04-01,
105362,VIVO HEALTHCARE WAUCHULA,401 ORANGE PLACE,WAUCHULA,FL,33873,"401 ORANGE PLACE,WAUCHULA,FL,33873",2026-04-01,
105363,CHARLOTTE BAY REHAB AND CARE CENTER,4033 BEAVER LANE,PORT CHARLOTTE,FL,33952,"4033 BEAVER LANE,PORT CHARLOTTE,FL,33952",2026-04-01,
105364,SEVEN HILLS HEALTH & REHABILITATION CENTER,3333 CAPITAL MEDICAL BLVD,TALLAHASSEE,FL,32308,"3333 CAPITAL MEDICAL BLVD,TALLAHASSEE,FL,32308",2026-04-01,
105365,LIFE CARE CENTER OF ALTAMONTE SPRINGS,989 ORIENTA AVE,ALTAMONTE SPRINGS,FL,32701,"989 ORIENTA AVE,ALTAMONTE SPRINGS,FL,32701",2026-04-01,
105371,ST JOHNS NURSING CENTER,3075 NW 35TH AVE,LAUDERDALE LAKES,FL,33311,"3075 NW 35TH AVE,LAUDERDALE LAKES,FL,33311",2026-04-01,
105372,"AVANTE AT LAKE WORTH, INC.",2501 N A ST,LAKE WORTH,FL,33460,"2501 N A ST,LAKE WORTH,FL,33460",2026-04-01,
105374,MAJESTIC OAKS,901 VETERAN'S MEMORIAL PARKWAY,ORANGE CITY,FL,32763,"901 VETERAN'S MEMORIAL PARKWAY,ORANGE CITY,FL,32763",2026-04-01,
105375,SOUTH CAMPUS CARE CENTER AND REHAB,715 E DIXIE AVE,LEESBURG,FL,34748,"715 E DIXIE AVE,LEESBURG,FL,34748",2026-04-01,
105376,WEST MELBOURNE HEALTH & REHABILITATION CENTER,2125 WEST NEW HAVEN AVE,WEST MELBOURNE,FL,32904,"2125 WEST NEW HAVEN AVE,WEST MELBOURNE,FL,32904",2026-04-01,
105378,ST MARK VILLAGE,2655 NEBRASKA AVE,PALM HARBOR,FL,34684,"2655 NEBRASKA AVE,PALM HARBOR,FL,34684",2026-04-01,
105382,SANDGATE GARDENS REHAB AND NURSING CENTER,703 S 29TH ST,FORT PIERCE,FL,34947,"703 S 29TH ST,FORT PIERCE,FL,34947",2026-04-01,
105389,BIRCHWOOD HEALTH AND REHABILITATION CENTER,3250 12TH ST,SARASOTA,FL,34237,"3250 12TH ST,SARASOTA,FL,34237",2026-04-01,
105390,BALANCED HEALTHCARE,4250 66TH ST N,SAINT PETERSBURG,FL,33709,"4250 66TH ST N,SAINT PETERSBURG,FL,33709",2026-04-01,
105392,JACKSON MEMORIAL LONG TERM CARE CENTER,2500 NW 22ND AVE,MIAMI,FL,33142,"2500 NW 22ND AVE,MIAMI,FL,33142",2026-04-01,
105394,AVIATA AT THE PALMS,2600 HIGHLANDS BLVD N,PALM HARBOR,FL,34684,"2600 HIGHLANDS BLVD N,PALM HARBOR,FL,34684",2026-04-01,
105395,WESTWOOD NURSING AND REHABILITATION CENTER,1001 MAR-WALT DRIVE,FORT WALTON BEACH,FL,32547,"1001 MAR-WALT DRIVE,FORT WALTON BEACH,FL,32547",2026-04-01,
105396,"CHATEAU AT MOORINGS PARK, THE",130 MOORINGS PARK DRIVE,NAPLES,FL,34105,"130 MOORINGS PARK DRIVE,NAPLES,FL,34105",2026-04-01,
105397,EVERGREEN WOODS,7045 EVERGREEN WOODS TRL,SPRING HILL,FL,34608,"7045 EVERGREEN WOODS TRL,SPRING HILL,FL,34608",2026-04-01,
105399,SEA BREEZE REHAB AND NURSING CENTER,3663 15TH AVE,VERO BEACH,FL,32960,"3663 15TH AVE,VERO BEACH,FL,32960",2026-04-01,
105401,AYERS HEALTH AND REHABILITATION CENTER,606 NE 7TH ST,TRENTON,FL,32693,"606 NE 7TH ST,TRENTON,FL,32693",2026-04-01,
105404,"WATERFORD, THE",601 UNIVERSE BLVD,JUNO BEACH,FL,33408,"601 UNIVERSE BLVD,JUNO BEACH,FL,33408",2026-04-01,
105407,SIESTA KEY HEALTH AND REHABILITATION CENTER,4602 NORTHGATE COURT,SARASOTA,FL,34234,"4602 NORTHGATE COURT,SARASOTA,FL,34234",2026-04-01,
105408,TREASURE ISLE CARE CENTER,1735 N TREASURE DRIVE,NORTH BAY VILLAGE,FL,33141,"1735 N TREASURE DRIVE,NORTH BAY VILLAGE,FL,33141",2026-04-01,
105409,GOLFVIEW NURSING CENTER,3636 10TH AVE N,SAINT PETERSBURG,FL,33713,"3636 10TH AVE N,SAINT PETERSBURG,FL,33713",2026-04-01,
105410,PORT ST LUCIE REHABILITATION AND HEALTHCARE,7300 OLEANDER AVE,PORT SAINT LUCIE,FL,34952,"7300 OLEANDER AVE,PORT SAINT LUCIE,FL,34952",2026-04-01,
105411,ABBEY DELRAY SOUTH,1717 HOMEWOOD BLVD,DELRAY BEACH,FL,33445,"1717 HOMEWOOD BLVD,DELRAY BEACH,FL,33445",2026-04-01,
105416,AVIATA AT BENEVA,741 SOUTH BENEVA ROAD,SARASOTA,FL,34232,"741 SOUTH BENEVA ROAD,SARASOTA,FL,34232",2026-04-01,
105417,AVIATA AT THE BAY,2916 HABANA WAY,TAMPA,FL,33614,"2916 HABANA WAY,TAMPA,FL,33614",2026-04-01,
105420,LOURDES-NOREEN MCKEEN RESIDENCE FOR GERIATRIC CARE,315 S FLAGLER DR,WEST PALM BEACH,FL,33401,"315 S FLAGLER DR,WEST PALM BEACH,FL,33401",2026-04-01,
105421,WOODSIDE HEALTH AND REHABILITATION CENTER,3601 LAKEWOOD BLVD,NAPLES,FL,34112,"3601 LAKEWOOD BLVD,NAPLES,FL,34112",2026-04-01,
105422,"PINELLAS PARK FL OPCO, LLC",8701 49TH ST N,PINELLAS PARK,FL,33782,"8701 49TH ST N,PINELLAS PARK,FL,33782",2026-04-01,
105423,"TERRACE OF JACKSONVILLE, THE",10680 OLD ST AUGUSTINE RD,JACKSONVILLE,FL,32257,"10680 OLD ST AUGUSTINE RD,JACKSONVILLE,FL,32257",2026-04-01,
105426,WOODBRIDGE CARE CENTER AND REHAB,8720 JACKSON SPRINGS RD,TAMPA,FL,33615,"8720 JACKSON SPRINGS RD,TAMPA,FL,33615",2026-04-01,
105429,FIRST COAST HEALTH AND REHABILITATION CENTER,7723 JASPER AVENUE,JACKSONVILLE,FL,32211,"7723 JASPER AVENUE,JACKSONVILLE,FL,32211",2026-04-01,
105430,REHABILITATION CENTER OF WINTER PARK,1700 MONROE AVE,MAITLAND,FL,32751,"1700 MONROE AVE,MAITLAND,FL,32751",2026-04-01,
105431,COURTYARDS OF ORLANDO CARE CENTER AND REHAB,1900 MERCY DRIVE,ORLANDO,FL,32808,"1900 MERCY DRIVE,ORLANDO,FL,32808",2026-04-01,
105432,RIVERSIDE CARE CENTER,899 NW 4TH STREET,MIAMI,FL,33128,"899 NW 4TH STREET,MIAMI,FL,33128",2026-04-01,
105433,AVIATA AT TALLAHASSEE,3101 GINGER DR,TALLAHASSEE,FL,32308,"3101 GINGER DR,TALLAHASSEE,FL,32308",2026-04-01,
105434,PLAZA HEALTH AND REHAB,4842 SW ARCHER ROAD,GAINESVILLE,FL,32608,"4842 SW ARCHER ROAD,GAINESVILLE,FL,32608",2026-04-01,
105435,SHORES NURSING AND REHAB CENTER,220 NINTH STREET,PORT SAINT JOE,FL,32456,"220 NINTH STREET,PORT SAINT JOE,FL,32456",2026-04-01,
105436,MEADOWPARK HEALTH AND REHABILITATION CENTER,870 PATRICIA AVE,DUNEDIN,FL,34698,"870 PATRICIA AVE,DUNEDIN,FL,34698",2026-04-01,
105437,CYPRESS COVE CARE CENTER,700 SE DR MARTIN LUTHER JR AVE,CRYSTAL RIVER,FL,34429,"700 SE DR MARTIN LUTHER JR AVE,CRYSTAL RIVER,FL,34429",2026-04-01,
105438,ASPIRE AT RIDGE HAVEN,4927 VOORHEES RD,NEW PORT RICHEY,FL,34653,"4927 VOORHEES RD,NEW PORT RICHEY,FL,34653",2026-04-01,
105439,NAPLES HEALTH AND REHABILITATION CENTER,2900 12TH STREET N,NAPLES,FL,34103,"2900 12TH STREET N,NAPLES,FL,34103",2026-04-01,
105440,AVIATA AT COLONIAL LAKES,15204 W COLONIAL DR,WINTER GARDEN,FL,34787,"15204 W COLONIAL DR,WINTER GARDEN,FL,34787",2026-04-01,
105442,HAINES CITY REHABILITATION AND NURSING CENTER,409 S 10TH ST,HAINES CITY,FL,33844,"409 S 10TH ST,HAINES CITY,FL,33844",2026-04-01,
105443,AVIATA AT VENICE,1026 ALBEE FARM RD,VENICE,FL,34285,"1026 ALBEE FARM RD,VENICE,FL,34285",2026-04-01,
105444,WILLOWBROOKE COURT AT AZALEA TRACE,10100 HILLVIEW DR,PENSACOLA,FL,32514,"10100 HILLVIEW DR,PENSACOLA,FL,32514",2026-04-01,
105448,TITUSVILLE REHABILITATION & NURSING CENTER,1705 JESS PARRISH CT,TITUSVILLE,FL,32796,"1705 JESS PARRISH CT,TITUSVILLE,FL,32796",2026-04-01,
105449,MIAMI SHORES NURSING AND REHAB CENTER,9380 NW 7TH AVENUE,MIAMI,FL,33150,"9380 NW 7TH AVENUE,MIAMI,FL,33150",2026-04-01,
105451,PENINSULA HEALTH CENTER BY HARBORVIEW,900 BECKETT WAY,TARPON SPRINGS,FL,34689,"900 BECKETT WAY,TARPON SPRINGS,FL,34689",2026-04-01,
105453,KENSINGTON GARDENS REHAB AND NURSING CENTER,2055 PALMETTO ST,CLEARWATER,FL,33758,"2055 PALMETTO ST,CLEARWATER,FL,33758",2026-04-01,
105454,CREEKSIDE HEALTH AND REHABILITATION CENTER,5511 SWIFT ROAD,SARASOTA,FL,34231,"5511 SWIFT ROAD,SARASOTA,FL,34231",2026-04-01,
105455,LAKE PLACID HEALTH AND REHABILITATION CENTER,125 TOMOKA BLVD S,LAKE PLACID,FL,33852,"125 TOMOKA BLVD S,LAKE PLACID,FL,33852",2026-04-01,
105459,NURSING & REHABILITATION CENTER OF NEW PORT RICHEY,8417 OLD COUNTY RD 54,NEW PORT RICHEY,FL,34653,"8417 OLD COUNTY RD 54,NEW PORT RICHEY,FL,34653",2026-04-01,
105460,AVIATA AT NORTH FLORIDA,6700 NW 10TH PLACE,GAINESVILLE,FL,32605,"6700 NW 10TH PLACE,GAINESVILLE,FL,32605",2026-04-01,
105461,AVIATA AT BRENTWOOD,2333 N BRENTWOOD CIR,LECANTO,FL,34461,"2333 N BRENTWOOD CIR,LECANTO,FL,34461",2026-04-01,
105463,THE TERRACE AT COURTENAY SPRINGS,1100 SOUTH COURTENAY PARKWAY,MERRITT ISLAND,FL,32952,"1100 SOUTH COURTENAY PARKWAY,MERRITT ISLAND,FL,32952",2026-04-01,
105464,ANCHOR CARE & REHABILITATION CENTER,1515 PORT MALABAR BLVD NE,PALM BAY,FL,32905,"1515 PORT MALABAR BLVD NE,PALM BAY,FL,32905",2026-04-01,
105467,WILLISTON CARE CENTER AND REHAB,300 NW 1ST AVE,WILLISTON,FL,32696,"300 NW 1ST AVE,WILLISTON,FL,32696",2026-04-01,
105468,"PONCE THERAPY CARE CENTER AND REHAB, THE",1999 OLD MOULTRIE ROAD,SAINT AUGUSTINE,FL,32086,"1999 OLD MOULTRIE ROAD,SAINT AUGUSTINE,FL,32086",2026-04-01,
105470,FERNANDINA BEACH REHABILITATION AND NURSING CENTER,1625 LIME STREET,FERNANDINA BEACH,FL,32034,"1625 LIME STREET,FERNANDINA BEACH,FL,32034",2026-04-01,
105471,REHABILITATION CENTER OF ORLANDO,9311 S ORANGE BLOSSOM TRL,ORLANDO,FL,32837,"9311 S ORANGE BLOSSOM TRL,ORLANDO,FL,32837",2026-04-01,
105473,RIVER VALLEY REHABILITATION CENTER,17884 NE CROZIER ST,BLOUNTSTOWN,FL,32424,"17884 NE CROZIER ST,BLOUNTSTOWN,FL,32424",2026-04-01,
105474,VERO BEACH CARE CENTER,1310 37TH ST,VERO BEACH,FL,32960,"1310 37TH ST,VERO BEACH,FL,32960",2026-04-01,
105475,THE TERRACE OF DELRAY BEACH NURSING AND REHABILITA,5430 LINTON BLVD,DELRAY BEACH,FL,33484,"5430 LINTON BLVD,DELRAY BEACH,FL,33484",2026-04-01,
105476,LEGACY AT BOCA RATON REHABILITATION AND NURSING CE,6363 VERDE TRAIL,BOCA RATON,FL,33433,"6363 VERDE TRAIL,BOCA RATON,FL,33433",2026-04-01,
105477,BAY POINTE NURSING PAVILION,4201 31ST ST S,SAINT PETERSBURG,FL,33712,"4201 31ST ST S,SAINT PETERSBURG,FL,33712",2026-04-01,
105478,ADVANCED CARE CENTER,401 FAIRWOOD AVE,CLEARWATER,FL,33759,"401 FAIRWOOD AVE,CLEARWATER,FL,33759",2026-04-01,
105479,HEALTH CENTRAL PARK,411 NORTH DILLARD STREET,WINTER GARDEN,FL,34787,"411 NORTH DILLARD STREET,WINTER GARDEN,FL,34787",2026-04-01,
105480,AVIATA AT ROSEWOOD,3920 ROSEWOOD WAY,ORLANDO,FL,32808,"3920 ROSEWOOD WAY,ORLANDO,FL,32808",2026-04-01,
105481,YAMATO NURSING AND REHABILITATION CENTER,375 NW 51ST STREET,BOCA RATON,FL,33431,"375 NW 51ST STREET,BOCA RATON,FL,33431",2026-04-01,
105484,OKEECHOBEE HEALTH CARE FACILITY,1646 HIGHWAY 441 N,OKEECHOBEE,FL,34972,"1646 HIGHWAY 441 N,OKEECHOBEE,FL,34972",2026-04-01,
105486,GATEWAY POST-ACUTE AND REHABILITATION CENTER,8600 US HWY 19 N,PINELLAS PARK,FL,33782,"8600 US HWY 19 N,PINELLAS PARK,FL,33782",2026-04-01,
105487,BAY BREEZE SENIOR LIVING AND REHABILITATION CENTER,3387 GULF BREEZE PARKWAY,GULF BREEZE,FL,32561,"3387 GULF BREEZE PARKWAY,GULF BREEZE,FL,32561",2026-04-01,
105488,RIVERWOOD HEALTHCARE & REHABILITATION CENTER,808 S COLLEY RD,STARKE,FL,32091,"808 S COLLEY RD,STARKE,FL,32091",2026-04-01,
105489,WILLOWBROOKE COURT SKILLED CARE CENTER - EDGEWATER,23305 BLUE WATER CIRCLE,BOCA RATON,FL,33433,"23305 BLUE WATER CIRCLE,BOCA RATON,FL,33433",2026-04-01,
105492,BEACH BREEZE REHAB AND CARE CENTER,1626 DAVIS RD,WEST PALM BEACH,FL,33406,"1626 DAVIS RD,WEST PALM BEACH,FL,33406",2026-04-01,
105494,ROYAL PALM BEACH HEALTH AND REHABILITATION CENTER,600 BUSINESS PARK WAY,ROYAL PALM BEACH,FL,33411,"600 BUSINESS PARK WAY,ROYAL PALM BEACH,FL,33411",2026-04-01,
105495,EMERALD NURSING AND REHABILITATION CENTER,4200 WASHINGTON ST,HOLLYWOOD,FL,33021,"4200 WASHINGTON ST,HOLLYWOOD,FL,33021",2026-04-01,
105496,ISLES OF BOYNTON NURSING AND REHAB CENTER,3001 SOUTH CONGRESS AVENUE,BOYNTON BEACH,FL,33426,"3001 SOUTH CONGRESS AVENUE,BOYNTON BEACH,FL,33426",2026-04-01,
105497,VENICE HEALTH AND REHABILITATION CENTER,1240 PINEBROOK ROAD,VENICE,FL,34292,"1240 PINEBROOK ROAD,VENICE,FL,34292",2026-04-01,
105498,SUSANNA WESLEY HEALTH CENTER,5300 W 16TH AVENUE,HIALEAH,FL,33012,"5300 W 16TH AVENUE,HIALEAH,FL,33012",2026-04-01,
105499,SOLARIS HEALTHCARE LELY PALMS,6135 RATTLESNAKE HAMMOCK ROAD,NAPLES,FL,34113,"6135 RATTLESNAKE HAMMOCK ROAD,NAPLES,FL,34113",2026-04-01,
105504,MARION AND BERNARD L SAMSON NURSING CENTER,255 59TH ST N,SAINT PETERSBURG,FL,33710,"255 59TH ST N,SAINT PETERSBURG,FL,33710",2026-04-01,
105506,ENCORE AT BOCA RATON REHABILITATION AND NURSING CE,7300 DEL PRADO CIRCLE SOUTH,BOCA RATON,FL,33433,"7300 DEL PRADO CIRCLE SOUTH,BOCA RATON,FL,33433",2026-04-01,
105507,AVIATA AT NORTH FORT MYERS,991 PONDELLA RD,N FT MYERS,FL,33903,"991 PONDELLA RD,N FT MYERS,FL,33903",2026-04-01,
105508,EAST RIDGE RETIREMENT VILLAGE INC,19225 SW 87TH AVE,CUTLER BAY,FL,33157,"19225 SW 87TH AVE,CUTLER BAY,FL,33157",2026-04-01,
105510,UNITY HEALTHCARE AND REHABILITATION CENTER,1404 NW 22ND STREET,MIAMI,FL,33142,"1404 NW 22ND STREET,MIAMI,FL,33142",2026-04-01,
105511,HIALEAH SHORES NURSING AND REHAB CENTER,8785 NW 32ND AVENUE,MIAMI,FL,33147,"8785 NW 32ND AVENUE,MIAMI,FL,33147",2026-04-01,
105513,CLARIDGE HOUSE NURSING AND REHABILITATION CENTER,13900 NE 3RD COURT,NORTH MIAMI,FL,33161,"13900 NE 3RD COURT,NORTH MIAMI,FL,33161",2026-04-01,
105514,DEBARY HEALTH AND REHABILITATION CENTER,60 N HWY 17/92,DEBARY,FL,32713,"60 N HWY 17/92,DEBARY,FL,32713",2026-04-01,
105515,SOLARIS HEALTHCARE PLANT CITY,701 N WILDER RD,PLANT CITY,FL,33566,"701 N WILDER RD,PLANT CITY,FL,33566",2026-04-01,
105518,WINTER GARDEN REHABILITATION AND NURSING CENTER,12751 W COLONIAL DRIVE,WINTER GARDEN,FL,34787,"12751 W COLONIAL DRIVE,WINTER GARDEN,FL,34787",2026-04-01,
105521,"AVANTE AT BOCA RATON, INC.",1130 NW 15TH STREET,BOCA RATON,FL,33486,"1130 NW 15TH STREET,BOCA RATON,FL,33486",2026-04-01,
105522,LEHIGH ACRES HEALTHCARE & REHAB CENTER,1550 LEE BOULEVARD,LEHIGH ACRES,FL,33936,"1550 LEE BOULEVARD,LEHIGH ACRES,FL,33936",2026-04-01,
105523,NORTH PORT REHABILITATION AND NURSING CENTER,6940 OUTREACH WAY,NORTH PORT,FL,34287,"6940 OUTREACH WAY,NORTH PORT,FL,34287",2026-04-01,
105526,"TERRACE AT BISHOP'S GLEN, THE",900 LPGA BLVD,HOLLY HILL,FL,32117,"900 LPGA BLVD,HOLLY HILL,FL,32117",2026-04-01,
105528,"TERRACE OF ST CLOUD, THE",3855 OLD CANOE CREEK ROAD,SAINT CLOUD,FL,34769,"3855 OLD CANOE CREEK ROAD,SAINT CLOUD,FL,34769",2026-04-01,
105529,HERITAGE PARK HEALTH CENTER BY HARBORVIEW,2302 59TH ST W,BRADENTON,FL,34209,"2302 59TH ST W,BRADENTON,FL,34209",2026-04-01,
105530,VISTA MANOR HEALTHCARE AND REHABILITATION CENTER,1550 JESS PARRISH CT,TITUSVILLE,FL,32796,"1550 JESS PARRISH CT,TITUSVILLE,FL,32796",2026-04-01,
105532,ARCADIA HEALTH AND REHABILITATION CENTER,10095 HILLVIEW ROAD,PENSACOLA,FL,32514,"10095 HILLVIEW ROAD,PENSACOLA,FL,32514",2026-04-01,
105537,SPRINGS AT BOCA CIEGA BAY,"1255 PASADENA AVE S, SUITE C",SOUTH PASADENA,FL,33707,"1255 PASADENA AVE S, SUITE C,SOUTH PASADENA,FL,33707",2026-04-01,
105538,HARBOUR HEALTH CENTER,23013 WESTCHESTER BLVD,PORT CHARLOTTE,FL,33980,"23013 WESTCHESTER BLVD,PORT CHARLOTTE,FL,33980",2026-04-01,
105539,HEALTHCARE AND REHAB OF SANFORD,950 MELLONVILLE AVE,SANFORD,FL,32771,"950 MELLONVILLE AVE,SANFORD,FL,32771",2026-04-01,
105541,HOMESTEAD MANOR A PALACE COMMUNITY,1330 NW 1ST AVE,HOMESTEAD,FL,33030,"1330 NW 1ST AVE,HOMESTEAD,FL,33030",2026-04-01,
105543,ST ANDREWS BAY SKILLED NURSING AND REHABILITATION,2100 JENKS AVE,PANAMA CITY,FL,32405,"2100 JENKS AVE,PANAMA CITY,FL,32405",2026-04-01,
105546,SOUTH ORANGE HEALTH AND REHABILITATION CENTER,1730 LUCERNE TERRACE,ORLANDO,FL,32806,"1730 LUCERNE TERRACE,ORLANDO,FL,32806",2026-04-01,
105547,FLAGLER HEALTH AND REHABILITATION CENTER,300 DR CARTER BOULEVARD,BUNNELL,FL,32110,"300 DR CARTER BOULEVARD,BUNNELL,FL,32110",2026-04-01,
105548,MOULTRIE CREEK NURSING AND REHAB CENTER,200 MARINER HEALTH WAY,SAINT AUGUSTINE,FL,32086,"200 MARINER HEALTH WAY,SAINT AUGUSTINE,FL,32086",2026-04-01,
105550,BROOKWOOD GARDENS REHABILITATION AND NURSING CENTE,1990 S CANAL DRIVE,HOMESTEAD,FL,33035,"1990 S CANAL DRIVE,HOMESTEAD,FL,33035",2026-04-01,
105551,AVIATA AT BRADENTON,105 15TH ST E,BRADENTON,FL,34208,"105 15TH ST E,BRADENTON,FL,34208",2026-04-01,
105552,SANDY RIDGE CENTER FOR REHABILITATION AND HEALING,5360 GLOVER LANE,MILTON,FL,32570,"5360 GLOVER LANE,MILTON,FL,32570",2026-04-01,
105553,CARROLLWOOD CARE CENTER,15002 HUTCHINSON RD,TAMPA,FL,33625,"15002 HUTCHINSON RD,TAMPA,FL,33625",2026-04-01,
105554,WATERFORD NURSING AND REHABILITATION CENTER,8333 W OKEECHOBEE ROAD,HIALEAH GARDENS,FL,33016,"8333 W OKEECHOBEE ROAD,HIALEAH GARDENS,FL,33016",2026-04-01,
105559,THE GOOD SAMARITAN SOCIETY-KISSIMMEE VILLAGE,1500 SOUTHGATE DRIVE,KISSIMMEE,FL,34746,"1500 SOUTHGATE DRIVE,KISSIMMEE,FL,34746",2026-04-01,
105560,"ST ANNES NURSING CENTER, ST ANNES RESIDENCE INC",11855 QUAIL ROOST DRIVE,MIAMI,FL,33177,"11855 QUAIL ROOST DRIVE,MIAMI,FL,33177",2026-04-01,
105561,SOLARIS HEALTHCARE PENSACOLA,8475 UNIVERSITY PARKWAY,PENSACOLA,FL,32514,"8475 UNIVERSITY PARKWAY,PENSACOLA,FL,32514",2026-04-01,
105562,PALM GARDEN OF OCALA,2700 SW 34TH ST,OCALA,FL,34474,"2700 SW 34TH ST,OCALA,FL,34474",2026-04-01,
105563,CENTRE POINTE HEALTH AND REHAB CENTER,2255 CENTERVILLE ROAD,TALLAHASSEE,FL,32308,"2255 CENTERVILLE ROAD,TALLAHASSEE,FL,32308",2026-04-01,
105564,LOTUS NURSING AND REHABILITATION CENTER,7950 LAKE UNDERHILL ROAD,ORLANDO,FL,32822,"7950 LAKE UNDERHILL ROAD,ORLANDO,FL,32822",2026-04-01,
105565,COASTAL HEALTH AND REHABILITATION CENTER,820 N CLYDE MORRIS BLVD,DAYTONA BEACH,FL,32117,"820 N CLYDE MORRIS BLVD,DAYTONA BEACH,FL,32117",2026-04-01,
105566,PALM GARDEN OF WINTER HAVEN,1120 CYPRESS GARDENS BLVD,WINTER HAVEN,FL,33884,"1120 CYPRESS GARDENS BLVD,WINTER HAVEN,FL,33884",2026-04-01,
105568,WINDSOR WOODS REHAB AND HEALTHCARE CENTER,13719 DALLAS DR,HUDSON,FL,34667,"13719 DALLAS DR,HUDSON,FL,34667",2026-04-01,
105570,INDIGO MANOR,595 N WILLIAMSON BLVD,DAYTONA BEACH,FL,32114,"595 N WILLIAMSON BLVD,DAYTONA BEACH,FL,32114",2026-04-01,
105571,PALM GARDEN OF GAINESVILLE,227 SW 62ND BLVD,GAINESVILLE,FL,32607,"227 SW 62ND BLVD,GAINESVILLE,FL,32607",2026-04-01,
105572,POMPANO HEALTH AND REHABILITATION CENTER,51 W SAMPLE ROAD,POMPANO BEACH,FL,33064,"51 W SAMPLE ROAD,POMPANO BEACH,FL,33064",2026-04-01,
105574,PALM GARDEN OF LARGO,10500 STARKEY RD,LARGO,FL,33777,"10500 STARKEY RD,LARGO,FL,33777",2026-04-01,
105575,PALMETTO CARE CENTER AND REHAB,6750 WEST 22ND COURT,HIALEAH,FL,33016,"6750 WEST 22ND COURT,HIALEAH,FL,33016",2026-04-01,
105578,AVIATA AT THE SEA - HARBOR BEACH,1615 MIAMI RD,FORT LAUDERDALE,FL,33316,"1615 MIAMI RD,FORT LAUDERDALE,FL,33316",2026-04-01,
105579,SAVANNAS PARK HEALTH AND REHABILITATION CENTER,1655 SE WALTON ROAD,PORT SAINT LUCIE,FL,34952,"1655 SE WALTON ROAD,PORT SAINT LUCIE,FL,34952",2026-04-01,
105580,CARLTON SHORES HEALTHCARE AND REHABILITATION CENTE,1350 S NOVA RD,DAYTONA BEACH,FL,32114,"1350 S NOVA RD,DAYTONA BEACH,FL,32114",2026-04-01,
105581,PALM GARDEN OF CLEARWATER,3480 MCMULLEN BOOTH RD,CLEARWATER,FL,33761,"3480 MCMULLEN BOOTH RD,CLEARWATER,FL,33761",2026-04-01,
105584,SARASOTA MEMORIAL NURSING & REHABILITATION CENTER,5640 RAND BLVD,SARASOTA,FL,34238,"5640 RAND BLVD,SARASOTA,FL,34238",2026-04-01,
105587,AVIATA AT COUNTRYSIDE,3825 COUNTRYSIDE BLVD N,PALM HARBOR,FL,34684,"3825 COUNTRYSIDE BLVD N,PALM HARBOR,FL,34684",2026-04-01,
105589,COQUINA CENTER,170 N CENTER STREET,ORMOND BEACH,FL,32174,"170 N CENTER STREET,ORMOND BEACH,FL,32174",2026-04-01,
105591,PALM GARDEN OF TAMPA,3612 E 138TH AVE,TAMPA,FL,33613,"3612 E 138TH AVE,TAMPA,FL,33613",2026-04-01,
105592,PALM GARDEN OF VERO BEACH,1755 37TH STREET,VERO BEACH,FL,32960,"1755 37TH STREET,VERO BEACH,FL,32960",2026-04-01,
105593,WILLOWBROOKE COURT AT INDIAN RIVER ESTATES,2440 CITRUS BLOSSOM CIR,VERO BEACH,FL,32966,"2440 CITRUS BLOSSOM CIR,VERO BEACH,FL,32966",2026-04-01,
105597,SURREY PLACE NURSING CENTER,110 SE LEE AVE,LIVE OAK,FL,32064,"110 SE LEE AVE,LIVE OAK,FL,32064",2026-04-01,
105598,HARBOURS EDGE,401 E LINTON BLVD,DELRAY BEACH,FL,33483,"401 E LINTON BLVD,DELRAY BEACH,FL,33483",2026-04-01,
105599,HILLSIDE HEALTH AND REHABILITATION CENTER	,38220 HENRY DR,ZEPHYRHILLS,FL,33540,"38220 HENRY DR,ZEPHYRHILLS,FL,33540",2026-04-01,
105600,PALM GARDEN OF PORT SAINT LUCIE,1751 SE HILLMOOR DRIVE,PORT SAINT LUCIE,FL,34952,"1751 SE HILLMOOR DRIVE,PORT SAINT LUCIE,FL,34952",2026-04-01,
105601,GRAND BOULEVARD HEALTH AND REHABILITATION CENTER,138 SANDESTIN LANE,MIRAMAR BEACH,FL,32550,"138 SANDESTIN LANE,MIRAMAR BEACH,FL,32550",2026-04-01,
105603,RIVIERA PALMS REHABILITATION CENTER,926 HABEN BLVD,PALMETTO,FL,34221,"926 HABEN BLVD,PALMETTO,FL,34221",2026-04-01,
105604,COVENANT VILLAGE CARE CENTER,9211 W BROWARD BLVD,PLANTATION,FL,33324,"9211 W BROWARD BLVD,PLANTATION,FL,33324",2026-04-01,
105609,NSPIRE HEALTHCARE TAMARAC,5901 NW 79TH AVENUE,TAMARAC,FL,33321,"5901 NW 79TH AVENUE,TAMARAC,FL,33321",2026-04-01,
105610,PALM GARDEN OF AVENTURA,21251 E DIXIE HIGHWAY,NORTH MIAMI BEACH,FL,33180,"21251 E DIXIE HIGHWAY,NORTH MIAMI BEACH,FL,33180",2026-04-01,
105611,AVIATA AT GREENACRES,6414 13TH RD S,GREEN ACRES,FL,33415,"6414 13TH RD S,GREEN ACRES,FL,33415",2026-04-01,
105612,SILVERCREST HEALTH AND REHABILITATION CENTER,910 BROOKMEADE DRIVE,CRESTVIEW,FL,32539,"910 BROOKMEADE DRIVE,CRESTVIEW,FL,32539",2026-04-01,
105616,Brighton Bay Center for Rehabilitation and Healing,10501 ROOSEVELT BLVD N,SAINT PETERSBURG,FL,33716,"10501 ROOSEVELT BLVD N,SAINT PETERSBURG,FL,33716",2026-04-01,
105617,AVANTE VILLA AT JACKSONVILLE BEACH INC,1504 SEABREEZE AVE,JACKSONVILLE BEACH,FL,32250,"1504 SEABREEZE AVE,JACKSONVILLE BEACH,FL,32250",2026-04-01,
105620,HIGHLANDS LAKE CENTER,4240 LAKELAND HIGHLANDS RD,LAKELAND,FL,33813,"4240 LAKELAND HIGHLANDS RD,LAKELAND,FL,33813",2026-04-01,
105622,DEERFIELD BEACH HEALTH AND REHABILITATION CENTER,401 EAST SAMPLE ROAD,POMPANO BEACH,FL,33064,"401 EAST SAMPLE ROAD,POMPANO BEACH,FL,33064",2026-04-01,
105623,WEST GABLES HEALTH CARE CENTER,2525 SW 75TH AVENUE,MIAMI,FL,33155,"2525 SW 75TH AVENUE,MIAMI,FL,33155",2026-04-01,
105624,BONIFAY NURSING AND REHAB CENTER,306 WEST BROCK AVENUE,BONIFAY,FL,32425,"306 WEST BROCK AVENUE,BONIFAY,FL,32425",2026-04-01,
105626,CHAUTAUQUA SPRINGS HEALTH CENTER,785 S 2ND STREET,DEFUNIAK SPRINGS,FL,32435,"785 S 2ND STREET,DEFUNIAK SPRINGS,FL,32435",2026-04-01,
105629,SURREY PLACE HEALTHCARE AND REHABILITATION,5525 21ST AVE W,BRADENTON,FL,34209,"5525 21ST AVE W,BRADENTON,FL,34209",2026-04-01,
105630,VICAR'S LANDING NURSING HOME,1003 YORK ROAD,PONTE VEDRA BEACH,FL,32082,"1003 YORK ROAD,PONTE VEDRA BEACH,FL,32082",2026-04-01,
105631,AVIATA AT BIG BEND,207 MARSHALL DR,PERRY,FL,32347,"207 MARSHALL DR,PERRY,FL,32347",2026-04-01,
105632,AVIATA AT HARTS HARBOR,11565 HARTS RD,JACKSONVILLE,FL,32218,"11565 HARTS RD,JACKSONVILLE,FL,32218",2026-04-01,
105635,MELBOURNE TERRACE REHABILITATION CENTER,251 FLORIDA AVE,MELBOURNE,FL,32901,"251 FLORIDA AVE,MELBOURNE,FL,32901",2026-04-01,
105636,BELLEAIR HEALTH CARE CENTER,1150 PONCE DE LEON BLVD,CLEARWATER,FL,33756,"1150 PONCE DE LEON BLVD,CLEARWATER,FL,33756",2026-04-01,
105638,PARKLANDS CARE CENTER AND REHAB,1000 SW 16TH AVE,GAINESVILLE,FL,32601,"1000 SW 16TH AVE,GAINESVILLE,FL,32601",2026-04-01,
105640,NORTH LAKE CARE CENTER AND REHAB,750 BAYBERRY DRIVE,LAKE PARK,FL,33403,"750 BAYBERRY DRIVE,LAKE PARK,FL,33403",2026-04-01,
105645,BARTRAM CROSSING,6209 BROOKS BARTRAM DRIVE,JACKSONVILLE,FL,32258,"6209 BROOKS BARTRAM DRIVE,JACKSONVILLE,FL,32258",2026-04-01,
105650,BAYSHORE POINTE NURSING AND REHAB CENTER,3117 W GANDY BLVD,TAMPA,FL,33611,"3117 W GANDY BLVD,TAMPA,FL,33611",2026-04-01,
105651,BLUE PALMS HEALTH AND REHABILITATION CENTER OF DAY,325 S SEGRAVE STREET,DAYTONA BEACH,FL,32114,"325 S SEGRAVE STREET,DAYTONA BEACH,FL,32114",2026-04-01,
105653,AVIATA AT ORANGE PARK,1215 KINGSLEY AVE,ORANGE PARK,FL,32073,"1215 KINGSLEY AVE,ORANGE PARK,FL,32073",2026-04-01,
105654,WESTCHESTER GARDENS HEALTH & REHABILITATION,3301 N MCMULLEN BOOTH RD,CLEARWATER,FL,33761,"3301 N MCMULLEN BOOTH RD,CLEARWATER,FL,33761",2026-04-01,
105655,"INN AT FREEDOM VILLAGE, THE",6410 21ST AVE W,BRADENTON,FL,34209,"6410 21ST AVE W,BRADENTON,FL,34209",2026-04-01,
105657,DIAMOND RIDGE HEALTH AND REHABILITATION CENTER,2730 W MARC KNIGHTON CT,LECANTO,FL,34461,"2730 W MARC KNIGHTON CT,LECANTO,FL,34461",2026-04-01,
105658,SOLARIS HEALTHCARE LAKE ZEPHYR,38250 A AVE,ZEPHYRHILLS,FL,33542,"38250 A AVE,ZEPHYRHILLS,FL,33542",2026-04-01,
105660,"MANOR AT CARPENTERS, THE",1001 CARPENTERS WAY,LAKELAND,FL,33809,"1001 CARPENTERS WAY,LAKELAND,FL,33809",2026-04-01,
105662,GRACEVILLE HEALTH CENTER,1083 SANDERS AVENUE,GRACEVILLE,FL,32440,"1083 SANDERS AVENUE,GRACEVILLE,FL,32440",2026-04-01,
105663,AVIATA AT GREEN COVE SPRINGS,803 OAK ST,GREEN COVE SPRINGS,FL,32043,"803 OAK ST,GREEN COVE SPRINGS,FL,32043",2026-04-01,
105664,Gainesville Health and Rehabilitation,4000 SW 20TH AVE,GAINESVILLE,FL,32607,"4000 SW 20TH AVE,GAINESVILLE,FL,32607",2026-04-01,
105665,AVIATA AT SOUTH DAYTONA,650 REED CANAL RD,SOUTH DAYTONA,FL,32119,"650 REED CANAL RD,SOUTH DAYTONA,FL,32119",2026-04-01,
105668,MEMORIAL MANOR,777 SOUTH DOUGLAS ROAD,PEMBROKE PINES,FL,33025,"777 SOUTH DOUGLAS ROAD,PEMBROKE PINES,FL,33025",2026-04-01,
105670,AVANTE AT ST CLOUD INC,1301 KANSAS AVE,SAINT CLOUD,FL,34769,"1301 KANSAS AVE,SAINT CLOUD,FL,34769",2026-04-01,
105671,AVANTE AT MELBOURNE INC,1420 SOUTH OAK STREET,MELBOURNE,FL,32901,"1420 SOUTH OAK STREET,MELBOURNE,FL,32901",2026-04-01,
105672,GULF COAST VILLAGE,1333 SANTA BARBARA BLVD,CAPE CORAL,FL,33991,"1333 SANTA BARBARA BLVD,CAPE CORAL,FL,33991",2026-04-01,
105673,INDIAN RIVER CENTER,7201 GREENBORO DR,WEST MELBOURNE,FL,32904,"7201 GREENBORO DR,WEST MELBOURNE,FL,32904",2026-04-01,
105680,NSPIRE HEALTHCARE LAUDERHILL,2599 NW 55TH AVE,LAUDERHILL,FL,33313,"2599 NW 55TH AVE,LAUDERHILL,FL,33313",2026-04-01,
105686,SPRINGTREE REHABILITATION & HEALTH CARE CENTER,4251 SPRINGTREE DRIVE,SUNRISE,FL,33351,"4251 SPRINGTREE DRIVE,SUNRISE,FL,33351",2026-04-01,
105687,SOLARIS HEALTHCARE PARKWAY,800 SE CENTRAL PKWY,STUART,FL,34994,"800 SE CENTRAL PKWY,STUART,FL,34994",2026-04-01,
105688,AVENTURA AT THE BAY,10300 4TH ST N,SAINT PETERSBURG,FL,33716,"10300 4TH ST N,SAINT PETERSBURG,FL,33716",2026-04-01,
105690,Highland Pines Rehabilitation Center,1111 S HIGHLAND AVE,CLEARWATER,FL,33756,"1111 S HIGHLAND AVE,CLEARWATER,FL,33756",2026-04-01,
105694,SABAL PALMS HEALTH & REHABILITATION,499 ALTERNATE KEENE RD NE,LARGO,FL,33771,"499 ALTERNATE KEENE RD NE,LARGO,FL,33771",2026-04-01,
105697,EAST BAY REHABILITATION CENTER,4470 E BAY DR,CLEARWATER,FL,33764,"4470 E BAY DR,CLEARWATER,FL,33764",2026-04-01,
105700,NORTHDALE REHABILITATION CENTER,3030 BEARSS AVE,TAMPA,FL,33618,"3030 BEARSS AVE,TAMPA,FL,33618",2026-04-01,
105705,LAKE PORT SQUARE HEALTH CENTER,701 LAKE PORT BLVD,LEESBURG,FL,34748,"701 LAKE PORT BLVD,LEESBURG,FL,34748",2026-04-01,
105707,FOURAKER HILLS REHAB AND NURSING CENTER,1650 FOURAKER RD,JACKSONVILLE,FL,32221,"1650 FOURAKER RD,JACKSONVILLE,FL,32221",2026-04-01,
105708,OAKPARK HEALTH AND REHABILITATION CENTER,2851 TAMPA RD,PALM HARBOR,FL,34684,"2851 TAMPA RD,PALM HARBOR,FL,34684",2026-04-01,
105709,NSPIRE HEALTHCARE MIAMI LAKES,5725 NW 186 STREET,HIALEAH,FL,33015,"5725 NW 186 STREET,HIALEAH,FL,33015",2026-04-01,
105710,JACKSONVILLE NURSING AND REHAB CENTER,4134 DUNN AVENUE,JACKSONVILLE,FL,32218,"4134 DUNN AVENUE,JACKSONVILLE,FL,32218",2026-04-01,
105711,SHORESIDE HEALTH AND REHABILITATION CENTER,201 NE 112TH STREET,MIAMI,FL,33161,"201 NE 112TH STREET,MIAMI,FL,33161",2026-04-01,
105712,ALHAMBRA HEALTHCARE & REHABILITATION CENTER	,7501 38TH AVE N,SAINT PETERSBURG,FL,33710,"7501 38TH AVE N,SAINT PETERSBURG,FL,33710",2026-04-01,
105713,ALPINE HEALTH AND REHABILITATION CENTER,3456 21ST AVE S,SAINT PETERSBURG,FL,33711,"3456 21ST AVE S,SAINT PETERSBURG,FL,33711",2026-04-01,
105714,CONCORDIA MANOR,321 13TH AVE N,SAINT PETERSBURG,FL,33701,"321 13TH AVE N,SAINT PETERSBURG,FL,33701",2026-04-01,
105715,HAMPTON COURT NURSING AND REHABILITATION CENTER,16100 NW 2ND AVENUE,NORTH MIAMI BEACH,FL,33169,"16100 NW 2ND AVENUE,NORTH MIAMI BEACH,FL,33169",2026-04-01,
105717,TIMBERRIDGE NURSING & REHABILITATION CENTER,9848 SW 110TH ST,OCALA,FL,34481,"9848 SW 110TH ST,OCALA,FL,34481",2026-04-01,
105718,AVIATA AT CENTRAL PARK,702 S KINGS AVE,BRANDON,FL,33511,"702 S KINGS AVE,BRANDON,FL,33511",2026-04-01,
105719,PALACE AT KENDALL NURSING AND REHABILITATION CENTE,11215 SW 84TH STREET,MIAMI,FL,33173,"11215 SW 84TH STREET,MIAMI,FL,33173",2026-04-01,
105720,MAYFLOWER HEALTHCARE CENTER,1850 MAYFLOWER COURT,WINTER PARK,FL,32792,"1850 MAYFLOWER COURT,WINTER PARK,FL,32792",2026-04-01,
105721,CEDAR HILL NURSING AND REHAB CENTER,5888 BLANDING BLVD,JACKSONVILLE,FL,32244,"5888 BLANDING BLVD,JACKSONVILLE,FL,32244",2026-04-01,
105723,CEDARBROOK HEALTH AND REHABILITATION CENTER,1600 MATTHEW DRIVE,FORT MYERS,FL,33907,"1600 MATTHEW DRIVE,FORT MYERS,FL,33907",2026-04-01,
105724,OCALA OAKS REHABILITATION CENTER,3930 E SILVER SPRINGS BLVD,OCALA,FL,34470,"3930 E SILVER SPRINGS BLVD,OCALA,FL,34470",2026-04-01,
105725,ELON MANOR NURSING AND REHABILITATION CENTER,1203 E 22ND AVE,TAMPA,FL,33605,"1203 E 22ND AVE,TAMPA,FL,33605",2026-04-01,
105727,WASHINGTON REHABILITATION AND NURSING CENTER,879 USERY ROAD,CHIPLEY,FL,32428,"879 USERY ROAD,CHIPLEY,FL,32428",2026-04-01,
105728,ORLANDO HEALTH AND REHABILITATION CENTER,830 WEST 29TH STREET,ORLANDO,FL,32805,"830 WEST 29TH STREET,ORLANDO,FL,32805",2026-04-01,
105729,CHIPOLA HEALTH AND REHABILITATION CENTER,4294 3RD AVENUE,MARIANNA,FL,32446,"4294 3RD AVENUE,MARIANNA,FL,32446",2026-04-01,
105730,SPRING LAKE REHABILITATION CENTER,1540 6TH ST NW,WINTER HAVEN,FL,33881,"1540 6TH ST NW,WINTER HAVEN,FL,33881",2026-04-01,
105731,COMMONS AT ORLANDO LUTHERAN TOWERS,210 LAKE AVENUE,ORLANDO,FL,32801,"210 LAKE AVENUE,ORLANDO,FL,32801",2026-04-01,
105732,THE CEDAR AT MEASE LIFE,910 NEW YORK AVE,DUNEDIN,FL,34698,"910 NEW YORK AVE,DUNEDIN,FL,34698",2026-04-01,
105733,PALM GARDEN OF PINELLAS,200 16TH AVE SE,LARGO,FL,34641,"200 16TH AVE SE,LARGO,FL,34641",2026-04-01,
105734,SOLARIS HEALTHCARE OSCEOLA,4201 W NEW NOLTE ROAD,SAINT CLOUD,FL,34772,"4201 W NEW NOLTE ROAD,SAINT CLOUD,FL,34772",2026-04-01,
105735,ORANGE CITY NURSING AND REHAB CENTER,2810 ENTERPRISE RD,DEBARY,FL,32713,"2810 ENTERPRISE RD,DEBARY,FL,32713",2026-04-01,
105736,PALM GARDEN OF SUN CITY,3850 UPPER CREEK DR,SUN CITY CENTER,FL,33573,"3850 UPPER CREEK DR,SUN CITY CENTER,FL,33573",2026-04-01,
105737,MACCLENNY NURSING AND REHAB CENTER,755 S 5TH ST,MACCLENNY,FL,32063,"755 S 5TH ST,MACCLENNY,FL,32063",2026-04-01,
105738,SOLARIS HEALTHCARE IMPERIAL,900 IMPERIAL GOLF COURSE BLVD,NAPLES,FL,34110,"900 IMPERIAL GOLF COURSE BLVD,NAPLES,FL,34110",2026-04-01,
105744,REGENCY OAKS HEALTH CENTER,2770 REGENCY OAKS BLVD,CLEARWATER,FL,33759,"2770 REGENCY OAKS BLVD,CLEARWATER,FL,33759",2026-04-01,
105749,ABBEY REHABILITATION AND NURSING CENTER,7101 DR MARTIN LUTHER KING JR ST N,SAINT PETERSBURG,FL,33702,"7101 DR MARTIN LUTHER KING JR ST N,SAINT PETERSBURG,FL,33702",2026-04-01,
105755,HEARTLAND NURSING & REHAB CENTER,3600 OLD BOYNTON ROAD,BOYNTON BEACH,FL,33436,"3600 OLD BOYNTON ROAD,BOYNTON BEACH,FL,33436",2026-04-01,
105761,SUNSET LAKE HEALTHCARE AND REHABILITATION CENTER,832 SUNSET LAKE BOULEVARD,VENICE,FL,34292,"832 SUNSET LAKE BOULEVARD,VENICE,FL,34292",2026-04-01,
105762,PROSPER HEALTH AND REHABILITATION CENTER,11375 PROSPERITY FARMS ROAD,PALM BEACH GARDENS,FL,33410,"11375 PROSPERITY FARMS ROAD,PALM BEACH GARDENS,FL,33410",2026-04-01,
105764,AVIATA AT THE GARDENS - TALLAHASSEE,1650 PHILLIPS RD,TALLAHASSEE,FL,32308,"1650 PHILLIPS RD,TALLAHASSEE,FL,32308",2026-04-01,
105769,SOLARIS HEALTHCARE LAKE CITY,560 SW MCFARLANE AVE,LAKE CITY,FL,32055,"560 SW MCFARLANE AVE,LAKE CITY,FL,32055",2026-04-01,
105774,INDIAN BEACH NURSING AND REHAB CENTER,1755 18TH ST,SARASOTA,FL,34230,"1755 18TH ST,SARASOTA,FL,34230",2026-04-01,
105777,DAVENPORT NURSING AND REHAB CENTER,206 W ORANGE ST,DAVENPORT,FL,33837,"206 W ORANGE ST,DAVENPORT,FL,33837",2026-04-01,
105779,HEALTHPARK CARE CENTER,16131 ROSERUSH COURT,FORT MYERS,FL,33908,"16131 ROSERUSH COURT,FORT MYERS,FL,33908",2026-04-01,
105780,OAKS AT AVON,1010 US 27 N,AVON PARK,FL,33825,"1010 US 27 N,AVON PARK,FL,33825",2026-04-01,
105782,SOLARIS HEALTHCARE APOPKA,305 EAST OAK STREET,APOPKA,FL,32703,"305 EAST OAK STREET,APOPKA,FL,32703",2026-04-01,
105783,SOLARIS HEALTHCARE EAST ORLANDO,250 SOUTH CHICKASAW TRAIL,ORLANDO,FL,32825,"250 SOUTH CHICKASAW TRAIL,ORLANDO,FL,32825",2026-04-01,
105784,"MANOR AT BLUE WATER BAY, THE",1500 NORTH WHITE POINT ROAD,NICEVILLE,FL,32578,"1500 NORTH WHITE POINT ROAD,NICEVILLE,FL,32578",2026-04-01,
105786,BAYONET POINT HEALTH CENTER BY HARBORVIEW,8132 HUDSON AVENUE,HUDSON,FL,34667,"8132 HUDSON AVENUE,HUDSON,FL,34667",2026-04-01,
105790,SOLARIS SENIOR LIVING NORTH NAPLES,10949 PARNU STREET,NAPLES,FL,34109,"10949 PARNU STREET,NAPLES,FL,34109",2026-04-01,
105791,DELANEY PARK HEALTH AND REHABILITATION CENTER,215 ANNIE STREET,ORLANDO,FL,32806,"215 ANNIE STREET,ORLANDO,FL,32806",2026-04-01,
105793,ROYAL OAKS NURSING AND REHAB CENTER,2225 KNOX MCRAE DR,TITUSVILLE,FL,32780,"2225 KNOX MCRAE DR,TITUSVILLE,FL,32780",2026-04-01,
105795,AVIATA AT CORAL BAY,2939 S HAVERHILL RD,WEST PALM BEACH,FL,33415,"2939 S HAVERHILL RD,WEST PALM BEACH,FL,33415",2026-04-01,
105797,GUARDIAN CARE NURSING & REHABILITATION CENTER,350 SOUTH JOHN YOUNG PARKWAY,ORLANDO,FL,32805,"350 SOUTH JOHN YOUNG PARKWAY,ORLANDO,FL,32805",2026-04-01,
105801,JOSEPH L MORSE HEALTH CENTER INC THE,4847 FRED GLADSTONE DRIVE,WEST PALM BEACH,FL,33417,"4847 FRED GLADSTONE DRIVE,WEST PALM BEACH,FL,33417",2026-04-01,
105803,"TERRACE OF HIALEAH, THE",190 W 28TH STREET,HIALEAH,FL,33010,"190 W 28TH STREET,HIALEAH,FL,33010",2026-04-01,
105804,VIVO HEALTHCARE FORT PIERCE,700 S 29TH STREET,FORT PIERCE,FL,34947,"700 S 29TH STREET,FORT PIERCE,FL,34947",2026-04-01,
105805,RADIANT NURSING AND REHAB AT PALATKA,501 S PALM AVE,PALATKA,FL,32177,"501 S PALM AVE,PALATKA,FL,32177",2026-04-01,
105807,MADISON HEALTH AND REHABILITATION CENTER,2481 WEST US 90,MADISON,FL,32340,"2481 WEST US 90,MADISON,FL,32340",2026-04-01,
105809,GOOD SAMARITAN CENTER,10676 MARVIN JONES BLVD,LIVE OAK,FL,32060,"10676 MARVIN JONES BLVD,LIVE OAK,FL,32060",2026-04-01,
105810,"MIRACLE HILL NURSING & REHABILITATION CENTER, INC",1329 ABRAHAM STREET,TALLAHASSEE,FL,32304,"1329 ABRAHAM STREET,TALLAHASSEE,FL,32304",2026-04-01,
105812,ROYAL CARE OF AVON PARK,1213 W STRATFORD RD,AVON PARK,FL,33825,"1213 W STRATFORD RD,AVON PARK,FL,33825",2026-04-01,
105816,"LILAC AT BAYVIEW, THE",161A MARINE STREET,SAINT AUGUSTINE,FL,32084,"161A MARINE STREET,SAINT AUGUSTINE,FL,32084",2026-04-01,
105817,PLYMOUTH HARBOR INCORPORATED,700 JOHN RINGLING BLVD,SARASOTA,FL,34236,"700 JOHN RINGLING BLVD,SARASOTA,FL,34236",2026-04-01,
105819,TIFFANY HALL NURSING AND REHAB CENTER,1800 SE HILLMOOR DRIVE,PORT SAINT LUCIE,FL,34952,"1800 SE HILLMOOR DRIVE,PORT SAINT LUCIE,FL,34952",2026-04-01,
105820,UNIVERSITY CROSSING,6210 BEACH BLVD,JACKSONVILLE,FL,32216,"6210 BEACH BLVD,JACKSONVILLE,FL,32216",2026-04-01,
105821,VIVO HEALTHCARE TAYLOR,6535 CHESTER AVENUE,JACKSONVILLE,FL,32217,"6535 CHESTER AVENUE,JACKSONVILLE,FL,32217",2026-04-01,
105822,GARDENS HEALTHCARE & REHABILITATION CENTER,1704 HUNTINGTON VILLAGE CIRCLE,DAYTONA BEACH,FL,32114,"1704 HUNTINGTON VILLAGE CIRCLE,DAYTONA BEACH,FL,32114",2026-04-01,
105824,GREENVILLE NURSING AND REHAB CENTER,13455 W US HWY 90,GREENVILLE,FL,32331,"13455 W US HWY 90,GREENVILLE,FL,32331",2026-04-01,
105826,"PAVILION AT JACKSONVILLE, THE",1771 EDGEWOOD AVE W,JACKSONVILLE,FL,32218,"1771 EDGEWOOD AVE W,JACKSONVILLE,FL,32218",2026-04-01,
105827,FINNISH-AMERICAN VILLAGE,1800 SOUTH DRIVE,LAKE WORTH,FL,33461,"1800 SOUTH DRIVE,LAKE WORTH,FL,33461",2026-04-01,
105828,WATERS EDGE HEALTH AND REHABILITATION,1500 SW CAPRI ST,PALM CITY,FL,34990,"1500 SW CAPRI ST,PALM CITY,FL,34990",2026-04-01,
105831,PALM CITY NURSING & REHAB CENTER,2505 SW MARTIN HWY,PALM CITY,FL,34990,"2505 SW MARTIN HWY,PALM CITY,FL,34990",2026-04-01,
105834,NORTH BANK CENTER FOR REHABILITATION AND HEALING,333 E ASHLEY ST,JACKSONVILLE,FL,32202,"333 E ASHLEY ST,JACKSONVILLE,FL,32202",2026-04-01,
105835,PINE TRAIL NURSING AND REHAB CENTER,4445 PINE FOREST DR,LAKE WORTH,FL,33463,"4445 PINE FOREST DR,LAKE WORTH,FL,33463",2026-04-01,
105837,BOYNTON BEACH REHABILITATION CENTER,9600 LAWRENCE RD,BOYNTON BEACH,FL,33436,"9600 LAWRENCE RD,BOYNTON BEACH,FL,33436",2026-04-01,
105838,EDWARD J HEALEY REHABILITATION AND NURSING CENTER,5101 WEST BLUE HERON BLVD,RIVIERA BEACH,FL,33418,"5101 WEST BLUE HERON BLVD,RIVIERA BEACH,FL,33418",2026-04-01,
105839,"TERRACE OF KISSIMMEE, THE",221 PARK PLACE BLVD,KISSIMMEE,FL,34741,"221 PARK PLACE BLVD,KISSIMMEE,FL,34741",2026-04-01,
105840,EMORY L BENNETT MEMORIAL VETERANS NURSING HOME,1920 MASON AVENUE,DAYTONA BEACH,FL,32117,"1920 MASON AVENUE,DAYTONA BEACH,FL,32117",2026-04-01,
105842,CRESCENT HEALTH AND REHABILITATION CENTER,5401 SAWYER RD,SARASOTA,FL,34233,"5401 SAWYER RD,SARASOTA,FL,34233",2026-04-01,
105843,HARBORVIEW HEALTH CENTER WEST ALTAMONTE,1099 WEST TOWN PARKWAY,ALTAMONTE SPRINGS,FL,32714,"1099 WEST TOWN PARKWAY,ALTAMONTE SPRINGS,FL,32714",2026-04-01,
105849,WRIGHTS HEALTHCARE AND REHABILITATION CENTER,11300 110TH AVE N,SEMINOLE,FL,33778,"11300 110TH AVE N,SEMINOLE,FL,33778",2026-04-01,
105854,WESTMINSTER OAKS,4449 MEANDERING WAY,TALLAHASSEE,FL,32308,"4449 MEANDERING WAY,TALLAHASSEE,FL,32308",2026-04-01,
105856,PREMIER PLACE AT THE GLENVIEW,100 GLENVIEW PLACE,NAPLES,FL,34108,"100 GLENVIEW PLACE,NAPLES,FL,34108",2026-04-01,
105858,CITRUS HEALTH AND REHABILITATION CENTER,701 MEDICAL COURT EAST,INVERNESS,FL,34452,"701 MEDICAL COURT EAST,INVERNESS,FL,34452",2026-04-01,
105859,SOLARIS HEALTHCARE CHARLOTTE HARBOR,4000 KINGS HWY,PORT CHARLOTTE,FL,33980,"4000 KINGS HWY,PORT CHARLOTTE,FL,33980",2026-04-01,
105866,PLAZA WEST,912 AMERICAN EAGLE BLVD,SUN CITY CENTER,FL,33573,"912 AMERICAN EAGLE BLVD,SUN CITY CENTER,FL,33573",2026-04-01,
105868,METRO WEST NURSING AND REHAB CENTER,5900 WESTGATE DRIVE,ORLANDO,FL,32825,"5900 WESTGATE DRIVE,ORLANDO,FL,32825",2026-04-01,
105870,LIFE CARE CENTER OF CITRUS COUNTY,3325 W JERWAYNE LN,LECANTO,FL,34461,"3325 W JERWAYNE LN,LECANTO,FL,34461",2026-04-01,
105872,TUSKAWILLA NURSING AND REHAB CENTER,1024 WILLA SPRINGS DR,WINTER SPRINGS,FL,32708,"1024 WILLA SPRINGS DR,WINTER SPRINGS,FL,32708",2026-04-01,
105875,COLONIAL SKILLED NURSING FACILITY LLC,2090 N CONGRESS AVE,WEST PALM BEACH,FL,33401,"2090 N CONGRESS AVE,WEST PALM BEACH,FL,33401",2026-04-01,
