CMS Certification Number (CCN),Provider Name,Provider Address,City/Town,State,ZIP Code,Location,Processing Date,email
015009,"BURNS NURSING HOME, INC.",701 MONROE STREET NW,RUSSELLVILLE,AL,35653,"701 MONROE STREET NW,RUSSELLVILLE,AL,35653",2026-04-01,info@guidingpatients.com
015014,EASTVIEW REHABILITATION & HEALTHCARE CENTER,7755 FOURTH AVENUE SOUTH,BIRMINGHAM,AL,35206,"7755 FOURTH AVENUE SOUTH,BIRMINGHAM,AL,35206",2026-04-01,info@ballhealth.com
015035,WEST GATE VILLAGE,100 PINEVIEW AND THIRD,BREWTON,AL,36427,"100 PINEVIEW AND THIRD,BREWTON,AL,36427",2026-04-01,info@anha.org
015040,DIVERSICARE OF MONTGOMERY,2020 NORTH COUNTRY CLUB DRIVE,MONTGOMERY,AL,36106,"2020 NORTH COUNTRY CLUB DRIVE,MONTGOMERY,AL,36106",2026-04-01,meg@soignenashville.com
015042,"SUMTER HEALTH AND REHABILITATION, L L C",1505 EAST 4TH AVENUE,YORK,AL,36925,"1505 EAST 4TH AVENUE,YORK,AL,36925",2026-04-01,"consumerfeedback@aplaceformom.com,meg@soignenashville.com"
015063,DIVERSICARE OF BOAZ,600 CORLEY AVENUE,BOAZ,AL,35957,"600 CORLEY AVENUE,BOAZ,AL,35957",2026-04-01,"diversicaremarketing@gmail.com,meg@soignenashville.com"
015071,ARABELLA HEALTH & WELLNESS OF RUSSELLVILLE,705 GANDY STREET NE,RUSSELLVILLE,AL,35653,"705 GANDY STREET NE,RUSSELLVILLE,AL,35653",2026-04-01,"info@arabellahcpn.com,info@arabellahcsm.com,info@arabellahcbt.com"
015073,"HANCEVILLE NURSING & REHAB CENTER, INC",420 MAIN STREET NE,HANCEVILLE,AL,35077,"420 MAIN STREET NE,HANCEVILLE,AL,35077",2026-04-01,meg@soignenashville.com
015083,"ELBA NURSING AND REHABILITATION CENTER, LLC",987 DRAYTON STREET,ELBA,AL,36323,"987 DRAYTON STREET,ELBA,AL,36323",2026-04-01,therapy@tarahc.com
015084,PARK PLACE,100 PARK PLACE,SELMA,AL,36701,"100 PARK PLACE,SELMA,AL,36701",2026-04-01,diversicaremarketing@gmail.com
015089,EVERGREEN NURSING HOME,100 SANDERS DRIVE,EVERGREEN,AL,36401,"100 SANDERS DRIVE,EVERGREEN,AL,36401",2026-04-01,info@anha.org
015103,"ASHLAND PLACE HEALTH AND REHABILITATION, LLC",148 TUSCALOOSA ST,MOBILE,AL,36607,"148 TUSCALOOSA ST,MOBILE,AL,36607",2026-04-01,meg@soignenashville.com
015114,SHADESCREST HEALTH CARE CENTER,331 WEST 25TH STREET,JASPER,AL,35502,"331 WEST 25TH STREET,JASPER,AL,35502",2026-04-01,cmumpower@shadescrest.com
015121,CROWNE HEALTH CARE OF CITRONELLE,19225 NORTH 4TH STREET,CITRONELLE,AL,36522,"19225 NORTH 4TH STREET,CITRONELLE,AL,36522",2026-04-01,dweaver@crownehealthcare.com
015127,BROOKSHIRE HEALTHCARE CENTER,4320 JUDITH LANE,HUNTSVILLE,AL,35805,"4320 JUDITH LANE,HUNTSVILLE,AL,35805",2026-04-01,phpprcontactus@providence.org
015129,ATMORE NURSING CENTER,715 EAST LAUREL STREET,ATMORE,AL,36502,"715 EAST LAUREL STREET,ATMORE,AL,36502",2026-04-01,info@crownehealthcare.com
015134,BIRMINGHAM NURSING AND REHABILITATION CENTER EAST,733 MARY VANN LANE,BIRMINGHAM,AL,35215,"733 MARY VANN LANE,BIRMINGHAM,AL,35215",2026-04-01,meg@soignenashville.com
015137,ALICEVILLE MANOR NURSING HOME,703 17TH STREET NORTHWEST,ALICEVILLE,AL,35442,"703 17TH STREET NORTHWEST,ALICEVILLE,AL,35442",2026-04-01,info@anha.org
015139,"TALLASSEE HEALTH AND REHABILITATION, LLC",2639 GILMER AVENUE,TALLASSEE,AL,36078,"2639 GILMER AVENUE,TALLASSEE,AL,36078",2026-04-01,meg@soignenashville.com
015143,FOREST MANOR HEALTH AND REHAB,2215 32ND STREET,NORTHPORT,AL,35476,"2215 32ND STREET,NORTHPORT,AL,35476",2026-04-01,info@forestmanorhealth.com
015148,DIVERSICARE OF ARAB,235 THIRD STREET SE,ARAB,AL,35016,"235 THIRD STREET SE,ARAB,AL,35016",2026-04-01,diversicaremarketing@gmail.com
015151,ARABELLA HEALTH & WELLNESS OF MOBILE,1758 SPRINGHILL AVE,MOBILE,AL,36607,"1758 SPRINGHILL AVE,MOBILE,AL,36607",2026-04-01,info@arabellahcmo.com
015153,ARLINGTON REHABILITATION & HEALTHCARE CENTER,"1020 TUSCALOOSA AVENUE, SW",BIRMINGHAM,AL,35211,"1020 TUSCALOOSA AVENUE, SW,BIRMINGHAM,AL,35211",2026-04-01,info@ballhealth.com
015154,FAYETTE MEDICAL CENTER LONG TERM CARE UNIT,1653 TEMPLE AVENUE NORTH,FAYETTE,AL,35555,"1653 TEMPLE AVENUE NORTH,FAYETTE,AL,35555",2026-04-01,consumerfeedback@aplaceformom.com
015155,"RIDGEVIEW HEALTH SERVICES, INC","907 11TH STREET, NE",JASPER,AL,35504,"907 11TH STREET, NE,JASPER,AL,35504",2026-04-01,consumerfeedback@aplaceformom.com
015156,CROWNE HEALTH CARE OF FT PAYNE,403 13TH STREET NORTHWEST,FORT PAYNE,AL,35967,"403 13TH STREET NORTHWEST,FORT PAYNE,AL,35967",2026-04-01,consumerfeedback@aplaceformom.com
015157,HALEYVILLE HEALTH CARE CENTER,2201 11TH AVENUE,HALEYVILLE,AL,35565,"2201 11TH AVENUE,HALEYVILLE,AL,35565",2026-04-01,haleyvillechamberofcommerce@gmail.com
015158,DIVERSICARE OF MARION,505 EAST LAFAYETTE STREET,MARION,AL,36756,"505 EAST LAFAYETTE STREET,MARION,AL,36756",2026-04-01,"phpprcontactus@providence.org,meg@soignenashville.com"
015160,SYLACAUGA HEALTH AND REHAB SERVICES,1007 W FORT WILLIAMS ST,SYLACAUGA,AL,35150,"1007 W FORT WILLIAMS ST,SYLACAUGA,AL,35150",2026-04-01,meg@soignenashville.com
015164,ARABELLA HEALTH & WELLNESS OF BUTLER,1406 EAST PUSHMATAHA STREET,BUTLER,AL,36904,"1406 EAST PUSHMATAHA STREET,BUTLER,AL,36904",2026-04-01,info@arabellahcm.com
015166,DADEVILLE HEALTHCARE CENTER,351 NORTH EAST STREET,DADEVILLE,AL,36853,"351 NORTH EAST STREET,DADEVILLE,AL,36853",2026-04-01,info@dadevillehealthcare.net
015167,MARION REGIONAL NURSING HOME,184 SASSER DRIVE,HAMILTON,AL,35570,"184 SASSER DRIVE,HAMILTON,AL,35570",2026-04-01,consumerfeedback@aplaceformom.com
015171,SOUTHERN SPRINGS HEALTHCARE FACILITY,745 SOUTHERN SPRINGS ROAD,UNION SPRINGS,AL,36089,"745 SOUTHERN SPRINGS ROAD,UNION SPRINGS,AL,36089",2026-04-01,customercare@silverts.com
015180,GADSDEN HEALTH AND REHAB CENTER,1945 DAVIS DRIVE,GADSDEN,AL,35904,"1945 DAVIS DRIVE,GADSDEN,AL,35904",2026-04-01,bills@gadsdenhealthcare.com
015191,BROWN NURSING HOME,2334 WASHINGTON STREET,ALEXANDER CITY,AL,35010,"2334 WASHINGTON STREET,ALEXANDER CITY,AL,35010",2026-04-01,cecily.lee@crownehealthcare.com
015201,"GENERATIONS OF RED BAY, LLC",106 TENTH AVENUE NORTHWEST,RED BAY,AL,35582,"106 TENTH AVENUE NORTHWEST,RED BAY,AL,35582",2026-04-01,info@genmanco.com
015204,GOODWATER HEALTHCARE CENTER,16 JONES HILL ROAD,GOODWATER,AL,35072,"16 JONES HILL ROAD,GOODWATER,AL,35072",2026-04-01,info@goodwaterhealthcare.com
015206,DECATUR HEALTH & REHAB CENTER,2326 MORGAN AVENUE SOUTHWEST,DECATUR,AL,35603,"2326 MORGAN AVENUE SOUTHWEST,DECATUR,AL,35603",2026-04-01,clewis@usahealthcare.net
015220,CROWNE HEALTH CARE OF THOMASVILLE,1425 MOSLEY DRIVE,THOMASVILLE,AL,36784,"1425 MOSLEY DRIVE,THOMASVILLE,AL,36784",2026-04-01,dogatlin@crownehealthcare.com
015221,"CHAPMAN HEALTHCARE CENTER, INC",3701 DADEVILLE ROAD,ALEXANDER CITY,AL,35010,"3701 DADEVILLE ROAD,ALEXANDER CITY,AL,35010",2026-04-01,consumerfeedback@aplaceformom.com
015225,BARFIELD HEALTH CARE,22444 HIGHWAY 431,GUNTERSVILLE,AL,35976,"22444 HIGHWAY 431,GUNTERSVILLE,AL,35976",2026-04-01,"fb@barfieldhealthcare.net,info@anha.org"
015227,"GENERATIONS OF VERNON, LLC",1050 CONVALESCENT ROAD,VERNON,AL,35592,"1050 CONVALESCENT ROAD,VERNON,AL,35592",2026-04-01,info@genmanco.com
015303,ARABELLA HEALTH & WELLNESS OF BIRMINGHAM,1028 BESSEMER RD,BIRMINGHAM,AL,35228,"1028 BESSEMER RD,BIRMINGHAM,AL,35228",2026-04-01,info@arabellahcbr.com
015320,ENTERPRISE HEALTH & REHABILITATION CENTER,300 PLAZA DRIVE,ENTERPRISE,AL,36331,"300 PLAZA DRIVE,ENTERPRISE,AL,36331",2026-04-01,admin@ehrc.health
015331,ARABELLA HEALTH & WELLNESS OF PHENIX CITY,3900 LAKEWOOD DRIVE,PHENIX CITY,AL,36867,"3900 LAKEWOOD DRIVE,PHENIX CITY,AL,36867",2026-04-01,"info@arabellahcrw.com,info@arabellahcmo.com,info@arabellahcpn.com,info@arabellahcmt.com,info@arabellahcrv.com"
015361,LAUDERDALE CHRISTIAN NURSING HOME,2019 COUNTY ROAD 394,KILLEN,AL,35645,"2019 COUNTY ROAD 394,KILLEN,AL,35645",2026-04-01,"aparker@lcnh.org,kgeorge@lcnh.org,bpettus@lcnh.org"
015371,HERITAGE HEALTH CARE & REHAB INC,1101 SNOWS MILL AVENUE,TUSCALOOSA,AL,35406,"1101 SNOWS MILL AVENUE,TUSCALOOSA,AL,35406",2026-04-01,consumerfeedback@aplaceformom.com
015375,ANNISTON HEALTH AND REHAB SERVICES,600 E 8TH STREET,ANNISTON,AL,36207,"600 E 8TH STREET,ANNISTON,AL,36207",2026-04-01,meg@soignenashville.com
015379,MOBILE NURSING AND REHABILITATION CENTER,7020 BRUNS DRIVE,MOBILE,AL,36695,"7020 BRUNS DRIVE,MOBILE,AL,36695",2026-04-01,therapy@tarahc.com
015390,CAPITOL HILL HEALTHCARE CENTER,520 SOUTH HULL STREET,MONTGOMERY,AL,36104,"520 SOUTH HULL STREET,MONTGOMERY,AL,36104",2026-04-01,reviews@seniorhomes.com
015396,DIVERSICARE OF GREENSBORO,616 ARMORY STREET,GREENSBORO,AL,36744,"616 ARMORY STREET,GREENSBORO,AL,36744",2026-04-01,"phpprcontactus@providence.org,sarah.hallmark@projecthsf.org"
015402,EL REPOSO NURSING FACILITY,260 MILNER CHAPEL ROAD,FLORENCE,AL,35634,"260 MILNER CHAPEL ROAD,FLORENCE,AL,35634",2026-04-01,meg@soignenashville.com
015404,BARON HOUSE OF HUEYTOWN,190 BROOKLANE DRIVE,HUEYTOWN,AL,35023,"190 BROOKLANE DRIVE,HUEYTOWN,AL,35023",2026-04-01,diversicaremarketing@gmail.com
015407,HEALTH CARE INC,38286 US HIGHWAY 231,ASHVILLE,AL,35953,"38286 US HIGHWAY 231,ASHVILLE,AL,35953",2026-04-01,"customercare@silverts.com,info@guidingpatients.com"
015413,LIGHTHOUSE REHABILITATION & HEALTHCARE CENTER,2911 EARL GOODWIN PARKWAY,SELMA,AL,36703,"2911 EARL GOODWIN PARKWAY,SELMA,AL,36703",2026-04-01,info@ballhealth.com
015416,ANDALUSIA MANOR,670 MOORE RD,ANDALUSIA,AL,36420,"670 MOORE RD,ANDALUSIA,AL,36420",2026-04-01,amills@andalusiamanor.org
015419,HARTFORD HEALTH CARE,217 TORO ROAD,HARTFORD,AL,36344,"217 TORO ROAD,HARTFORD,AL,36344",2026-04-01,diversicaremarketing@gmail.com
015424,ROANOKE REHABILITATION & HEALTHCARE CENTER,680 SEYMOUR DRIVE,ROANOKE,AL,36274,"680 SEYMOUR DRIVE,ROANOKE,AL,36274",2026-04-01,info@ballhealth.com
015453,"COLUMBIANA HEALTH AND REHABILITATION, LLC",22969 HIGHWAY 25,COLUMBIANA,AL,35051,"22969 HIGHWAY 25,COLUMBIANA,AL,35051",2026-04-01,meg@soignenashville.com
015456,"GULF COAST HEALTH AND REHABILITATION, LLC",8002 GRELOT ROAD,MOBILE,AL,36695,"8002 GRELOT ROAD,MOBILE,AL,36695",2026-04-01,meg@soignenashville.com
015458,THE HEALTH CENTER AT RESEARCH PARK,5275 MILLENNIUM DRIVE,HUNTSVILLE,AL,35806,"5275 MILLENNIUM DRIVE,HUNTSVILLE,AL,35806",2026-04-01,contact-researchpark@ensignservices.net
015459,GALLERIA WOODS SKILLED NURSING FACILITY,3850 GALLERIA WOODS DRIVE,BIRMINGHAM,AL,35244,"3850 GALLERIA WOODS DRIVE,BIRMINGHAM,AL,35244",2026-04-01,phpprcontactus@providence.org
015461,LEGACY HEALTH AND REHABILITATION OF PLEASANT GROVE,30 7TH STREET,PLEASANT GROVE,AL,35127,"30 7TH STREET,PLEASANT GROVE,AL,35127",2026-04-01,meg@soignenashville.com
01A208,MONTGOMERY CHILDREN'S SPECIALTY CENTER,2853 FORBES DRIVE,MONTGOMERY,AL,36110,"2853 FORBES DRIVE,MONTGOMERY,AL,36110",2026-04-01,montgomery@tutera.com
025020,Denali Center,1510 19TH AVENUE,FAIRBANKS,AK,99701,"1510 19TH AVENUE,FAIRBANKS,AK,99701",2026-04-01,"info@explorefairbanks.com,consumerfeedback@aplaceformom.com"
025034,PROVIDENCE VALDEZ MEDICAL CENTER,911 MEALS AVENUE,VALDEZ,AK,99686,"911 MEALS AVENUE,VALDEZ,AK,99686",2026-04-01,"phpprcontactus@providence.org,communications@valdezak.gov"
025039,MAPLE SPRINGS OF PALMER,12130 EAST MAPLE SPRINGS WAY,PALMER,AK,99645,"12130 EAST MAPLE SPRINGS WAY,PALMER,AK,99645",2026-04-01,info@palmerchamber.org
035003,The Terraces of Phoenix,7550 NORTH 16TH STREET,PHOENIX,AZ,85020,"7550 NORTH 16TH STREET,PHOENIX,AZ,85020",2026-04-01,consumerfeedback@aplaceformom.com
035004,Santa Rosa Care Center,1650 NORTH SANTA ROSA AVENUE,TUCSON,AZ,85712,"1650 NORTH SANTA ROSA AVENUE,TUCSON,AZ,85712",2026-04-01,"contact-santarosa@ensignservices.net,info@altcs.org"
035014,Desert Terrace Healthcare Center,2509 NORTH 24TH STREET,PHOENIX,AZ,85008,"2509 NORTH 24TH STREET,PHOENIX,AZ,85008",2026-04-01,contact-desertterrace@ensignservices.net
035016,HANDMAKER HOME FOR THE AGING,2221 NORTH ROSEMONT BOULEVARD,TUCSON,AZ,85712,"2221 NORTH ROSEMONT BOULEVARD,TUCSON,AZ,85712",2026-04-01,consumerfeedback@aplaceformom.com
035059,HAVEN OF SCOTTSDALE,3293 NORTH DRINKWATER BOULEVARD,SCOTTSDALE,AZ,85251,"3293 NORTH DRINKWATER BOULEVARD,SCOTTSDALE,AZ,85251",2026-04-01,info@altcs.org
035064,FOOTHILLS REHABILITATION CENTER,2250 NORTH CRAYCROFT ROAD,TUCSON,AZ,85712,"2250 NORTH CRAYCROFT ROAD,TUCSON,AZ,85712",2026-04-01,"rhensler@azbn.gov,administrator@foothillsrehab.com"
035068,PUEBLO SPRINGS REHABILITATION CENTER,5545 EAST LEE STREET,TUCSON,AZ,85712,"5545 EAST LEE STREET,TUCSON,AZ,85712",2026-04-01,"pueblosprings@ensignservices.net,contact-pueblosprings@ensignservices.net"
035071,MISSION PALMS POST ACUTE,6461 EAST BAYWOOD AVENUE,MESA,AZ,85206,"6461 EAST BAYWOOD AVENUE,MESA,AZ,85206",2026-04-01,"admin@azhca.org,contact-missionpalms@ensignservices.net"
035074,FRIENDSHIP VILLAGE OF TEMPE,2525 EAST SOUTHERN AVENUE,TEMPE,AZ,85282,"2525 EAST SOUTHERN AVENUE,TEMPE,AZ,85282",2026-04-01,admin@azhca.org
035083,HERITAGE COURT POST ACUTE OF SCOTTSDALE,3339 NORTH DRINKWATER BOULEVARD,SCOTTSDALE,AZ,85251,"3339 NORTH DRINKWATER BOULEVARD,SCOTTSDALE,AZ,85251",2026-04-01,contact-heritagecourt@ensignservices.net
035084,PLAZA HEALTHCARE,1475 NORTH GRANITE REEF ROAD,SCOTTSDALE,AZ,85257,"1475 NORTH GRANITE REEF ROAD,SCOTTSDALE,AZ,85257",2026-04-01,admissions@plazahealthcare.com
035085,HAVEN OF SAGUARO VALLEY,6651 EAST CARONDELET DRIVE,TUCSON,AZ,85710,"6651 EAST CARONDELET DRIVE,TUCSON,AZ,85710",2026-04-01,saguaro@havenhealthaz.com
035088,CAMELBACK POST ACUTE CARE AND REHABILITATION,4635 NORTH 14TH STREET,PHOENIX,AZ,85014,"4635 NORTH 14TH STREET,PHOENIX,AZ,85014",2026-04-01,contact-camelback@ensignservices.net
035091,HAVEN OF FLAGSTAFF,800 WEST UNIVERSITY AVENUE,FLAGSTAFF,AZ,86001,"800 WEST UNIVERSITY AVENUE,FLAGSTAFF,AZ,86001",2026-04-01,info@altcs.org
035094,HAVEN OF SEDONA,505 JACKS CANYON ROAD,SEDONA,AZ,86351,"505 JACKS CANYON ROAD,SEDONA,AZ,86351",2026-04-01,info@altcs.org
035095,Desert Cove Nursing Center,1750 WEST FRYE ROAD,CHANDLER,AZ,85224,"1750 WEST FRYE ROAD,CHANDLER,AZ,85224",2026-04-01,info@altcs.org
035100,Havasu Nursing Center,3576 KEARSAGE DRIVE,LAKE HAVASU CITY,AZ,86406,"3576 KEARSAGE DRIVE,LAKE HAVASU CITY,AZ,86406",2026-04-01,adm@havasunursingcenter.com
035101,CHANDLER POST ACUTE AND REHABILITATION,2121 WEST ELGIN STREET,CHANDLER,AZ,85224,"2121 WEST ELGIN STREET,CHANDLER,AZ,85224",2026-04-01,contact-chandler@ensignservices.net
035103,CITADEL POST ACUTE,5121 EAST BROADWAY ROAD,MESA,AZ,85206,"5121 EAST BROADWAY ROAD,MESA,AZ,85206",2026-04-01,contact-citadel@ensignservices.net
035105,SHEA POST ACUTE REHABILITATION CENTER,11150 NORTH 92ND STREET,SCOTTSDALE,AZ,85260,"11150 NORTH 92ND STREET,SCOTTSDALE,AZ,85260",2026-04-01,-sheaparc@ensignservices.net
035106,TEMPE POST ACUTE,6100 SOUTH RURAL ROAD,TEMPE,AZ,85283,"6100 SOUTH RURAL ROAD,TEMPE,AZ,85283",2026-04-01,"contact-tempepostacute@ensignservices.net,tempepostacute@ensignservices.net"
035107,HAVEN OF PHOENIX,4202 NORTH 20TH AVENUE,PHOENIX,AZ,85015,"4202 NORTH 20TH AVENUE,PHOENIX,AZ,85015",2026-04-01,"paquettec1@mercycareaz.org,info@nursingabuseinjurylaw.com"
035110,Sun West Choice Healthcare & Rehab,14002 WEST MEEKER BLVD,SUN CITY WEST,AZ,85375,"14002 WEST MEEKER BLVD,SUN CITY WEST,AZ,85375",2026-04-01,"-sunwestchoice@ensignservices.net,contact-sunwestchoice@ensignservices.net"
035120,MI CASA NURSING CENTER,330 SOUTH PINNULE CIRCLE,MESA,AZ,85206,"330 SOUTH PINNULE CIRCLE,MESA,AZ,85206",2026-04-01,info@altcs.org
035130,ARCHSTONE CARE CENTER,1980 WEST PECOS ROAD,CHANDLER,AZ,85224,"1980 WEST PECOS ROAD,CHANDLER,AZ,85224",2026-04-01,"mlucero@archstonecare.com,info@altcs.org"
035131,Granite Creek Health & Rehabilitation Center,1045 SCOTT DRIVE,PRESCOTT,AZ,86301,"1045 SCOTT DRIVE,PRESCOTT,AZ,86301",2026-04-01,contact-granitecreek@ensigngroup.net
035132,CORONADO HEALTHCARE CENTER,11411 NORTH 19TH AVE,PHOENIX,AZ,85029,"11411 NORTH 19TH AVE,PHOENIX,AZ,85029",2026-04-01,"contact-coronado@ensignservices.net,info@altcs.org"
035133,Life Care Center Of Yuma,2450 SOUTH 19TH AVENUE,YUMA,AZ,85364,"2450 SOUTH 19TH AVENUE,YUMA,AZ,85364",2026-04-01,admin@azhca.org
035135,Montecito Post Acute Care and Rehabilitation,51 SOUTH 48TH STREET,MESA,AZ,85206,"51 SOUTH 48TH STREET,MESA,AZ,85206",2026-04-01,contact-montecito@ensignservices.net
035140,LIFE CARE CENTER OF TUCSON,6211 NORTH LA CHOLLA BOULEVARD,TUCSON,AZ,85741,"6211 NORTH LA CHOLLA BOULEVARD,TUCSON,AZ,85741",2026-04-01,admin@azhca.org
035151,SABINO CANYON REHABILITATION & CARE CENTER,5830 EAST PIMA STREET,TUCSON,AZ,85712,"5830 EAST PIMA STREET,TUCSON,AZ,85712",2026-04-01,contact-sabinocanyon@ensignservices.net
035171,ALTA MESA HEALTH AND REHABILITATION,5848 EAST UNIVERSITY DRIVE,MESA,AZ,85205,"5848 EAST UNIVERSITY DRIVE,MESA,AZ,85205",2026-04-01,"-altamesa@ensignservices.net,contact-altamesa@ensignservices.net"
035172,HAVEN OF SAFFORD,1933 PEPPERTREE DRIVE,SAFFORD,AZ,85546,"1933 PEPPERTREE DRIVE,SAFFORD,AZ,85546",2026-04-01,info@altcs.org
035176,BEATITUDES CAMPUS,1712 WEST GLENDALE AVENUE,PHOENIX,AZ,85021,"1712 WEST GLENDALE AVENUE,PHOENIX,AZ,85021",2026-04-01,"bwood@beatitudescampus.org,campusinfo@beatitudescampus.org,info@altcs.org"
035180,HAVEN OF DOUGLAS,1400 NORTH SAN ANTONIO AVENUE,DOUGLAS,AZ,85607,"1400 NORTH SAN ANTONIO AVENUE,DOUGLAS,AZ,85607",2026-04-01,info@altcs.org
035190,CATALINA POST ACUTE AND REHABILITATION,2611 NORTH WARREN AVENUE,TUCSON,AZ,85719,"2611 NORTH WARREN AVENUE,TUCSON,AZ,85719",2026-04-01,"contact-catalina@ensignservices.net,ebramschreiber@ensignservices.net"
035193,Citrus Heights Respiratory and Rehabilitation,3130 EAST BROADWAY ROAD,MESA,AZ,85204,"3130 EAST BROADWAY ROAD,MESA,AZ,85204",2026-04-01,"admin@azhca.org,contact-citrusheights@ensignservices.net"
035196,SANDRIDGE POST ACUTE,255 WEST BROWN ROAD,MESA,AZ,85201,"255 WEST BROWN ROAD,MESA,AZ,85201",2026-04-01,vanessa.medellin@sandridgepa.com
035197,HAVEN OF YUMA,2470 SOUTH ARIZONA AVENUE,YUMA,AZ,85364,"2470 SOUTH ARIZONA AVENUE,YUMA,AZ,85364",2026-04-01,info@altcs.org
035205,SUNCREST HEALTHCARE CENTER,2211 EAST SOUTHERN AVENUE,PHOENIX,AZ,85040,"2211 EAST SOUTHERN AVENUE,PHOENIX,AZ,85040",2026-04-01,consumerfeedback@aplaceformom.com
035214,QUIBURI MISSION NURSING & REHABILITATION,850 SOUTH HIGHWAY 80,BENSON,AZ,85602,"850 SOUTH HIGHWAY 80,BENSON,AZ,85602",2026-04-01,admin@azhca.org
035225,Sun City Post Acute,9940 WEST UNION HILLS DRIVE,SUN CITY,AZ,85373,"9940 WEST UNION HILLS DRIVE,SUN CITY,AZ,85373",2026-04-01,phpprcontactus@providence.org
035232,MOUNTAIN VIEW CARE CENTER,1313 WEST MAGEE ROAD,TUCSON,AZ,85704,"1313 WEST MAGEE ROAD,TUCSON,AZ,85704",2026-04-01,contact-mountainviewcare@ensignservices.net
035240,HAVEN OF LAKE HAVASU,2781 OSBORNE DRIVE,LAKE HAVASU CITY,AZ,86406,"2781 OSBORNE DRIVE,LAKE HAVASU CITY,AZ,86406",2026-04-01,info@altcs.org
035241,South Mountain Post Acute,8008 S. JESSE OWENS PARKWAY,PHOENIX,AZ,85042,"8008 S. JESSE OWENS PARKWAY,PHOENIX,AZ,85042",2026-04-01,"-southmountain@ensignservices.net,contact-southmountain@ensignservices.net"
035250,Immanuel Campus Of Care,11301 NORTH 99TH AVENUE,PEORIA,AZ,85345,"11301 NORTH 99TH AVENUE,PEORIA,AZ,85345",2026-04-01,"info@altcs.org,iccinfo@immanuelcares.com,admissions@immanuelcares.comsee,dsalgado@immanuelcares.comsee"
035251,RIVER PARK POST ACUTE,2555 NORTH PRICE ROAD,CHANDLER,AZ,85224,"2555 NORTH PRICE ROAD,CHANDLER,AZ,85224",2026-04-01,contact-riverpark@ensignservices.net
035260,Fountain Hills Post Acute,16300 EAST KEITH MCMAHAN DRIVE,FOUNTAIN HILLS,AZ,85268,"16300 EAST KEITH MCMAHAN DRIVE,FOUNTAIN HILLS,AZ,85268",2026-04-01,contact-fountainhills@ensignservices.net
035262,THE LINGENFELTER CENTER,1099 SUNRISE AVENUE,KINGMAN,AZ,86401,"1099 SUNRISE AVENUE,KINGMAN,AZ,86401",2026-04-01,info@altcs.org
035277,HAVEN OF LAKESIDE,3401 NORTH LOCKWOOD DRIVE,LAKESIDE,AZ,85929,"3401 NORTH LOCKWOOD DRIVE,LAKESIDE,AZ,85929",2026-04-01,info@altcs.org
035285,WELLSPRINGS OF GILBERT,3319 SOUTH MERCY ROAD,GILBERT,AZ,85297,"3319 SOUTH MERCY ROAD,GILBERT,AZ,85297",2026-04-01,contact-wellsprings@ensignservices.net
035296,ASPIRE TRANSITIONAL CARE,1521 NORTH PINE CLIFF DRIVE,FLAGSTAFF,AZ,86001,"1521 NORTH PINE CLIFF DRIVE,FLAGSTAFF,AZ,86001",2026-04-01,"admin@azhca.org,info@aspiretransitionalcare.com"
035302,Diamondback Healthcare Center,3000 N 91ST AVENUE,PHOENIX,AZ,85037,"3000 N 91ST AVENUE,PHOENIX,AZ,85037",2026-04-01,rbailey@diamondbackhealth.com
045125,BUTTERFIELD TRAIL VILLAGE,1923 EAST JOYCE BLVD,FAYETTEVILLE,AR,72703,"1923 EAST JOYCE BLVD,FAYETTEVILLE,AR,72703",2026-04-01,marketing@btvillage.org
045134,THE SPRINGS JONESBORO,1705 LATOURETTE DRIVE,JONESBORO,AR,72404,"1705 LATOURETTE DRIVE,JONESBORO,AR,72404",2026-04-01,meg@soignenashville.com
045148,CAVE CITY NURSING HOME INC,442 TAYLOR CIRCLE,CAVE CITY,AR,72521,"442 TAYLOR CIRCLE,CAVE CITY,AR,72521",2026-04-01,"meg@soignenashville.com,first.last@cavecitynursinghome.org,flast@cavecitynursinghome.org"
045151,THE GREEN HOUSE COTTAGES OF WALNUT RIDGE,1500 WEST MAIN STREET,WALNUT RIDGE,AR,72476,"1500 WEST MAIN STREET,WALNUT RIDGE,AR,72476",2026-04-01,walnutridgeinfo@southernadmin.com
045153,THE SPRINGS OF FAIRFIELD BAY,265 DAVE CREEK PARKWAY,FAIRFIELD BAY,AR,72088,"265 DAVE CREEK PARKWAY,FAIRFIELD BAY,AR,72088",2026-04-01,alirvadmin@soar.com
045155,ASH FLAT HEALTHCARE AND REHABILITATION CENTER,66 OZBIRN LANE,ASH FLAT,AR,72513,"66 OZBIRN LANE,ASH FLAT,AR,72513",2026-04-01,meg@soignenashville.com
045158,THE SPRINGS OF GREERS FERRY,1040 WEDDING FORD ROAD,HEBER SPRINGS,AR,72543,"1040 WEDDING FORD ROAD,HEBER SPRINGS,AR,72543",2026-04-01,profiles@birdeye.com
045166,"CRESTPARK WYNNE, LLC",400 ARKANSAS STREET,WYNNE,AR,72396,"400 ARKANSAS STREET,WYNNE,AR,72396",2026-04-01,meg@soignenashville.com
045180,THE SPRINGS OF MINE CREEK,1407 NORTH MAIN STREET,NASHVILLE,AR,71852,"1407 NORTH MAIN STREET,NASHVILLE,AR,71852",2026-04-01,"meg@soignenashville.com,info@guidingpatients.com"
045189,THE SPRINGS OF CAMDEN,900 MAGNOLIA ROAD,CAMDEN,AR,71701,"900 MAGNOLIA ROAD,CAMDEN,AR,71701",2026-04-01,meg@soignenashville.com
045190,NIGHTINGALE AT CROSSETT,1101 WATERWELL ROAD,CROSSETT,AR,71635,"1101 WATERWELL ROAD,CROSSETT,AR,71635",2026-04-01,referral@nrccrossett.com
045192,THE SPRINGS OF MT VISTA,202 TIMS AVENUE,HARRISON,AR,72601,"202 TIMS AVENUE,HARRISON,AR,72601",2026-04-01,meg@soignenashville.com
045208,"CABOT HEALTH AND REHAB, LLC",200 NORTHPORT DRIVE,CABOT,AR,72023,"200 NORTHPORT DRIVE,CABOT,AR,72023",2026-04-01,"meg@soignenashville.com,info@guidingpatients.com"
045216,TWIN RIVERS REHABILITATION AND HEALTHCARE CENTER,3021 TWIN RIVERS DRIVE,ARKADELPHIA,AR,71923,"3021 TWIN RIVERS DRIVE,ARKADELPHIA,AR,71923",2026-04-01,"info@arkadelphiaalliance.com,contactus@twinrivershr.com"
045217,THE SPRINGS OF AVALON,610 SOUTH AVALON ST,WEST MEMPHIS,AR,72301,"610 SOUTH AVALON ST,WEST MEMPHIS,AR,72301",2026-04-01,"info@thespringsavalon.com,info@westmemphischamber.com"
045218,GASSVILLE THERAPY AND LIVING,203 COTTER ROAD,GASSVILLE,AR,72635,"203 COTTER ROAD,GASSVILLE,AR,72635",2026-04-01,gvtladmit@reliancehealthcare.com
045219,"CRESTPARK FORREST CITY, LLC",500 KITTLE RD,FORREST CITY,AR,72335,"500 KITTLE RD,FORREST CITY,AR,72335",2026-04-01,meg@soignenashville.com
045275,THE SPRINGS OF EL DORADO,1700 EAST SHORT HILLSBORO,EL DORADO,AR,71730,"1700 EAST SHORT HILLSBORO,EL DORADO,AR,71730",2026-04-01,info@thespringseldorado.com
045284,POCAHONTAS HEALTHCARE AND REHABILITATION CENTER,105 COUNTRY CLUB ROAD,POCAHONTAS,AR,72455,"105 COUNTRY CLUB ROAD,POCAHONTAS,AR,72455",2026-04-01,meg@soignenashville.com
045287,BEAR CREEK HEALTHCARE LLC,322 WEST COLLIN RAYE DRIVE,DE QUEEN,AR,71832,"322 WEST COLLIN RAYE DRIVE,DE QUEEN,AR,71832",2026-04-01,info@guidingpatients.com
045289,"LONOKE HEALTH AND REHAB CENTER, LLC",1501 LINCOLN STREET,LONOKE,AR,72086,"1501 LINCOLN STREET,LONOKE,AR,72086",2026-04-01,meg@soignenashville.com
045303,"CRESTPARK STUTTGART, LLC",707 WEST 20TH STREET,STUTTGART,AR,72160,"707 WEST 20TH STREET,STUTTGART,AR,72160",2026-04-01,meg@soignenashville.com
045304,"BEEBE RETIREMENT CENTER, INC.",709 MCAFEE LANE,BEEBE,AR,72012,"709 MCAFEE LANE,BEEBE,AR,72012",2026-04-01,meg@soignenashville.com
045305,SOUTHERN TRACE REHABILITATION AND CARE CENTER,22515 I 30,BRYANT,AR,72022,"22515 I 30,BRYANT,AR,72022",2026-04-01,stadmin@southerntracerehab.com
045340,RUSSELLVILLE NURSING AND REHABILITATION CENTER,215 SOUTH PORTLAND AVENUE,RUSSELLVILLE,AR,72801,"215 SOUTH PORTLAND AVENUE,RUSSELLVILLE,AR,72801",2026-04-01,"admin@russellvillenr.com,meg@soignenashville.com"
045345,THE BLOSSOMS AT FORT SMITH REHAB & NURSING CENTER,5301 WHEELER AVENUE,FORT SMITH,AR,72901,"5301 WHEELER AVENUE,FORT SMITH,AR,72901",2026-04-01,meg@soignenashville.com
045350,NIGHTINGALE AT ARKADELPHIA,2701 TWIN RIVERS DRIVE,ARKADELPHIA,AR,71923,"2701 TWIN RIVERS DRIVE,ARKADELPHIA,AR,71923",2026-04-01,"info@arkadelphiaalliance.com,tmoyer@evans172.sg-host.com,alex@marketingseal.com"
045353,"HIGHLAND COURT, A REHABILITATION AND RESIDENT CARE",942 NORTH HIGHWAY 65,MARSHALL,AR,72650,"942 NORTH HIGHWAY 65,MARSHALL,AR,72650",2026-04-01,consumerfeedback@aplaceformom.com
045370,Alma Nursing and Rehab,401 Heather Lane,Alma,AR,72921,"401 Heather Lane,Alma,AR,72921",2026-04-01,meg@soignenashville.com
045381,GREENBRIER NURSING AND REHABILITATION CENTER,#16 WILSON FARM ROAD,GREENBRIER,AR,72058,"#16 WILSON FARM ROAD,GREENBRIER,AR,72058",2026-04-01,info@csnhc.com
045386,OZARK NURSING AND REHAB,600 NORTH 12TH STREET,OZARK,AR,72949,"600 NORTH 12TH STREET,OZARK,AR,72949",2026-04-01,meg@soignenashville.com
045394,RECTOR NURSING AND REHAB,1023 HIGHWAY 119,RECTOR,AR,72461,"1023 HIGHWAY 119,RECTOR,AR,72461",2026-04-01,meg@soignenashville.com
045401,WHITE RIVER HEALTHCARE,1569 AR HIGHWAY 56,CALICO ROCK,AR,72519,"1569 AR HIGHWAY 56,CALICO ROCK,AR,72519",2026-04-01,consumerfeedback@aplaceformom.com
045403,NIGHTINGALE AT GLENWOOD,615 MOUNTAIN VIEW ROAD,GLENWOOD,AR,71943,"615 MOUNTAIN VIEW ROAD,GLENWOOD,AR,71943",2026-04-01,reporting@firstpagesage.com
045408,ALCOA PINES HEALTH AND REHABILITATION,3300 ALCOA ROAD,BENTON,AR,72015,"3300 ALCOA ROAD,BENTON,AR,72015",2026-04-01,apadmit@reliancehealthcare.com
045424,GREENE ACRES NURSING HOME,2402 COUNTRY CLUB ROAD,PARAGOULD,AR,72450,"2402 COUNTRY CLUB ROAD,PARAGOULD,AR,72450",2026-04-01,"admission@ganh.org,jolampkins@gmail.com,mill.whitney@gmail.com,kmilligan@bankwithsouthern.com,sarah.ellzey@arumc.org,cojudge@greene.ar.gov,lenkemp53@gmail.com"
045433,CORNING THERAPY AND LIVING CENTER,831 NORTH MISSOURI,CORNING,AR,72422,"831 NORTH MISSOURI,CORNING,AR,72422",2026-04-01,meg@soignenashville.com
045437,NIGHTINGALE AT STONEGATE,118 JERRY SELBY DRIVE,CROSSETT,AR,71635,"118 JERRY SELBY DRIVE,CROSSETT,AR,71635",2026-04-01,referral@nrcstonegate.com
045439,GOSNELL HEALTH AND REHAB,700 MOODY STREET,GOSNELL,AR,72315,"700 MOODY STREET,GOSNELL,AR,72315",2026-04-01,info@gosnellhandr.com
045441,HILLCREST HOME,1111 MAPLEWOOD RD,HARRISON,AR,72601,"1111 MAPLEWOOD RD,HARRISON,AR,72601",2026-04-01,info@hillcresthome.net
045442,CAVALIER HEALTHCARE OF ENGLAND,400 STUTTGART HIGHWAY,ENGLAND,AR,72046,"400 STUTTGART HIGHWAY,ENGLAND,AR,72046",2026-04-01,meg@soignenashville.com
045452,LAWRENCE HALL HEALTH & REHABILITATION,1051 WEST FREE STREET,WALNUT RIDGE,AR,72476,"1051 WEST FREE STREET,WALNUT RIDGE,AR,72476",2026-04-01,ksullens@lawrencehealth.net
045456,PINK BUD HOME FOR THE GOLDEN YEARS,400 SO COKER,GREENWOOD,AR,72936,"400 SO COKER,GREENWOOD,AR,72936",2026-04-01,pinkbud@pinkbudnursingcenter.com
045462,ARKANSAS STATE VETERANS HOME AT NORTH LITTLE ROCK,2401 JOHN ASHLEY DRIVE,NORTH LITTLE ROCK,AR,72114,"2401 JOHN ASHLEY DRIVE,NORTH LITTLE ROCK,AR,72114",2026-04-01,"advapublic@arkansas.gov,asvhf@arkansas.gov,asvhnlr@arkansas.gov"
045466,THE GREEN HOUSE COTTAGES OF POPLAR GROVE,7801 KANIS RD,LITTLE ROCK,AR,72204,"7801 KANIS RD,LITTLE ROCK,AR,72204",2026-04-01,poplar-grove-logo-w-tag@2x.png
045467,"SUPERIOR HEALTH & REHAB, LLC",625 TOMMY LEWIS DR,CONWAY,AR,72033,"625 TOMMY LEWIS DR,CONWAY,AR,72033",2026-04-01,meg@soignenashville.com
045475,COUNTRYSIDE HEALTH & REHAB OF NEWTON COUNTY,610 EAST COURT STREET,JASPER,AR,72641,"610 EAST COURT STREET,JASPER,AR,72641",2026-04-01,tara@countrysideassistedliving.com
045476,"HAMPTON PLACE HEALTHCARE, LLC",2029 SOUTH HAMPTON PLACE,ROGERS,AR,72758,"2029 SOUTH HAMPTON PLACE,ROGERS,AR,72758",2026-04-01,info@guidingpatients.com
04A293,ARKANSAS HEALTH CENTER,6701 HWY 67,BENTON,AR,72015,"6701 HWY 67,BENTON,AR,72015",2026-04-01,"calsfoundation@cals.org,teresa.harbour@dhs.arkansas.gov"
055001,Redlands Healthcare Center,1620 W Fern Ave,Redlands,CA,92373,"1620 W Fern Ave,Redlands,CA,92373",2026-04-01,"novie.sitanggang@redlandshc.com,nbspnovie.sitanggang@redlandshc.com"
055002,COUNTRY MANOR HEALTHCARE,11723 FENTON AVENUE,LAKE VIEW TERRACE,CA,91342,"11723 FENTON AVENUE,LAKE VIEW TERRACE,CA,91342",2026-04-01,phpprcontactus@providence.org
055011,RIVER VIEW POST ACUTE,1611 SCENIC DRIVE,MODESTO,CA,95355,"1611 SCENIC DRIVE,MODESTO,CA,95355",2026-04-01,meg@soignenashville.com
055014,FAIRFIELD POST-ACUTE REHAB,1255 TRAVIS BLVD,FAIRFIELD,CA,94533,"1255 TRAVIS BLVD,FAIRFIELD,CA,94533",2026-04-01,contact-fairfield@ensignservices.net
055016,MOUNT SAN ANTONIO GARDENS,900 E. HARRISON AVE,POMONA,CA,91767,"900 E. HARRISON AVE,POMONA,CA,91767",2026-04-01,meg@soignenashville.com
055017,REDWOOD GROVE POST ACUTE,2990 SOQUEL AVENUE,SANTA CRUZ,CA,95062,"2990 SOQUEL AVENUE,SANTA CRUZ,CA,95062",2026-04-01,info@redwoodgrovepa.com
055028,Los Banos Post Acute,931 IDAHO AVE.,LOS BANOS,CA,93635,"931 IDAHO AVE.,LOS BANOS,CA,93635",2026-04-01,meg@soignenashville.com
055039,GOOD SAMARITAN REHAB AND CARE CENTER,1630 N. EDISON STREET,STOCKTON,CA,95204,"1630 N. EDISON STREET,STOCKTON,CA,95204",2026-04-01,consumerfeedback@aplaceformom.com
055042,ALTA VISTA HEALTHCARE & WELLNESS CENTRE,9020 GARFIELD STREET,RIVERSIDE,CA,92503,"9020 GARFIELD STREET,RIVERSIDE,CA,92503",2026-04-01,administrator@altavistarehab.com
055045,RIVIERA HEALTHCARE CENTER,8203 TELEGRAPH RD,PICO RIVERA,CA,90660,"8203 TELEGRAPH RD,PICO RIVERA,CA,90660",2026-04-01,rlevin@rivierahealthcare.com
055047,PALMS CARE CENTER,1010 VENTURA AVENUE,CHOWCHILLA,CA,93610,"1010 VENTURA AVENUE,CHOWCHILLA,CA,93610",2026-04-01,meg@soignenashville.com
055049,PLEASANT HILL POST ACUTE,1625 OAK PARK BOULEVARD,PLEASANT HILL,CA,94523,"1625 OAK PARK BOULEVARD,PLEASANT HILL,CA,94523",2026-04-01,meg@soignenashville.com
055056,"PINE GROVE HEALTHCARE & WELLNESS CENTRE, LP",126 N. SAN GABRIEL BLVD.,SAN GABRIEL,CA,91775,"126 N. SAN GABRIEL BLVD.,SAN GABRIEL,CA,91775",2026-04-01,administrator@pinegrovehc.com
055067,PALOMAR VISTA HEALTHCARE CENTER,201 N FIG STREET,ESCONDIDO,CA,92025,"201 N FIG STREET,ESCONDIDO,CA,92025",2026-04-01,contact-palomarvista@ensignservices.net
055067,PALOMAR VISTA HEALTHCARE CENTER,201 N FIG STREET,ESCONDIDO,CA,92025,"201 N FIG STREET,ESCONDIDO,CA,92025",2026-04-01,contact-palomarvista@ensignservices.net
055074,VILLA CORONADO D/P SNF,233 PROSPECT PLACE,CORONADO,CA,92118,"233 PROSPECT PLACE,CORONADO,CA,92118",2026-04-01,consumerfeedback@aplaceformom.com
055074,VILLA CORONADO D/P SNF,233 PROSPECT PLACE,CORONADO,CA,92118,"233 PROSPECT PLACE,CORONADO,CA,92118",2026-04-01,consumerfeedback@aplaceformom.com
055085,MORAGA POST ACUTE,348 RHEEM BOULEVARD,MORAGA,CA,94556,"348 RHEEM BOULEVARD,MORAGA,CA,94556",2026-04-01,"info@moragapa.com,themoragachamber925@gmail.com"
055093,SOUTH MARIN HEALTH & WELLNESS CENTER,1220 SOUTH ELISEO DRIVE,GREENBRAE,CA,94904,"1220 SOUTH ELISEO DRIVE,GREENBRAE,CA,94904",2026-04-01,"info@southmarinhealth.com,cynthiae@aspenskilledhealth.com"
055105,ROYAL VISTA CARE CENTER,909 W. SANTA ANITA AVE,SAN GABRIEL,CA,91776,"909 W. SANTA ANITA AVE,SAN GABRIEL,CA,91776",2026-04-01,"contactus@royalvistacare.com,susana.fuentes@royalvistacare.com,meg@soignenashville.com"
055129,Grand Terrace Health Care Center,12000 Mount Vernon Ave,Grand Terrace,CA,92313,"12000 Mount Vernon Ave,Grand Terrace,CA,92313",2026-04-01,-grandterraceca@ensignservices.net
055141,Madera Post Acute Center,11900 RAMONA BOULEVARD,EL MONTE,CA,91732,"11900 RAMONA BOULEVARD,EL MONTE,CA,91732",2026-04-01,contact-madera@ensignservices.net
055147,MADERA REHABILITATION & NURSING CENTER,517 SOUTH A STREET,MADERA,CA,93638,"517 SOUTH A STREET,MADERA,CA,93638",2026-04-01,meg@soignenashville.com
055161,GARDEN CREST REHABILITATION CENTER,909 LUCILE AVE.,LOS ANGELES,CA,90026,"909 LUCILE AVE.,LOS ANGELES,CA,90026",2026-04-01,meg@soignenashville.com
055170,PICO RIVERA HEALTHCARE CENTER,9140 VERNER STREET,PICO RIVERA,CA,90660,"9140 VERNER STREET,PICO RIVERA,CA,90660",2026-04-01,meg@soignenashville.com
055173,FOLSOM CARE CENTER,510 MILL STREET,FOLSOM,CA,95630,"510 MILL STREET,FOLSOM,CA,95630",2026-04-01,ccallaway@folsomcarecenter.com
055183,Heritage Gardens Health Care Center,25271 Barton Rd,Loma Linda,CA,92354,"25271 Barton Rd,Loma Linda,CA,92354",2026-04-01,admissions@progressivecarecenters.com
055185,GARDEN CITY HEALTHCARE CENTER,1310 WEST GRANGER,MODESTO,CA,95350,"1310 WEST GRANGER,MODESTO,CA,95350",2026-04-01,meg@soignenashville.com
055189,GREENFIELD CARE CENTER OF FAIRFIELD,1260 TRAVIS BLVD,FAIRFIELD,CA,94533,"1260 TRAVIS BLVD,FAIRFIELD,CA,94533",2026-04-01,socialmedia@gccfairfield.com
055191,GOLDEN MADERA CARE CENTER,1700 HOWARD ROAD,MADERA,CA,93637,"1700 HOWARD ROAD,MADERA,CA,93637",2026-04-01,geri.morris@goldenmaderahc.com
055202,ROSEMEAD HEALTHCARE CENTER,4096 EASY STREET,EL MONTE,CA,91731,"4096 EASY STREET,EL MONTE,CA,91731",2026-04-01,admissions@rosemeadhc.com
055212,THE VINEYARDS HEALTHCARE CENTER,76 FENTON STREET,LIVERMORE,CA,94550,"76 FENTON STREET,LIVERMORE,CA,94550",2026-04-01,lisa.foster@linkshealth.com
055222,SPRINGS ROAD HEALTHCARE,1527 SPRINGS ROAD,VALLEJO,CA,94591,"1527 SPRINGS ROAD,VALLEJO,CA,94591",2026-04-01,connor.airey@springsroadhc.com
055237,VICTORIA HEALTHCARE AND REHABILITATION CENTER,340 VICTORIA STREET,COSTA MESA,CA,92627,"340 VICTORIA STREET,COSTA MESA,CA,92627",2026-04-01,contact-victoriacares@ensignservices.net
055242,FAIRMONT REHABILITATION HOSPITAL,950 S. FAIRMONT AVENUE,LODI,CA,95240,"950 S. FAIRMONT AVENUE,LODI,CA,95240",2026-04-01,contact-fairmont@ensignservices.net
055282,POMONA VISTA CARE CENTER,651 N MAIN ST,POMONA,CA,91768,"651 N MAIN ST,POMONA,CA,91768",2026-04-01,jsmith@pomonavistacarecenter.com
055286,KEARNY MESA CONVALESCENT AND NURSING HOME,7675 FAMILY CIRCLE DRIVE,SAN DIEGO,CA,92111,"7675 FAMILY CIRCLE DRIVE,SAN DIEGO,CA,92111",2026-04-01,c.hebbel@kearnymesaconvalescent.com
055298,FALLBROOK SKILLED NURSING,325 POTTER STREET,FALLBROOK,CA,92028,"325 POTTER STREET,FALLBROOK,CA,92028",2026-04-01,admissions@progressivecarecenters.com
055303,CANTERBURY WOODS,651 SINEX  AVENUE,PACIFIC GROVE,CA,93950,"651 SINEX  AVENUE,PACIFIC GROVE,CA,93950",2026-04-01,cwsales@frontporch.net
055305,SHERWOOD HEALTHCARE CENTER,4700 ELVAS AVE,SACRAMENTO,CA,95819,"4700 ELVAS AVE,SACRAMENTO,CA,95819",2026-04-01,dmurray@cypressh.com
055310,MARIN POST ACUTE,234 N. SAN PEDRO RD,SAN RAFAEL,CA,94903,"234 N. SAN PEDRO RD,SAN RAFAEL,CA,94903",2026-04-01,contact@marinpostacute.com
055311,KATHERINE HEALTHCARE,315 ALAMEDA AVENUE,SALINAS,CA,93901,"315 ALAMEDA AVENUE,SALINAS,CA,93901",2026-04-01,victoria.pato@katherinehc.com
055322,THE PAVILION AT OCEAN POINT,3202 DUKE STREET,SAN DIEGO,CA,92110,"3202 DUKE STREET,SAN DIEGO,CA,92110",2026-04-01,administrator@thepavilionop.com
055329,VILLA SERENA HEALTHCARE CENTER,723 E 9TH STREET,LONG BEACH,CA,90813,"723 E 9TH STREET,LONG BEACH,CA,90813",2026-04-01,meg@soignenashville.com
055344,CLAREMONT HEIGHTS POST ACUTE,590 S. INDIAN HILL BLVD.,CLAREMONT,CA,91711,"590 S. INDIAN HILL BLVD.,CLAREMONT,CA,91711",2026-04-01,phpprcontactus@providence.org
055350,CULVER WEST HEALTH CENTER,4035 GRANDVIEW BLVD.,LOS ANGELES,CA,90066,"4035 GRANDVIEW BLVD.,LOS ANGELES,CA,90066",2026-04-01,compliance@culverwest.com
055353,SHORELINE HEALTHCARE CENTER,4029 EAST ANAHEIM STREET,LONG BEACH,CA,90804,"4029 EAST ANAHEIM STREET,LONG BEACH,CA,90804",2026-04-01,contact-shoreline@ensignservices.net
055364,LONG BEACH HEALTHCARE CENTER,3401 CEDAR AVENUE,LONG BEACH,CA,90807,"3401 CEDAR AVENUE,LONG BEACH,CA,90807",2026-04-01,info@lbhealthcenter.com
055367,MONROVIA GARDENS HEALTHCARE CENTER,615 W. DUARTE RD.,MONROVIA,CA,91016,"615 W. DUARTE RD.,MONROVIA,CA,91016",2026-04-01,"info@monroviagardens.com,business-office@monroviahcc.com,sophia.chan@monroviahcc.com"
055374,Upland Rehabilitation and Care Center,1221 E Arrow Hwy,Upland,CA,91786,"1221 E Arrow Hwy,Upland,CA,91786",2026-04-01,contact-upland@ensignservices.net
055376,HUNTINGTON DRIVE HEALTH AND REHABILITATION CENTER,400 W. HUNTINTON DR.,ARCADIA,CA,91007,"400 W. HUNTINTON DR.,ARCADIA,CA,91007",2026-04-01,business-office@huntingtondrivehcc.com
055407,CUPERTINO HEALTHCARE & WELLNESS CENTER,22590 VOSS AVENUE,CUPERTINO,CA,95014,"22590 VOSS AVENUE,CUPERTINO,CA,95014",2026-04-01,administrator@cupertinohc.com
055454,VINEYARDS AT FOWLER,1306 EAST SUMNER AVENUE,FOWLER,CA,93625,"1306 EAST SUMNER AVENUE,FOWLER,CA,93625",2026-04-01,kristi@sweetwatercare.org
055459,BUENA VISTA CARE CENTER,1440 S EUCLID AVENUE,ANAHEIM,CA,92802,"1440 S EUCLID AVENUE,ANAHEIM,CA,92802",2026-04-01,"business-office@buenavistacarecenter.com,psahebifard@buenavistacarecenter.comm"
055461,CALIFORNIA POST ACUTE,909 S LAKE STREET,LOS ANGELES,CA,90006,"909 S LAKE STREET,LOS ANGELES,CA,90006",2026-04-01,"info@capostacute.com,jrodriguez@dhs.lacounty.gov"
055466,THE SEQUOIAS,501 PORTOLA ROAD,PORTOLA VALLEY,CA,94028,"501 PORTOLA ROAD,PORTOLA VALLEY,CA,94028",2026-04-01,cpicar@sequoialiving.org
055481,VIENNA NURSING AND REHABILITATION CENTER,800 SO. HAM LANE,LODI,CA,95242,"800 SO. HAM LANE,LODI,CA,95242",2026-04-01,info@viennanursingrehab.com
055497,THE PINES AT PLACERVILLE HEALTHCARE CENTER,1040 MARSHALL WAY,PLACERVILLE,CA,95667,"1040 MARSHALL WAY,PLACERVILLE,CA,95667",2026-04-01,last@pinesatplacerville.com
055505,ARROYO VISTA NURSING CENTER,3022 45TH STREET,SAN DIEGO,CA,92105,"3022 45TH STREET,SAN DIEGO,CA,92105",2026-04-01,"-arroyovista@ensignservices.net,contact-arroyovista@ensignservices.net"
055519,DOWNEY POST ACUTE,13007 S. PARAMOUNT BLVD.,DOWNEY,CA,90242,"13007 S. PARAMOUNT BLVD.,DOWNEY,CA,90242",2026-04-01,phpprcontactus@providence.org
055523,GLENDALE POST ACUTE CENTER,250 N. VERDUGO ROAD,GLENDALE,CA,91206,"250 N. VERDUGO ROAD,GLENDALE,CA,91206",2026-04-01,business-office@glendalepac.com
055531,BEACHSIDE POST ACUTE,22520 MAPLE AVENUE,TORRANCE,CA,90505,"22520 MAPLE AVENUE,TORRANCE,CA,90505",2026-04-01,"meg@soignenashville.com,tsanhuze@beachsidepostacute.com"
055534,THE REUTLINGER COMMUNITY,4000 CAMINO TASSAJARA,DANVILLE,CA,94506,"4000 CAMINO TASSAJARA,DANVILLE,CA,94506",2026-04-01,"julie.mammad@rcjl.org,kim.chua-pilapil@rcjl.org,naheed.asalati@rcjl.org,claudia.quinones@rcjl.org,tatyana.orozco@rcjl.org,art.martinez@rcjl.org,caroline.allen@rcjl.org,acampisi@rcjl.org"
055542,MISSION CARE CENTER,8487 MAGNOLIA AVENUE,RIVERSIDE,CA,92504,"8487 MAGNOLIA AVENUE,RIVERSIDE,CA,92504",2026-04-01,meg@soignenashville.com
055551,SEQUOIA TRANSITIONAL CARE,350 NORTH VILLA STREET,PORTERVILLE,CA,93257,"350 NORTH VILLA STREET,PORTERVILLE,CA,93257",2026-04-01,info@sequoiatc.com
055563,Santa Maria Post Acute,820 West Cook Street,Santa Maria,CA,93458,"820 West Cook Street,Santa Maria,CA,93458",2026-04-01,"ltco@fsacares.org,info@guidingpatients.com"
055566,Coastal View Healthcare Center,4904 Telegraph Road,Ventura,CA,93003,"4904 Telegraph Road,Ventura,CA,93003",2026-04-01,lisav@coastalviewhcc.com
055575,PACIFIC HAVEN SUBACUTE AND HEALTHCARE CENTER,12072 TRASK AVE.,GARDEN GROVE,CA,92843,"12072 TRASK AVE.,GARDEN GROVE,CA,92843",2026-04-01,contact-pacifichaven@ensignservices.net
055581,JURUPA HILLS POST ACUTE,6401 33RD STREET.,RIVERSIDE,CA,92509,"6401 33RD STREET.,RIVERSIDE,CA,92509",2026-04-01,mayra.gallegos@jurupahillspa.com
055598,THE BRADLEY GARDENS,980 WEST SEVENTH STREET,SAN JACINTO,CA,92582,"980 WEST SEVENTH STREET,SAN JACINTO,CA,92582",2026-04-01,consumerfeedback@aplaceformom.com
055601,PARKVIEW JULIAN HEALTHCARE CENTER,1801 JULIAN AVENUE,BAKERSFIELD,CA,93304,"1801 JULIAN AVENUE,BAKERSFIELD,CA,93304",2026-04-01,activities@parkviewjulian.com
055604,VISALIA POST ACUTE,1925 E. HOUSTON AVE,VISALIA,CA,93292,"1925 E. HOUSTON AVE,VISALIA,CA,93292",2026-04-01,"meg@soignenashville.com,dawson.burrup@vpacare.com"
055619,LAS COLINAS POST ACUTE,800 EAST 5TH STREET,ONTARIO,CA,91764,"800 EAST 5TH STREET,ONTARIO,CA,91764",2026-04-01,info@lascolinaspa.com
055622,BONITA HILLS POST ACUTE,1233 WEST LA HABRA BOULEVARD,LA HABRA,CA,90631,"1233 WEST LA HABRA BOULEVARD,LA HABRA,CA,90631",2026-04-01,phpprcontactus@providence.org
055646,Palo Alto Post-Acute,911 BRYANT STREET,PALO ALTO,CA,94301,"911 BRYANT STREET,PALO ALTO,CA,94301",2026-04-01,"jmejia@papostacute.com,last@papostacute.com"
055653,SOUTH COAST POST ACUTE,1030 W WARNER AVE,SANTA ANA,CA,92707,"1030 W WARNER AVE,SANTA ANA,CA,92707",2026-04-01,info@southcoastpa.com
055664,YORK HEALTHCARE & WELLNESS CENTRE,6071 YORK BLVD.,LOS ANGELES,CA,90042,"6071 YORK BLVD.,LOS ANGELES,CA,90042",2026-04-01,meg@soignenashville.com
055671,PARKVIEW HEALTHCARE CENTER,1514 E. LINCOLN AVENUE,ANAHEIM,CA,92805,"1514 E. LINCOLN AVENUE,ANAHEIM,CA,92805",2026-04-01,admissions@progressivecarecenters.com
055684,The Californian,2225 De La Vina Street,Santa Barbara,CA,93105,"2225 De La Vina Street,Santa Barbara,CA,93105",2026-04-01,reservations@thehotelcalifornian.com
055689,ST. CATHERINE HEALTHCARE,245 E WILSHIRE AVENUE,FULLERTON,CA,92832,"245 E WILSHIRE AVENUE,FULLERTON,CA,92832",2026-04-01,contact-stcatherine@ensignservices.net
055707,ONTARIO HEALTHCARE CENTER,1661 SOUTH EUCLID AVENUE,ONTARIO,CA,91762,"1661 SOUTH EUCLID AVENUE,ONTARIO,CA,91762",2026-04-01,"business-office@ontariohc.com,scardenas@chms.us"
055708,Arrowhead Springs Healthcare,1335 N. Waterman Ave.,San Bernardino,CA,92404,"1335 N. Waterman Ave.,San Bernardino,CA,92404",2026-04-01,"arrowheadsprings@ensignservices.net,contact-arrowheadsprings@ensignservices.net,phpprcontactus@providence.org"
055711,BRENTWOOD HEALTH CARE CENTER,1321 FRANKLIN STREET,SANTA MONICA,CA,90404,"1321 FRANKLIN STREET,SANTA MONICA,CA,90404",2026-04-01,"jashcroft@brentwoodnursing.com,don@brentwoodnursing.com"
055715,KYAKAMEENA CARE CENTER,2131 CARLETON STREET,BERKELEY,CA,94704,"2131 CARLETON STREET,BERKELEY,CA,94704",2026-04-01,info@kyakameenahc.net
055718,MONTCLAIR MANOR CARE CENTER,5119 BANDERA STREET,MONTCLAIR,CA,91763,"5119 BANDERA STREET,MONTCLAIR,CA,91763",2026-04-01,"info@montclairmanor.com,socialmedia@montclairmanor.com"
055734,UKIAH POST ACUTE,1349 SOUTH DORA ST.,UKIAH,CA,95482,"1349 SOUTH DORA ST.,UKIAH,CA,95482",2026-04-01,contact-ukiah@ensignservices.net
055744,ATLANTIC MEMORIAL HEALTHCARE CENTER,2750 ATLANTIC AVENUE,LONG BEACH,CA,90806,"2750 ATLANTIC AVENUE,LONG BEACH,CA,90806",2026-04-01,"contact-atlantic_memorial@ensignservices.net,meg@soignenashville.com"
055753,LONGWOOD MANOR CONV.HOSPITAL,4853 W. WASHINGTON BL.,LOS ANGELES,CA,90016,"4853 W. WASHINGTON BL.,LOS ANGELES,CA,90016",2026-04-01,consumerfeedback@aplaceformom.com
055756,CLOVERDALE HEALTHCARE CENTER,300 CHERRY CREEK RD,CLOVERDALE,CA,95425,"300 CHERRY CREEK RD,CLOVERDALE,CA,95425",2026-04-01,"contact-cloverdale@ensignservices.net,phpprcontactus@providence.org"
055764,WHITTIER PACIFIC CARE CENTER,7716 S PICKERING AVENUE,WHITTIER,CA,90602,"7716 S PICKERING AVENUE,WHITTIER,CA,90602",2026-04-01,fac20admit@longwoodmgmt.com
055775,"ORINDA CARE CENTER, LLC",11 ALTARINDA ROAD,ORINDA,CA,94563,"11 ALTARINDA ROAD,ORINDA,CA,94563",2026-04-01,drea.madison.05@gmail.com
055795,BRIGHTON PLACE SAN DIEGO,1350 N. EUCLID AVENUE,SAN DIEGO,CA,92105,"1350 N. EUCLID AVENUE,SAN DIEGO,CA,92105",2026-04-01,administrator@brightonplacesd.com
055797,GILROY HEALTHCARE CENTER,8170 MURRAY AVENUE,GILROY,CA,95020,"8170 MURRAY AVENUE,GILROY,CA,95020",2026-04-01,bpapke@gilroyhealthcare.com
055817,MONTE VISTA HEALTHCARE CENTER,802 BUENA VISTA STREET,DUARTE,CA,91010,"802 BUENA VISTA STREET,DUARTE,CA,91010",2026-04-01,business-office@montevistahcc.com
055826,Valley Oaks Post Acute,830 East Chapel Street,Santa Maria,CA,93454,"830 East Chapel Street,Santa Maria,CA,93454",2026-04-01,ltco@fsacares.org
055830,Villa Maria Post Acute,425 East Barcellus Avenue,Santa Maria,CA,93454,"425 East Barcellus Avenue,Santa Maria,CA,93454",2026-04-01,contact-villamaria@ensignservices.net
055848,VICTORIAN POST ACUTE,2121 PINE STREET,SAN FRANCISCO,CA,94115,"2121 PINE STREET,SAN FRANCISCO,CA,94115",2026-04-01,info@victorianpa.com
055849,MODESTO POST ACUTE CENTER,159 E. ORANGEBURG AVENUE,MODESTO,CA,95350,"159 E. ORANGEBURG AVENUE,MODESTO,CA,95350",2026-04-01,meg@soignenashville.com
055856,HIGH VALLEY LODGE,7912 TOPLEY LANE,SUNLAND,CA,91040,"7912 TOPLEY LANE,SUNLAND,CA,91040",2026-04-01,daniel@highvalleych.com
055862,GOLDEN ROSE CARE CENTER,1899 N RAYMOND AVE,PASADENA,CA,91103,"1899 N RAYMOND AVE,PASADENA,CA,91103",2026-04-01,ljauregui@grccemail.com
055870,SUNRAY HEALTHCARE CENTER,3210 W PICO BLVD,LOS ANGELES,CA,90019,"3210 W PICO BLVD,LOS ANGELES,CA,90019",2026-04-01,"business-office@sunrayhc.com,awashington@sunrayhc.com"
055890,MAGNOLIA POST ACUTE CARE,635 S MAGNOLIA AVE,EL CAJON,CA,92020,"635 S MAGNOLIA AVE,EL CAJON,CA,92020",2026-04-01,contact-magnolia@ensignservices.net
055910,COUNTRY MANOR LA MESA HEALTHCARE CENTER,5696 LAKE MURRAY BLVD,LA MESA,CA,91942,"5696 LAKE MURRAY BLVD,LA MESA,CA,91942",2026-04-01,phpprcontactus@providence.org
055914,PLYMOUTH VILLAGE,819 SALEM DRIVE,REDLANDS,CA,92373,"819 SALEM DRIVE,REDLANDS,CA,92373",2026-04-01,"info@humangood.com,info@plymouthvillage.org"
055916,SEQUOIA VISTA,3710 WEST TULARE AVENUE,VISALIA,CA,93277,"3710 WEST TULARE AVENUE,VISALIA,CA,93277",2026-04-01,care@sequoiavistacare.com
055935,CERES POSTACUTE CARE,1711 RICHLAND AVENUE,CERES,CA,95307,"1711 RICHLAND AVENUE,CERES,CA,95307",2026-04-01,info@cerespostacute.com
055968,GOLDEN HEIGHTS HEALTHCARE,35 ESCUELA DRIVE,DALY CITY,CA,94015,"35 ESCUELA DRIVE,DALY CITY,CA,94015",2026-04-01,"info@goldenheightshc.com,cvasquez@eljenhealthcare.com"
055983,COVENTRY COURT HEALTH CENTER,2040 S. EUCLID AVENUE,ANAHEIM,CA,92802,"2040 S. EUCLID AVENUE,ANAHEIM,CA,92802",2026-04-01,"coventrycourt@ensignservices.net,contact-coventrycourt@ensignservices.net,phpprcontactus@providence.org"
055987,BROADWAY VILLA POST ACUTE,1250 BROADWAY,SONOMA,CA,95476,"1250 BROADWAY,SONOMA,CA,95476",2026-04-01,"-broadwayvilla@ensignservices.net,contact-broadwayvilla@ensignservices.net"
055988,GOLDEN MERCED CARE CENTER,3170 M STREET,MERCED,CA,95340,"3170 M STREET,MERCED,CA,95340",2026-04-01,jeanette.booth@goldenmercedhc.com
055991,Mission Park Healthcare Center,623 West Junipero Street,Santa Barbara,CA,93105,"623 West Junipero Street,Santa Barbara,CA,93105",2026-04-01,administrator@missionparkhc.com
055992,WEST COVINA HEALTHCARE CENTER,850 S. SUNKIST AVE.,WEST COVINA,CA,91790,"850 S. SUNKIST AVE.,WEST COVINA,CA,91790",2026-04-01,"business-office@westcovinahcc.com,phpprcontactus@providence.org"
056008,GUARDIAN REHABILITATION HOSPITAL,533 S. FAIRFAX AVE,LOS ANGELES,CA,90036,"533 S. FAIRFAX AVE,LOS ANGELES,CA,90036",2026-04-01,"phpprcontactus@providence.org,meg@soignenashville.com"
056023,AVALON VILLA CARE CENTER,12029  AVALON BLVD,LOS ANGELES,CA,90061,"12029  AVALON BLVD,LOS ANGELES,CA,90061",2026-04-01,meg@soignenashville.com
056037,PACIFIC HILLS POST ACUTE,370 NOBLE COURT,MORGAN HILL,CA,95037,"370 NOBLE COURT,MORGAN HILL,CA,95037",2026-04-01,dnewby@pachillspa.com
056040,ESCONDIDO POST ACUTE,421 E MISSION AVE,ESCONDIDO,CA,92025,"421 E MISSION AVE,ESCONDIDO,CA,92025",2026-04-01,john.doe@company.com
056048,PACIFIC COAST MANOR,1935 WHARF ROAD,CAPITOLA,CA,95010,"1935 WHARF ROAD,CAPITOLA,CA,95010",2026-04-01,malmond@paccoastmanor.com
056062,AMAYA SPRINGS HEALTH CARE CENTER,8625 LAMAR STREET,SPRING VALLEY,CA,91977,"8625 LAMAR STREET,SPRING VALLEY,CA,91977",2026-04-01,administrator@amayaspringshc.com
056065,SANTA CRUZ POST ACUTE,1115 CAPITOLA ROAD,SANTA CRUZ,CA,95062,"1115 CAPITOLA ROAD,SANTA CRUZ,CA,95062",2026-04-01,"info@santacruzpa.com,rusty.greiner@santacruzpa.com"
056074,AUTUMN CREEK POST ACUTE,587 RIO LINDO AVENUE,CHICO,CA,95926,"587 RIO LINDO AVENUE,CHICO,CA,95926",2026-04-01,phpprcontactus@providence.org
056076,ANAHEIM TERRACE CARE CENTER,141 SOUTH KNOTT AVENUE,ANAHEIM,CA,92804,"141 SOUTH KNOTT AVENUE,ANAHEIM,CA,92804",2026-04-01,phpprcontactus@providence.org
056077,THE TAMALPAIS,501 VIA CASITAS,GREENBRAE,CA,94904,"501 VIA CASITAS,GREENBRAE,CA,94904",2026-04-01,nmartin@ncphs.org
056079,"GLENDORA GRAND, INC",805 W. ARROW HWY.,GLENDORA,CA,91740,"805 W. ARROW HWY.,GLENDORA,CA,91740",2026-04-01,info@glendoragrand.com
056095,DEVONSHIRE CARE CENTER,1350 EAST DEVONSHIRE AVENUE,HEMET,CA,92544,"1350 EAST DEVONSHIRE AVENUE,HEMET,CA,92544",2026-04-01,phpprcontactus@providence.org
056104,ROSE VILLA HEALTH CARE CENTER,9028 ROSE STREET,BELLFLOWER,CA,90706,"9028 ROSE STREET,BELLFLOWER,CA,90706",2026-04-01,consumerfeedback@aplaceformom.com
056111,GRIFFITH PARK HEALTHCARE CENTER,201 ALLEN AVE.,GLENDALE,CA,91201,"201 ALLEN AVE.,GLENDALE,CA,91201",2026-04-01,griffithparkhealthcarecenter@gmail.com
056116,LOS ALTOS POST-ACUTE,809 FREMONT AVENUE,LOS ALTOS,CA,94024,"809 FREMONT AVENUE,LOS ALTOS,CA,94024",2026-04-01,"afollrath@losaltospa.com,last@losaltospa.com"
056125,ALAMITOS BELMONT HEALTH AND REHABILITATION,3901 E FOURTH STREET,LONG BEACH,CA,90814,"3901 E FOURTH STREET,LONG BEACH,CA,90814",2026-04-01,"-alamitosbelmont@ensignservices.net,alamitosbelmont@ensignservices.net,contact-alamitosbelmont@ensignservices.net"
056132,GOLDEN SAN ANDREAS CARE  CENTER,900 MOUNTAIN RANCH ROAD,SAN ANDREAS,CA,95249,"900 MOUNTAIN RANCH ROAD,SAN ANDREAS,CA,95249",2026-04-01,steven.marcus@goldensanandreashc.com
056139,ROSEVILLE POINT HEALTH & WELLNESS CENTER,600 SUNRISE AVENUE,ROSEVILLE,CA,95661,"600 SUNRISE AVENUE,ROSEVILLE,CA,95661",2026-04-01,administrator@rosevillehc.com
056148,CASITAS CARE CENTER,10626 BALBOA BLVD.,GRANADA HILLS,CA,91344,"10626 BALBOA BLVD.,GRANADA HILLS,CA,91344",2026-04-01,"business-office@casitascc.com,rvaldivia@casitascc.com,john.doe@company.com"
056151,"GREENFIELD CARE CENTER OF FULLERTON, LLC",330 W. BASTANCHURY ROAD,FULLERTON,CA,92835,"330 W. BASTANCHURY ROAD,FULLERTON,CA,92835",2026-04-01,jane.d@gccfullerton.com
056158,COLLEGE OAK NURSING & REHABILITATION CENTER,4635 COLLEGE OAK DRIVE,SACRAMENTO,CA,95841,"4635 COLLEGE OAK DRIVE,SACRAMENTO,CA,95841",2026-04-01,cmcconnell@cypressh.com
056162,EXTENDED CARE HOSPITAL OF RIVERSIDE,8171 MAGNOLIA AVENUE,RIVERSIDE,CA,92504,"8171 MAGNOLIA AVENUE,RIVERSIDE,CA,92504",2026-04-01,phpprcontactus@providence.org
056169,ALAMITOS WEST HEALTH & REHABILITATION,3902 KATELLA AVENUE,LOS ALAMITOS,CA,90720,"3902 KATELLA AVENUE,LOS ALAMITOS,CA,90720",2026-04-01,contact-alamitoswest@ensignservices.net
056174,MID-WILSHIRE HEALTH CARE CNTR,676 S. BONNIE BRAE STREET,LOS ANGELES,CA,90057,"676 S. BONNIE BRAE STREET,LOS ANGELES,CA,90057",2026-04-01,consumerfeedback@aplaceformom.com
056178,MANRESA HEALTHCARE CENTER,919 FREEDOM BLVD,WATSONVILLE,CA,95076,"919 FREEDOM BLVD,WATSONVILLE,CA,95076",2026-04-01,mbayuga@manresahc.com
056180,LAKE BALBOA CARE CENTER,16955 VANOWEN STREET,VAN NUYS,CA,91406,"16955 VANOWEN STREET,VAN NUYS,CA,91406",2026-04-01,contact-lakebalboa@ensignservices.net
056182,GOLDEN HILL POST ACUTE,1201 34TH ST.,SAN DIEGO,CA,92102,"1201 34TH ST.,SAN DIEGO,CA,92102",2026-04-01,"contact-goldenhill@ensignservices.net,meg@soignenashville.com"
056183,Valley Healthcare Center,1680 N Waterman Ave,San Bernardino,CA,92404,"1680 N Waterman Ave,San Bernardino,CA,92404",2026-04-01,"admissions@progressivecarecenters.com,consumerfeedback@aplaceformom.com"
056195,LA BREA REHABILITATION CENTER,505 N. LA BREA AVENUE,LOS ANGELES,CA,90036,"505 N. LA BREA AVENUE,LOS ANGELES,CA,90036",2026-04-01,meg@soignenashville.com
056198,KIT CARSON NURSING & REHABILITATION CENTER,811 COURT STREET,JACKSON,CA,95642,"811 COURT STREET,JACKSON,CA,95642",2026-04-01,consumerfeedback@aplaceformom.com
056201,BROADWAY HEALTHCARE CENTER,112 E. BROADWAY,SAN GABRIEL,CA,91776,"112 E. BROADWAY,SAN GABRIEL,CA,91776",2026-04-01,"vicman.garcialepe@broadwayhcc.com,meg@soignenashville.com"
056206,UNIVERSITY PARK HEALTHCARE CENTER,230 E ADAMS BLVD,LOS ANGELES,CA,90011,"230 E ADAMS BLVD,LOS ANGELES,CA,90011",2026-04-01,meg@soignenashville.com
056213,TAMPICO HEALTHCARE CENTER,130 TAMPICO STREET,WALNUT CREEK,CA,94598,"130 TAMPICO STREET,WALNUT CREEK,CA,94598",2026-04-01,administrator@tampicohcc.com
056220,BRIARCREST NURSING CENTER,5648 EAST GOTHAM STREET,BELL GARDENS,CA,90201,"5648 EAST GOTHAM STREET,BELL GARDENS,CA,90201",2026-04-01,"staff@briarcrestnursing.com,business-office@briarcrestnursing.com"
056225,ORCHARD POST ACUTE,4840 E.TULARE AVENUE,FRESNO,CA,93727,"4840 E.TULARE AVENUE,FRESNO,CA,93727",2026-04-01,info@orchardpa.com
056228,WEST HAVEN HEALTHCARE,1495 WEST CAMERON AVE.,WEST COVINA,CA,91790,"1495 WEST CAMERON AVE.,WEST COVINA,CA,91790",2026-04-01,"info@westhavenhc.com,info@whavenhealthcare.com"
056242,WESTLAKE CONVALESCENT HOSPITAL,316 S WESTLAKE AVENUE,LOS ANGELES,CA,90057,"316 S WESTLAKE AVENUE,LOS ANGELES,CA,90057",2026-04-01,meg@soignenashville.com
056243,WESTERN SLOPE HEALTH CENTER,3280 WASHINGTON STREET,PLACERVILLE,CA,95667,"3280 WASHINGTON STREET,PLACERVILLE,CA,95667",2026-04-01,chamber@eldoradocounty.org
056261,ORCHARDS AT TULARE,604 E. MERRITT AVE.,TULARE,CA,93274,"604 E. MERRITT AVE.,TULARE,CA,93274",2026-04-01,kristi@sweetwatercare.org
056267,CAMINO HEALTHCARE,13922 CERISE AVENUE,HAWTHORNE,CA,90250,"13922 CERISE AVENUE,HAWTHORNE,CA,90250",2026-04-01,contact-caminohealthcare@ensignservices.net
056272,SAN FRANCISCO HEALTH CARE,1477 GROVE STREET,SAN FRANCISCO,CA,94117,"1477 GROVE STREET,SAN FRANCISCO,CA,94117",2026-04-01,v21sfcpublicaffairs@va.gov
056279,SIERRA VIEW HOMES,1155 E. SPRINGFIELD AVENUE,REEDLEY,CA,93654,"1155 E. SPRINGFIELD AVENUE,REEDLEY,CA,93654",2026-04-01,"crogalsky@sierraview.org,rlinscheid@sierraview.org"
056280,BAY MARINA POST ACUTE,2919 FRUITVALE AVE,OAKLAND,CA,94602,"2919 FRUITVALE AVE,OAKLAND,CA,94602",2026-04-01,phpprcontactus@providence.org
056291,CASA BONITA CONVALESCENT HOSPITAL,535 E BONITA AVENUE,SAN DIMAS,CA,91773,"535 E BONITA AVENUE,SAN DIMAS,CA,91773",2026-04-01,fac29bus@longwoodmgmt.com
056301,GOLDEN MODESTO CARE CENTER,1900 COFFEE ROAD,MODESTO,CA,95355,"1900 COFFEE ROAD,MODESTO,CA,95355",2026-04-01,roscelyn.garner@goldenmodestohc.com
056311,HOLLYWOOD PRESBYTERIAN MEDICAL CENTER D/P SNF,4636 FOUNTAIN AVENUE,LOS ANGELES,CA,90029,"4636 FOUNTAIN AVENUE,LOS ANGELES,CA,90029",2026-04-01,consumerfeedback@aplaceformom.com
056313,"PACIFIC VILLA, INC",3501 CEDAR AVENUE,LONG BEACH,CA,90807,"3501 CEDAR AVENUE,LONG BEACH,CA,90807",2026-04-01,meg@soignenashville.com
056317,GOLDEN HAVEN CARE CENTER,409 W. GLENOAKS BLVD.,GLENDALE,CA,91202,"409 W. GLENOAKS BLVD.,GLENDALE,CA,91202",2026-04-01,corinne.purtill@latimes.com
056321,Olympia Convalescent Hospital,1100 S. ALVARADO ST,LOS ANGELES,CA,90006,"1100 S. ALVARADO ST,LOS ANGELES,CA,90006",2026-04-01,alice@olympiacc.com
056328,PREMIER CARE CENTER FOR PALM SPRINGS,2990 EAST RAMON ROAD,PALM SPRINGS,CA,92264,"2990 EAST RAMON ROAD,PALM SPRINGS,CA,92264",2026-04-01,"-premierpalmsprings@ensignservices.net,contact-premierpalmsprings@ensignservices.net,premierpalmsprings@ensignservices.net"
056331,BEACON HEALTHCARE CENTER,919 N SUNSET AVE,WEST COVINA,CA,91790,"919 N SUNSET AVE,WEST COVINA,CA,91790",2026-04-01,tellis@www.beaconhealthcarecenter.com
056333,MOUNTAIN VIEW CONV HOSP,13333 FENTON AVENUE,SYLMAR,CA,91342,"13333 FENTON AVENUE,SYLMAR,CA,91342",2026-04-01,sales@dnncorp.com
056337,PANORAMA GARDENS NURSING AND REHABILITATION CENTER,9541 VAN NUYS BLVD.,PANORAMA CITY,CA,91402,"9541 VAN NUYS BLVD.,PANORAMA CITY,CA,91402",2026-04-01,contact-panoramagardens@ensignservices.net
056345,SAN LEANDRO HEALTHCARE CENTER,368 JUANA AVENUE,SAN LEANDRO,CA,94577,"368 JUANA AVENUE,SAN LEANDRO,CA,94577",2026-04-01,info@guidingpatients.com
056351,CHATSWORTH PARK HEALTH CARE CENTER,10610 OWENSMOUTH,CHATSWORTH,CA,91311,"10610 OWENSMOUTH,CHATSWORTH,CA,91311",2026-04-01,"-chatsworthpark@ensignservices.net,admissions@chatsworthparkcare.com"
056359,SAN PABLO HEALTHCARE & WELLNESS CENTER,13328 SAN PABLO AVENUE,SAN PABLO,CA,94806,"13328 SAN PABLO AVENUE,SAN PABLO,CA,94806",2026-04-01,administrator@sanpablohc.com
056360,ARBOR GLEN CARE CENTER,1033 E. ARROW HIGHWAY,GLENDORA,CA,91740,"1033 E. ARROW HIGHWAY,GLENDORA,CA,91740",2026-04-01,contact-arborglen@ensignservices.net
056362,MESA VERDE POST ACUTE CARE CENTER,661 CENTER STREET,COSTA MESA,CA,92627,"661 CENTER STREET,COSTA MESA,CA,92627",2026-04-01,jospehmunoz@me.com
056365,Yucaipa Hills Post Acute,13542 2nd St.,Yucaipa,CA,92399,"13542 2nd St.,Yucaipa,CA,92399",2026-04-01,hello@yucaipahillspac.com
056367,THE REHABILITATION CENTER OF NORTH HILLS,9655 SEPULVEDA BOULEVARD,NORTH HILLS,CA,91343,"9655 SEPULVEDA BOULEVARD,NORTH HILLS,CA,91343",2026-04-01,info@rehabcenterofnorthhills.com
056370,BETHESDA HOME,22427 MONTGOMERY STREET,HAYWARD,CA,94541,"22427 MONTGOMERY STREET,HAYWARD,CA,94541",2026-04-01,"info@bethesdaca.org,nursing@bethesdaca.org"
056372,BROOKSIDE HEALTHCARE CENTER,105 TERRACINA BLVD.,REDLANDS,CA,92373,"105 TERRACINA BLVD.,REDLANDS,CA,92373",2026-04-01,contact-brookside@ensignservices.net
056379,Oxnard Manor Healthcare Center,1400 West Gonzales Road,Oxnard,CA,93036,"1400 West Gonzales Road,Oxnard,CA,93036",2026-04-01,admissions@oxnardhc.com
056391,GOLDEN EMPIRE,121 DORSEY DRIVE,GRASS VALLEY,CA,95945,"121 DORSEY DRIVE,GRASS VALLEY,CA,95945",2026-04-01,"panderson@goldenempiresnf.com,panderson.goldenempiresnf@gmail.com"
056401,MISSION HILLS POST ACUTE CARE,3680 REYNARD WAY,SAN DIEGO,CA,92103,"3680 REYNARD WAY,SAN DIEGO,CA,92103",2026-04-01,"-missionhills@ensignservices.net,contact-missionhills@ensignservices.net,missionhills@ensignservices.net"
056407,ALL SAINTS HEALTHCARE SUBACUTE,11810 SATICOY STREET,NORTH HOLLYWOOD,CA,91605,"11810 SATICOY STREET,NORTH HOLLYWOOD,CA,91605",2026-04-01,consumerfeedback@aplaceformom.com
056415,LYNWOOD POST ACUTE CARE CENTER,3611 EAST IMPERIAL HIGHWAY,LYNWOOD,CA,90262,"3611 EAST IMPERIAL HIGHWAY,LYNWOOD,CA,90262",2026-04-01,"business-office@lynwoodhcc.com,meg@soignenashville.com"
056416,MAYERS MEMORIAL HOSPITAL,43563 HWY 299 E,FALL RIVER MILLS,CA,96028,"43563 HWY 299 E,FALL RIVER MILLS,CA,96028",2026-04-01,"info@mayersmemorial.com,intermountainhospice@mayersmemorial.com"
056425,STUDEBAKER HEALTHCARE CENTER,13226 STUDEBAKER RD,NORWALK,CA,90650,"13226 STUDEBAKER RD,NORWALK,CA,90650",2026-04-01,info@studebakerhcc.com
056426,ADVENTIST HEALTH DELANO,1401 GARCES HWY,DELANO,CA,93215,"1401 GARCES HWY,DELANO,CA,93215",2026-04-01,phpprcontactus@providence.org
056428,CALIFORNIA NURSING & REHABILITATION CENTER,2299 NORTH INDIAN CANYON DRIVE,PALM SPRINGS,CA,92262,"2299 NORTH INDIAN CANYON DRIVE,PALM SPRINGS,CA,92262",2026-04-01,administrator@californianursingrc.com
056433,VERMONT HEALTHCARE CENTER,22035 S. VERMONT AVENUE,TORRANCE,CA,90502,"22035 S. VERMONT AVENUE,TORRANCE,CA,90502",2026-04-01,info@vermonthc.com
056436,Medical Center Convalescent Hospital,467 E Gilbert St,San Bernardino,CA,92404,"467 E Gilbert St,San Bernardino,CA,92404",2026-04-01,"socialmedia@medcentercare.com,info@medcentercare.com"
056437,CYPRESS RIDGE CARE CENTER,1501 SKYLINE DRIVE,MONTEREY,CA,93940,"1501 SKYLINE DRIVE,MONTEREY,CA,93940",2026-04-01,phpprcontactus@providence.org
056444,Community Extended Care Hospital Of Montclair,9620 Fremont Ave,Montclair,CA,91763,"9620 Fremont Ave,Montclair,CA,91763",2026-04-01,"phpprcontactus@providence.org,last_initial@communityech.com"
056456,PALAZZO POST ACUTE,5400 FOUNTAIN  AVE,LOS ANGELES,CA,90029,"5400 FOUNTAIN  AVE,LOS ANGELES,CA,90029",2026-04-01,info@palazzopostacute.com
056463,EMMANUEL POST ACUTE CARE - HAYWARD,26660 PATRICK AVENUE,HAYWARD,CA,94544,"26660 PATRICK AVENUE,HAYWARD,CA,94544",2026-04-01,meg@soignenashville.com
056471,GOLDEN HARBOR HEALTHCARE CENTER,442 SUNSET BOULEVARD,HAYWARD,CA,94541,"442 SUNSET BOULEVARD,HAYWARD,CA,94541",2026-04-01,afollrath@goldenharborhealthcare.com
056488,SUNNYSIDE NURSING CENTER,22617 S. VERMONT AVE,TORRANCE,CA,90502,"22617 S. VERMONT AVE,TORRANCE,CA,90502",2026-04-01,businessdevelopment@sunnysidenursing.com
056489,HOLLYWOOD PREMIER HEALTHCARE CENTER,5401 FOUNTAIN AVE.,LOS ANGELES,CA,90029,"5401 FOUNTAIN AVE.,LOS ANGELES,CA,90029",2026-04-01,meg@soignenashville.com
056495,CASA COLOMA HEALTH CARE CENTER,10410 COLOMA RD,RANCHO CORDOVA,CA,95670,"10410 COLOMA RD,RANCHO CORDOVA,CA,95670",2026-04-01,admin@casacoloma.com
056496,CARLSBAD BY THE SEA,2855 CARLSBAD BLVD,CARLSBAD,CA,92008,"2855 CARLSBAD BLVD,CARLSBAD,CA,92008",2026-04-01,"info@carlsbadsea.com,cbtssales@frontporch.net,ccooper@carlsbadsea.com"
05A109,COMMUNITY CARE CENTER,2335 S. MOUNTAIN AVE,DUARTE,CA,91010,"2335 S. MOUNTAIN AVE,DUARTE,CA,91010",2026-04-01,boconnor@chms.us
05A134,LANDMARK MEDICAL CENTER,2030 N. GAREY AVE.,POMONA,CA,91767,"2030 N. GAREY AVE.,POMONA,CA,91767",2026-04-01,rosemaryck@aol.com
05A340,CRESTWOOD MANOR - 104,1130 MONACO COURT,STOCKTON,CA,95207,"1130 MONACO COURT,STOCKTON,CA,95207",2026-04-01,consumerfeedback@aplaceformom.com
05A364,VILLA SIENA,1855 MIRAMONTE AVENUE,MOUNTAIN VIEW,CA,94040,"1855 MIRAMONTE AVENUE,MOUNTAIN VIEW,CA,94040",2026-04-01,jbernard@villa-siena.org
065001,LOWRY HILLS CARE AND REHABILITATION,10201 E 3RD AVE,AURORA,CO,80010,"10201 E 3RD AVE,AURORA,CO,80010",2026-04-01,"admissions@lowryhillscare.org,meg@soignenashville.com"
065009,CITY PARK HEALTHCARE AND REHABILITATION CENTER,1667 SAINT PAUL ST,DENVER,CO,80206,"1667 SAINT PAUL ST,DENVER,CO,80206",2026-04-01,angeltaylor@ensignservices.net
065015,MOUNTAIN VISTA HEALTH CENTER,4800 TABOR ST,WHEAT RIDGE,CO,80033,"4800 TABOR ST,WHEAT RIDGE,CO,80033",2026-04-01,jrunge@abhomes.org
065034,AMBERWOOD POST ACUTE,4686 E ASBURY CIR,DENVER,CO,80222,"4686 E ASBURY CIR,DENVER,CO,80222",2026-04-01,"phpprcontactus@providence.org,mfallon@vivage.com"
065052,BOULDER POST ACUTE,2121 MESA DR,BOULDER,CO,80304,"2121 MESA DR,BOULDER,CO,80304",2026-04-01,"kathleen.stuartsmeland@boulderpostacute.com,dacia.spiker@boulderpostacute.com"
065077,ENGLEWOOD POST ACUTE AND REHABILITATION,3575 S WASHINGTON ST,ENGLEWOOD,CO,80113,"3575 S WASHINGTON ST,ENGLEWOOD,CO,80113",2026-04-01,"contact-englewood@ensignservices.net,meg@soignenashville.com"
065097,MAPLETON POST ACUTE,115 INGALLS ST,LAKEWOOD,CO,80226,"115 INGALLS ST,LAKEWOOD,CO,80226",2026-04-01,"contact-mapleton@ensignservices.net,meg@soignenashville.com"
065100,ROCK CANYON RESPIRATORY AND REHABILITATION CENTER,2515 PITMAN PL,PUEBLO,CO,81004,"2515 PITMAN PL,PUEBLO,CO,81004",2026-04-01,"contact-rockcanyon@ensignservices.net,-rockcanyon@ensignservices.net,rockcanyon@ensignservices.net"
065113,MEDALLION POST ACUTE REHABILITATION,1719 E BIJOU ST,COLORADO SPRINGS,CO,80909,"1719 E BIJOU ST,COLORADO SPRINGS,CO,80909",2026-04-01,"-medallionparc@ensignservices.net,contact-medallionparc@ensignservices.net"
065124,HOLLY HEIGHTS CARE AND REHABILITATION,6000 E ILIFF AVE,DENVER,CO,80222,"6000 E ILIFF AVE,DENVER,CO,80222",2026-04-01,-hollyheights@ensignservices.net
065146,HAMPDEN HILLS POST ACUTE,14699 E HAMPDEN AVE,AURORA,CO,80014,"14699 E HAMPDEN AVE,AURORA,CO,80014",2026-04-01,"-hampdenhills@ensignservices.net,cherrycreek.adm@nexion-health.com"
065165,RIVERBEND HEALTH AND REHABILITATION CENTER,821 DUFFIELD CT,LOVELAND,CO,80537,"821 DUFFIELD CT,LOVELAND,CO,80537",2026-04-01,"info@riverbendhrc.com,contact-riverbendco@ensignservices.net"
065169,Pueblo Heights Nursing and Rehabilitation,1601 CONSTITUTION RD,PUEBLO,CO,81001,"1601 CONSTITUTION RD,PUEBLO,CO,81001",2026-04-01,info@pcpueblo.com
065171,Edgewater Health and Rehabilitation,1655 EATON ST,LAKEWOOD,CO,80214,"1655 EATON ST,LAKEWOOD,CO,80214",2026-04-01,contact-edgewaterco@ensignservices.net
065179,HILDEBRAND CARE CENTER,1401 PHAY AVE,CANON CITY,CO,81212,"1401 PHAY AVE,CANON CITY,CO,81212",2026-04-01,tpatterson@hildebrandcare.com
065183,PROGRESSIVE CARE CENTER,1338 PHAY AVE,CANON CITY,CO,81212,"1338 PHAY AVE,CANON CITY,CO,81212",2026-04-01,kbranham@progressivecarecenter.com
065188,THE LODGE AT RED ROCKS,150 SPRING ST,MORRISON,CO,80465,"150 SPRING ST,MORRISON,CO,80465",2026-04-01,administrator@thelodgeatredrocks.org
065192,REHABILITATION AND NURSING CENTER OF THE ROCKIES,1020 PATTON ST,FORT COLLINS,CO,80524,"1020 PATTON ST,FORT COLLINS,CO,80524",2026-04-01,"rncrockies@ensignservices.net,contact-rncrockies@ensignservices.net"
065196,MALLEY TRANSITIONAL CARE CENTER,401 MALLEY DR,NORTHGLENN,CO,80233,"401 MALLEY DR,NORTHGLENN,CO,80233",2026-04-01,contact-malley@ensignservices.net
065202,CEDARS HEALTHCARE CENTER,1599 INGALLS ST,LAKEWOOD,CO,80214,"1599 INGALLS ST,LAKEWOOD,CO,80214",2026-04-01,phpprcontactus@providence.org
065203,CHERRELYN HEALTHCARE CENTER,5555 S ELATI  ST,LITTLETON,CO,80120,"5555 S ELATI  ST,LITTLETON,CO,80120",2026-04-01,phpprcontactus@providence.org
065206,"ROWAN COMMUNITY, INC",4601 E ASBURY CIR,DENVER,CO,80222,"4601 E ASBURY CIR,DENVER,CO,80222",2026-04-01,"meg@soignenashville.com,consumerfeedback@aplaceformom.com,claim@providerwire.com"
065208,WELLSPRINGS CARE CENTER,3636 S PEARL ST,ENGLEWOOD,CO,80113,"3636 S PEARL ST,ENGLEWOOD,CO,80113",2026-04-01,info@elevationhrc.com
065213,HEALTH CENTER AT FRANKLIN PARK,1535 PARK AVE,DENVER,CO,80218,"1535 PARK AVE,DENVER,CO,80218",2026-04-01,meg@soignenashville.com
065219,BROADVIEW HEALTH AND REHABILITATION CENTER,850 27TH AVE,GREELEY,CO,80634,"850 27TH AVE,GREELEY,CO,80634",2026-04-01,"contact-broadview@ensignservices.net,bwhitney@broadviewhrc.com"
065222,BOULDER CANYON HEALTH AND REHABILITATION,4685 BASELINE RD,BOULDER,CO,80303,"4685 BASELINE RD,BOULDER,CO,80303",2026-04-01,"contact-bouldercanyon@ensignservices.net,phpprcontactus@providence.org"
065223,BERKLEY MANOR CARE CENTER,735 S LOCUST ST,DENVER,CO,80224,"735 S LOCUST ST,DENVER,CO,80224",2026-04-01,phpprcontactus@providence.org
065226,MCINTOSH CARE AND REHABILITATION CENTER,1800 STROH PL,LONGMONT,CO,80501,"1800 STROH PL,LONGMONT,CO,80501",2026-04-01,contact-mcintosh@ensignservices.net
065232,ATLAS POST ACUTE,2611 JONES AVE,PUEBLO,CO,81004,"2611 JONES AVE,PUEBLO,CO,81004",2026-04-01,phpprcontactus@providence.org
065233,HALLMARK NURSING CENTER,3701 W RADCLIFF AVE,DENVER,CO,80236,"3701 W RADCLIFF AVE,DENVER,CO,80236",2026-04-01,"consumerfeedback@aplaceformom.com,meg@soignenashville.com"
065237,HERITAGE PARK CARE CENTER,1200 VILLAGE RD,CARBONDALE,CO,81623,"1200 VILLAGE RD,CARBONDALE,CO,81623",2026-04-01,monte_jones@lcca.com
065240,BRIGHTON CARE CENTER,2025 E EGBERT ST,BRIGHTON,CO,80601,"2025 E EGBERT ST,BRIGHTON,CO,80601",2026-04-01,contact-brighton@ensignservices.net
065242,BROOKSHIRE POST ACUTE,4660 E ASBURY CIR,DENVER,CO,80222,"4660 E ASBURY CIR,DENVER,CO,80222",2026-04-01,"meg@soignenashville.com,phpprcontactus@providence.org"
065243,DURANGO HEALTH AND REHABILITATION,2911 JUNCTION ST,DURANGO,CO,81301,"2911 JUNCTION ST,DURANGO,CO,81301",2026-04-01,"contact-durango@ensignservices.net,phpprcontactus@providence.org"
065248,OAKWOOD CARE AND REHABILITATION,5301 W 1ST AVE,LAKEWOOD,CO,80226,"5301 W 1ST AVE,LAKEWOOD,CO,80226",2026-04-01,contact-oakwood@ensignservices.net
065250,SKYLINE RIDGE NURSING & REHABILITATION CENTER,515 FAIRVIEW ST,CANON CITY,CO,81212,"515 FAIRVIEW ST,CANON CITY,CO,81212",2026-04-01,consumerfeedback@aplaceformom.com
065256,HIGHLINE POST ACUTE,6060 E ILIFF AVE,DENVER,CO,80222,"6060 E ILIFF AVE,DENVER,CO,80222",2026-04-01,meg@soignenashville.com
065259,ORCHARD PARK HEALTH CARE CENTER,6005 S HOLLY ST,LITTLETON,CO,80121,"6005 S HOLLY ST,LITTLETON,CO,80121",2026-04-01,tsylvain@orchardparkhealthcare.com
065265,BERTHOUD CARE AND REHABILITATION,855 FRANKLIN AVE,BERTHOUD,CO,80513,"855 FRANKLIN AVE,BERTHOUD,CO,80513",2026-04-01,phpprcontactus@providence.org
065272,SIERRA POST ACUTE,1432 DEPEW ST,LAKEWOOD,CO,80214,"1432 DEPEW ST,LAKEWOOD,CO,80214",2026-04-01,meg@soignenashville.com
065273,LAKESIDE POST ACUTE,6270 W 38TH AVE,WHEAT RIDGE,CO,80033,"6270 W 38TH AVE,WHEAT RIDGE,CO,80033",2026-04-01,meg@soignenashville.com
065274,WESTWOOD POST ACUTE,3185 W ARKANSAS AVE,DENVER,CO,80219,"3185 W ARKANSAS AVE,DENVER,CO,80219",2026-04-01,"adriana.garicia@westwoodpost.com,areaagencyonaging@drcog.org"
065282,LIFE CARE CENTER OF LONGMONT,2451 PRATT ST,LONGMONT,CO,80501,"2451 PRATT ST,LONGMONT,CO,80501",2026-04-01,"stephanie_dunn@lcca.com,john_doe@lcca.com"
065283,RIDGEVIEW POST ACUTE,5230 E 66TH WAY,COMMERCE CITY,CO,80022,"5230 E 66TH WAY,COMMERCE CITY,CO,80022",2026-04-01,contact-ridgeview@ensignservices.net
065284,GRACE MANOR CARE CENTER,465 5TH ST,BURLINGTON,CO,80807,"465 5TH ST,BURLINGTON,CO,80807",2026-04-01,"info@gracemanorcarecenter.com,nrupp@gracemanorcarecenter.com"
065290,CRESTMOOR CARE CENTER,895 S MONACO PKWY,DENVER,CO,80224,"895 S MONACO PKWY,DENVER,CO,80224",2026-04-01,"info@crestmoorhrc.com,branding@vivagebeecan.com"
065291,ROCK CREEK REHABILITATION AND HEALTHCARE CENTER,2277 EAST DR,MONTE VISTA,CO,81144,"2277 EAST DR,MONTE VISTA,CO,81144",2026-04-01,admin@rockcreekrhc.com
065296,CAMBRIDGE CARE CENTER,1685 EATON ST,LAKEWOOD,CO,80214,"1685 EATON ST,LAKEWOOD,CO,80214",2026-04-01,phpprcontactus@providence.org
065303,BETH ISRAEL AT SHALOM PARK,14800 E BELLEVIEW DR,AURORA,CO,80015,"14800 E BELLEVIEW DR,AURORA,CO,80015",2026-04-01,info@shalompark.net
065305,LIBERTY HEIGHTS,12205 GUNSTOCK DR,COLORADO SPRINGS,CO,80921,"12205 GUNSTOCK DR,COLORADO SPRINGS,CO,80921",2026-04-01,445libertyheightsmkt@seniorlifestyle.com
065308,WHEATRIDGE CARE CENTER,2920 FENTON ST,WHEAT RIDGE,CO,80214,"2920 FENTON ST,WHEAT RIDGE,CO,80214",2026-04-01,kmooney@vivage.com
065311,UPTOWN CARE CENTER,745 E 18TH AVE,DENVER,CO,80203,"745 E 18TH AVE,DENVER,CO,80203",2026-04-01,uptownnha@uptowncc.health
065318,IRONDALE POST ACUTE,7150 POPLAR ST,COMMERCE CITY,CO,80022,"7150 POPLAR ST,COMMERCE CITY,CO,80022",2026-04-01,contact-irondale@ensignservices.net
065320,LITTLETON CARE AND REHABILITATION CENTER,5822 S LOWELL WAY,LITTLETON,CO,80123,"5822 S LOWELL WAY,LITTLETON,CO,80123",2026-04-01,contact-littleton@ensignservices.net
065321,ARVADA CARE AND REHABILITATION CENTER,6121 W 60TH AVE,ARVADA,CO,80003,"6121 W 60TH AVE,ARVADA,CO,80003",2026-04-01,contact-arvada@ensignservices.net
065322,JULIA TEMPLE HEALTHCARE CENTER,3401 S LAFAYETTE ST,ENGLEWOOD,CO,80113,"3401 S LAFAYETTE ST,ENGLEWOOD,CO,80113",2026-04-01,contact-juliatemple@ensignservices.net
065323,DENVER NORTH CARE CENTER,2201 N DOWNING ST,DENVER,CO,80205,"2201 N DOWNING ST,DENVER,CO,80205",2026-04-01,phpprcontactus@providence.org
065341,CASEY'S POND SENIOR LIVING,2855 OWL HOOT TRL,STEAMBOAT SPRINGS,CO,80487,"2855 OWL HOOT TRL,STEAMBOAT SPRINGS,CO,80487",2026-04-01,"marketing@caseyspond.org,info@clcmail.org"
065359,BENT COUNTY HEALTHCARE CENTER,810 3RD ST,LAS ANIMAS,CO,81054,"810 3RD ST,LAS ANIMAS,CO,81054",2026-04-01,"bchcc@rural-com.com,info@vwhs.org"
065366,PINE RIDGE REHABILITATION AND HEALTHCARE CENTER,119 BASTILLE DR,PAGOSA SPRINGS,CO,81147,"119 BASTILLE DR,PAGOSA SPRINGS,CO,81147",2026-04-01,"admin@pineridgerhc.com,pagosadailypost@gmail.com"
065376,BROOKDALE GREENWOOD VILLAGE,6450 S BOSTON ST,GREENWOOD VILLAGE,CO,80111,"6450 S BOSTON ST,GREENWOOD VILLAGE,CO,80111",2026-04-01,slove@brookdale.com
065378,RIVERDALE POST ACUTE,2311 E BRIDGE ST,BRIGHTON,CO,80601,"2311 E BRIDGE ST,BRIGHTON,CO,80601",2026-04-01,cynthia.mendez@riverdalepa.com
065380,VETERANS COMMUNITY LIVING CENTER AT FITZSIMONS,1919 QUENTIN ST,AURORA,CO,80045,"1919 QUENTIN ST,AURORA,CO,80045",2026-04-01,raenell.simmons@state.co.us
065388,"SPRINGS AT ST ANDREWS VILLAGE, THE",2670 S ABILENE ST,AURORA,CO,80014,"2670 S ABILENE ST,AURORA,CO,80014",2026-04-01,meg@soignenashville.com
065393,ADVANCED HEALTH CARE OF AURORA,1800 S POTOMAC ST,AURORA,CO,80012,"1800 S POTOMAC ST,AURORA,CO,80012",2026-04-01,"last@ahcfacilities.com,doe@ahcfacilities.com,janed@ahcfacilities.com,jdoe@ahcfacilities.com"
065399,RIO GRANDE REHABILITATION AND HEALTHCARE CENTER,39 CALLE MILLER,LA JARA,CO,81140,"39 CALLE MILLER,LA JARA,CO,81140",2026-04-01,admin@riogranderhc.com
065402,NEURORESTORATIVE COLORADO,5945 S WRIGHT ST,LITTLETON,CO,80127,"5945 S WRIGHT ST,LITTLETON,CO,80127",2026-04-01,meg@soignenashville.com
065404,SLOAN'S LAKE REHABILITATION CENTER,1601 LOWELL BLVD,DENVER,CO,80204,"1601 LOWELL BLVD,DENVER,CO,80204",2026-04-01,"contact-sloanslake@ensignservices.net,meg@soignenashville.com"
065405,PARKER POST ACUTE,9398 CROWN CREST BLVD,PARKER,CO,80138,"9398 CROWN CREST BLVD,PARKER,CO,80138",2026-04-01,contact-parker@ensignservices.net
065430,AVIVA AT FITZSIMONS,13525 E 23RD AVE,AURORA,CO,80045,"13525 E 23RD AVE,AURORA,CO,80045",2026-04-01,meg@soignenashville.com
06A185,SOUTHEAST COLORADO HOSPITAL LTC,373 E 10TH AVE,SPRINGFIELD,CO,81073,"373 E 10TH AVE,SPRINGFIELD,CO,81073",2026-04-01,consumerfeedback@aplaceformom.com
06A190,SPANISH PEAKS VETERANS COMMUNITY LIVING CENTER,23500 US HIGHWAY 160,WALSENBURG,CO,81089,"23500 US HIGHWAY 160,WALSENBURG,CO,81089",2026-04-01,"tclift@sprhc.org,ltenorio@sprhc.org"
075017,MONTOWESE CENTER FOR HEALTH & REHABILITATION,163 QUINNIPIAC AVENUE,NORTH HAVEN,CT,6473,"163 QUINNIPIAC AVENUE,NORTH HAVEN,CT,06473",2026-04-01,montowese-info2@nathealthcare.com
075031,AUTUMN LAKE HEALTHCARE AT GLEN HILL,1 GLEN HILL RD,DANBURY,CT,6811,"1 GLEN HILL RD,DANBURY,CT,06811",2026-04-01,jahammond@autumnhc.net
075047,"HEWITT HEALTH & REHABILITATION CENTER, INC",45 MALTBY STREET,SHELTON,CT,6484,"45 MALTBY STREET,SHELTON,CT,06484",2026-04-01,consumerfeedback@aplaceformom.com
075057,SKYVIEW REHAB AND NURSING,35 MARC DRIVE,WALLINGFORD,CT,6492,"35 MARC DRIVE,WALLINGFORD,CT,06492",2026-04-01,skyviewrehabandnursing@gmail.com
075060,CIVITA CARE CENTER AT SALMON BROOK,72 SALMON BROOK DRIVE,GLASTONBURY,CT,6033,"72 SALMON BROOK DRIVE,GLASTONBURY,CT,06033",2026-04-01,salmonbrookrehab@gmail.com
075064,MILFORD HEALTH AND REHABILITATION CENTER,195 PLATT STREET,MILFORD,CT,6460,"195 PLATT STREET,MILFORD,CT,06460",2026-04-01,milford-info@nathealthcare.com
075070,APPLE REHAB SAYBROOK,1775 BOSTON POST RD,OLD SAYBROOK,CT,6475,"1775 BOSTON POST RD,OLD SAYBROOK,CT,06475",2026-04-01,meg@soignenashville.com
075078,WESTVIEW HEALTH CARE CENTER,150 WARE RD,DAYVILLE,CT,6241,"150 WARE RD,DAYVILLE,CT,06241",2026-04-01,contact@westviewhcc.com
075084,VILLA MARIA NURSING AND REHABILITATION COMMUNITY,20 BABCOCK AVENUE,PLAINFIELD,CT,6374,"20 BABCOCK AVENUE,PLAINFIELD,CT,06374",2026-04-01,amanning@cahcf.org
075085,SAINT MARY HOME,2021 ALBANY AVE,WEST HARTFORD,CT,6117,"2021 ALBANY AVE,WEST HARTFORD,CT,06117",2026-04-01,info@mchct.org
075109,Hebrew Center For Health And Rehabilitation,1 ABRAHAMS BLVD,WEST HARTFORD,CT,6117,"1 ABRAHAMS BLVD,WEST HARTFORD,CT,06117",2026-04-01,hebrew-info@nathealthcare.com
075117,"NATHANIEL WITHERELL, THE",70 PARSONAGE RD,GREENWICH,CT,6830,"70 PARSONAGE RD,GREENWICH,CT,06830",2026-04-01,admissions@witherell.org
075138,BLOOMFIELD CENTER FOR NURSING & REHABILITATION,355 PARK AVENUE,BLOOMFIELD,CT,6002,"355 PARK AVENUE,BLOOMFIELD,CT,06002",2026-04-01,"info@bloomfieldhealthcare.com,bloomfield-info@nathealthcare.com,info@corpshopping.com,myrewards@nhca.com"
075181,APPLE REHAB WATERTOWN,35 BUNKER HILL RD,WATERTOWN,CT,6795,"35 BUNKER HILL RD,WATERTOWN,CT,06795",2026-04-01,contact@apple-rehab.com
075183,COMPLETE CARE AT FOX HILL,1253 HARTFORD TPKE,VERNON,CT,6066,"1253 HARTFORD TPKE,VERNON,CT,06066",2026-04-01,"amanning@cahcf.org,phpprcontactus@providence.org"
075192,COMPLETE CARE AT MERIDEN,845 PADDOCK AVE,MERIDEN,CT,6450,"845 PADDOCK AVE,MERIDEN,CT,06450",2026-04-01,meg@soignenashville.com
075195,PARKWAY PAVILION HEALTH AND REHABILITATION CENTER,1157 ENFIELD STREET,ENFIELD,CT,6082,"1157 ENFIELD STREET,ENFIELD,CT,06082",2026-04-01,amanning@cahcf.org
075198,VILLAGE GREEN REHABILITATION AND HEALTHCARE CENTER,23 FAIR STREET,BRISTOL,CT,6010,"23 FAIR STREET,BRISTOL,CT,06010",2026-04-01,info@villagerhc.com
075200,Southport Center For Nursing & Rehabilitation Llc,930 MILL HILL TERRACE,SOUTHPORT,CT,6890,"930 MILL HILL TERRACE,SOUTHPORT,CT,06890",2026-04-01,meg@soignenashville.com
075201,WEST HAVEN CENTER FOR NURSING & REHABILITATION,310 TERRACE AVE,WEST HAVEN,CT,6516,"310 TERRACE AVE,WEST HAVEN,CT,06516",2026-04-01,"amanning@cahcf.org,meg@soignenashville.com"
075202,GEER NURSING AND REHABILITATION,99 SOUTH CANAAN RD,CANAAN,CT,6018,"99 SOUTH CANAAN RD,CANAAN,CT,06018",2026-04-01,info@geercares.org
075208,VILLAGE CREST CENTER FOR HEALTH & REHABILITATION,19 POPLAR STREET,NEW MILFORD,CT,6776,"19 POPLAR STREET,NEW MILFORD,CT,06776",2026-04-01,"amanning@cahcf.org,consumerfeedback@aplaceformom.com"
075216,MCLEAN HEALTH CENTER,75 GREAT POND RD,SIMSBURY,CT,6070,"75 GREAT POND RD,SIMSBURY,CT,06070",2026-04-01,margaret.clark@mcleancare.org
075219,Waterbury Center For Nursing & Rehabilitation Llc,177 WHITEWOOD ROAD,WATERBURY,CT,6708,"177 WHITEWOOD ROAD,WATERBURY,CT,06708",2026-04-01,meg@soignenashville.com
075222,CIVITA CARE CENTER AT CHESHIRE,745 HIGHLAND AVENUE,CHESHIRE,CT,6410,"745 HIGHLAND AVENUE,CHESHIRE,CT,06410",2026-04-01,info@civitacheshire.com
075228,ARDEN CARE CENTER,850 MIX AVE,HAMDEN,CT,6514,"850 MIX AVE,HAMDEN,CT,06514",2026-04-01,"amanning@cahcf.org,tcruta@highbridgehc.com"
075230,LEDGECREST HEALTH CARE CENTER,154 KENSINGTON RD,KENSINGTON,CT,6037,"154 KENSINGTON RD,KENSINGTON,CT,06037",2026-04-01,"amanning@cahcf.org,member.services@yale.edu"
075235,"GUILFORD HOUSE, THE",109 WEST LAKE AVENUE,GUILFORD,CT,6437,"109 WEST LAKE AVENUE,GUILFORD,CT,06437",2026-04-01,hr@theguilfordhouse.com
075236,NOBLE HORIZONS,17 COBBLE RD,SALISBURY,CT,6068,"17 COBBLE RD,SALISBURY,CT,06068",2026-04-01,dbailey@churchhomes.org
075238,MAPLE VIEW HEALTH & REHABILITATION CENTER,856 MAPLE ST,ROCKY HILL,CT,6067,"856 MAPLE ST,ROCKY HILL,CT,06067",2026-04-01,maple-info@nathealthcare.com
075246,WHITNEY REHABILITATION CARE CENTER,2798 WHITNEY AVENUE,HAMDEN,CT,6518,"2798 WHITNEY AVENUE,HAMDEN,CT,06518",2026-04-01,info@whitneyrehab.com
075252,WESTSIDE CARE CENTER,349 BIDWELL STREET,MANCHESTER,CT,6040,"349 BIDWELL STREET,MANCHESTER,CT,06040",2026-04-01,s.ellison@westsidecarectr.com
075258,DOUGLAS MANOR,103 NORTH ROAD,WINDHAM,CT,6280,"103 NORTH ROAD,WINDHAM,CT,06280",2026-04-01,evan@marketingseal.com
075264,TOUCHPOINTS AT BLOOMFIELD,140 PARK AVE,BLOOMFIELD,CT,6002,"140 PARK AVE,BLOOMFIELD,CT,06002",2026-04-01,meg@soignenashville.com
075265,"ELIM PARK BAPTIST HOME, INC",140 COOK HILL RD,CHESHIRE,CT,6410,"140 COOK HILL RD,CHESHIRE,CT,06410",2026-04-01,consumerfeedback@aplaceformom.com
075270,COMPLETE CARE AT GROTON REGENCY,1145 POQUONNOCK RD,GROTON,CT,6340,"1145 POQUONNOCK RD,GROTON,CT,06340",2026-04-01,amanning@cahcf.org
075275,GRIMES CENTER,1354 CHAPEL ST,NEW HAVEN,CT,6511,"1354 CHAPEL ST,NEW HAVEN,CT,06511",2026-04-01,phpprcontactus@providence.org
075279,COMPLETE CARE AT KIMBERLY HALL NORTH,1 EMERSON DR,WINDSOR,CT,6095,"1 EMERSON DR,WINDSOR,CT,06095",2026-04-01,amanning@cahcf.org
075288,FAIRVIEW,235 LESTERTOWN RD,GROTON,CT,6340,"235 LESTERTOWN RD,GROTON,CT,06340",2026-04-01,"info@vistapointatfairview.org,infobusiness@groton-ct.gov,info@fairviewct.org"
075290,WHITNEY CENTER,200 LEEDER HILL DR,HAMDEN,CT,6517,"200 LEEDER HILL DR,HAMDEN,CT,06517",2026-04-01,"info@whitneycenter.com,sandbergk@whitneycenter.com"
075292,AUTUMN LAKE HEALTHCARE AT NEW BRITAIN,400 BRITTANY FARMS RD,NEW BRITAIN,CT,6053,"400 BRITTANY FARMS RD,NEW BRITAIN,CT,06053",2026-04-01,phpprcontactus@providence.org
075293,JEFFERSON HOUSE,1 JOHN H STEWART DR,NEWINGTON,CT,6111,"1 JOHN H STEWART DR,NEWINGTON,CT,06111",2026-04-01,info@hhchealth.org
075294,WHISPERING PINES REHABILITATION AND NURSING CENTER,38 TALMADGE AVENUE,EAST HAVEN,CT,6512,"38 TALMADGE AVENUE,EAST HAVEN,CT,06512",2026-04-01,amanning@cahcf.org
075307,CHESTELM HEALTH AND REHABILITATION CENTER,534 TOWN ST,MOODUS,CT,6469,"534 TOWN ST,MOODUS,CT,06469",2026-04-01,amanning@cahcf.org
075309,GREENWICH WOODS REHABILITATION,1165 KING STREET,GREENWICH,CT,6831,"1165 KING STREET,GREENWICH,CT,06831",2026-04-01,dkarvoski@greenwichwoods.com
075310,"COLONIAL HEALTH & REHAB CENTER OF PLAINFIELD, LLC",16 WINDSOR AVE,PLAINFIELD,CT,6374,"16 WINDSOR AVE,PLAINFIELD,CT,06374",2026-04-01,"info@qualityhomemakers.com,info@colonialhr.com,uppercutsbarbershop7@gmail.com,whistlersbarbershop@gmail.com,lashedbybeccaxx@gmail.com,plainfieldbusinessassociation@gmail.com,draftypinesfarm@sbcglobal.net,info@ekonkhillturkeyfarm.com,bmbmotorworks@yahoo.com,jmperformancerepair@gmail.com,millermotorsports@att.net,dupointecustoms@yahoo.com,admin@hiwaycampers.com,info@jcsbank.com,marketing@coreplus.org,ctdanceworks@hotmail.com,mariescenterllc@gmail.com,info@topgamemartialarts.com,jane.d@colonialhr.com"
075312,WADSWORTH GLEN HEALTH CARE AND REHABILITATION CENT,30 BOSTON RD,MIDDLETOWN,CT,6457,"30 BOSTON RD,MIDDLETOWN,CT,06457",2026-04-01,info@wadsworthglenhcc.com
075313,GLADEVIEW HEALTH CARE CENTER,60 BOSTON POST RD,OLD SAYBROOK,CT,6475,"60 BOSTON POST RD,OLD SAYBROOK,CT,06475",2026-04-01,amanning@cahcf.org
075314,TOUCHPOINTS AT MANCHESTER,333 BIDWELL ST,MANCHESTER,CT,6040,"333 BIDWELL ST,MANCHESTER,CT,06040",2026-04-01,meg@soignenashville.com
075317,WILTON MEADOWS HEALTH CARE CENTER,"439 DANBURY RD, ROUTE 7",WILTON,CT,6897,"439 DANBURY RD, ROUTE 7,WILTON,CT,06897",2026-04-01,"sourivanhm@wiltonmeadows.com,info@wiltonmeadowshealthcare.com"
075319,HAVENCARE AT LITCHFIELD WOODS,255 ROBERTS ST,TORRINGTON,CT,6790,"255 ROBERTS ST,TORRINGTON,CT,06790",2026-04-01,info@litchfieldwoodshcc.com
075322,ESSEX MEADOWS HEALTH CENTER,30 BOKUM RD,ESSEX,CT,6426,"30 BOKUM RD,ESSEX,CT,06426",2026-04-01,phpprcontactus@providence.org
075323,CAMBRIDGE HEALTH AND REHABILITATION CENTER,2428 EASTON TNPK,FAIRFIELD,CT,6825,"2428 EASTON TNPK,FAIRFIELD,CT,06825",2026-04-01,"cambridge-info@nathealthcare.com,amanning@cahcf.org"
075324,BAYVIEW HEALTH CARE,301 ROPE FERRY RD,WATERFORD,CT,6385,"301 ROPE FERRY RD,WATERFORD,CT,06385",2026-04-01,info@bayviewhcc.com
075330,LUDLOWE CENTER FOR HEALTH & REHABILITATION,118 JEFFERSON STREET,FAIRFIELD,CT,6825,"118 JEFFERSON STREET,FAIRFIELD,CT,06825",2026-04-01,amanning@cahcf.org
075331,AUTUMN LAKE HEALTHCARE AT THE WILLOWS,225 AMITY RD,WOODBRIDGE,CT,6525,"225 AMITY RD,WOODBRIDGE,CT,06525",2026-04-01,amanning@cahcf.org
075332,HAVENCARE AT VALERIE MANOR,1360 TORRINGFORD ST,TORRINGTON,CT,6790,"1360 TORRINGFORD ST,TORRINGTON,CT,06790",2026-04-01,info@valeriemanorhcc.com
075333,MANCHESTER REHABILITATION AND  HEALTHCARE CENTER,385 W CENTER ST,MANCHESTER,CT,6040,"385 W CENTER ST,MANCHESTER,CT,06040",2026-04-01,info@manchesterrhc.com
075334,VERNON REHABILITATION AND HEALTHCARE CENTER,180 REGAN ROAD,VERNON,CT,6066,"180 REGAN ROAD,VERNON,CT,06066",2026-04-01,info@vernonrhc.com
075336,SOUTHINGTON CARE CENTER,45 MERIDEN AVE,SOUTHINGTON,CT,6489,"45 MERIDEN AVE,SOUTHINGTON,CT,06489",2026-04-01,info@hhchealth.org
075341,PENDLETON REHABILITATION AND NURSING CENTER,44 MARITIME DRIVE,MYSTIC,CT,6355,"44 MARITIME DRIVE,MYSTIC,CT,06355",2026-04-01,info@pendletonrhc.com
075353,MOZAIC SENIOR LIFE,4200 PARK AVENUE,BRIDGEPORT,CT,6604,"4200 PARK AVENUE,BRIDGEPORT,CT,06604",2026-04-01,"mpruzinsky@mozaicsl.org,assistedliving@mozaicsl.org,adultday@mozaicsl.org,admissions@mozaicsl.org"
075356,NOTRE DAME HEALTH AND REHABILITATION CENTER,76 WEST ROCKS ROAD,NORWALK,CT,6851,"76 WEST ROCKS ROAD,NORWALK,CT,06851",2026-04-01,"amanning@cahcf.org,ndch_sstv@sbcglobal.net"
075358,BICKFORD HEALTH CARE CENTER,14 MAIN STREET,WINDSOR LOCKS,CT,6096,"14 MAIN STREET,WINDSOR LOCKS,CT,06096",2026-04-01,adbickford@bickfordhcc.com
075359,FRESH RIVER HEALTHCARE,96 PROSPECT HILL RD,EAST WINDSOR,CT,6088,"96 PROSPECT HILL RD,EAST WINDSOR,CT,06088",2026-04-01,"phpprcontactus@providence.org,john.doe@company.com"
075362,EVERGREEN WOODS,88 NOTCH HILL ROAD,NORTH BRANFORD,CT,6471,"88 NOTCH HILL ROAD,NORTH BRANFORD,CT,06471",2026-04-01,"webrequest@evergreen-woods.com,lauriehigginson@comcast.net"
075381,Water's Edge Center For Health & Rehab,111 CHURCH STREET,MIDDLETOWN,CT,6457,"111 CHURCH STREET,MIDDLETOWN,CT,06457",2026-04-01,consumerfeedback@aplaceformom.com
075382,WOODLAKE AT TOLLAND,26 SHENIPSIT LAKE ROAD,TOLLAND,CT,6084,"26 SHENIPSIT LAKE ROAD,TOLLAND,CT,06084",2026-04-01,"info@watrehab.com,info@echn.org,first@watrehab.com,jane@watrehab.com"
075383,SEABURY,200 SEABURY DRIVE,BLOOMFIELD,CT,6002,"200 SEABURY DRIVE,BLOOMFIELD,CT,06002",2026-04-01,lisaduncan@seaburylife.org
075384,MARLBOROUGH HEALTH & REHABILITATION CENTER,85 STAGE HARBOR ROAD,MARLBOROUGH,CT,6447,"85 STAGE HARBOR ROAD,MARLBOROUGH,CT,06447",2026-04-01,marlborough-info@nathealthcare.com
075386,SHADY KNOLL CENTER FOR HEALTH & REHABILITATION,41 SKOKORAT STREET,SEYMOUR,CT,6483,"41 SKOKORAT STREET,SEYMOUR,CT,06483",2026-04-01,ndymnicki@nathealthcare.com
075387,AUTUMN LAKE HEALTHCARE AT NORWALK,34 MIDROCKS DRIVE,NORWALK,CT,6851,"34 MIDROCKS DRIVE,NORWALK,CT,06851",2026-04-01,bkarkut@autumnhc.net
075390,BEACON BROOK CENTER FOR HEALTH & REHABILITATION,89 WEID DRIVE,NAUGATUCK,CT,6770,"89 WEID DRIVE,NAUGATUCK,CT,06770",2026-04-01,beaconbrook-info@nathealthcare.com
075393,BEL-AIR MANOR NURSING & REHABILITATION CENTER,256 NEW BRITAIN AVENUE,NEWINGTON,CT,6111,"256 NEW BRITAIN AVENUE,NEWINGTON,CT,06111",2026-04-01,"amanning@cahcf.org,evan@marketingseal.com"
075394,CIVITA CARE CENTER AT LONG RIDGE,710 LONG RIDGE ROAD,STAMFORD,CT,6902,"710 LONG RIDGE ROAD,STAMFORD,CT,06902",2026-04-01,info@civitalongridge.com
075395,LAUREL RIDGE CENTER FOR HEALTH & REHABILITATION,642 DANBURY ROAD,RIDGEFIELD,CT,6877,"642 DANBURY ROAD,RIDGEFIELD,CT,06877",2026-04-01,laurel-info@nathealthcare.com
075396,CHERRY BROOK HEALTH CARE CENTER,102 DYER AVENUE,CANTON,CT,6019,"102 DYER AVENUE,CANTON,CT,06019",2026-04-01,"info@cherrybrookhcc.com,admissions@cherrybrookhcc.org,admissions@cherrybrookhcc.com"
075400,BETHEL HEALTH CARE CENTER,13 PARK LAWN DRIVE,BETHEL,CT,6801,"13 PARK LAWN DRIVE,BETHEL,CT,06801",2026-04-01,bethel-info@nathealthcare.com
075405,AUTUMN LAKE HEALTHCARE AT MADISON,34 WILDWOOD AVENUE,MADISON,CT,6443,"34 WILDWOOD AVENUE,MADISON,CT,06443",2026-04-01,amanning@cahcf.org
075407,AUTUMN LAKE HEALTHCARE AT WEST HARTFORD,1 EMILY WAY,WEST HARTFORD,CT,6107,"1 EMILY WAY,WEST HARTFORD,CT,06107",2026-04-01,amanning@cahcf.org
075408,"Leeway, Inc",40 ALBERT STREET,NEW HAVEN,CT,6511,"40 ALBERT STREET,NEW HAVEN,CT,06511",2026-04-01,info@leeway.net
075410,AARON MANOR NURSING & REHABILITATION,3 SOUTH WIG HILL RD,CHESTER,CT,6412,"3 SOUTH WIG HILL RD,CHESTER,CT,06412",2026-04-01,evan@marketingseal.com
075412,LORD CHAMBERLAIN MANOR,7003 MAIN STREET,STRATFORD,CT,6614,"7003 MAIN STREET,STRATFORD,CT,06614",2026-04-01,phpprcontactus@providence.org
075414,HAVENCARE AT HANCOCK HALL,31 STAPLES ST,DANBURY,CT,6810,"31 STAPLES ST,DANBURY,CT,06810",2026-04-01,amanning@cahcf.org
075419,AMBERWOODS OF FARMINGTON,416 COLT HIGHWAY,FARMINGTON,CT,6032,"416 COLT HIGHWAY,FARMINGTON,CT,06032",2026-04-01,"info@amberwoodsof.com,info@amberwoodsoffarmington.com,phpprcontactus@providence.org"
075420,SUMMIT AT PLANTSVILLE CENTER FOR HEALTH & REHABILI,261 SUMMIT STREET,PLANTSVILLE,CT,6479,"261 SUMMIT STREET,PLANTSVILLE,CT,06479",2026-04-01,"summit-info@nathealthcare.com,compliance@nathealthcare.com"
075423,DAVIS PLACE,111 WESTCOTT RD,DANIELSON,CT,6239,"111 WESTCOTT RD,DANIELSON,CT,06239",2026-04-01,kbargnesi@davisplacehcc.com
075425,VANDERMAN PLACE,595 VALLEY STREET,WILLIMANTIC,CT,6226,"595 VALLEY STREET,WILLIMANTIC,CT,06226",2026-04-01,"info@vandermanplace.com,rgonzalez@vandermanplacehcc.com"
075437,AVALON HEALTH CARE CENTER AT STONERIDGE,186 JERRY BROWNE ROAD,MYSTIC,CT,6355,"186 JERRY BROWNE ROAD,MYSTIC,CT,06355",2026-04-01,amanning@cahcf.org
075438,APPLE REHAB UNCASVILLE,5 RICHARD BROWN DRIVE,UNCASVILLE,CT,6382,"5 RICHARD BROWN DRIVE,UNCASVILLE,CT,06382",2026-04-01,"carnold@apple-rehab.com,reviews@seniorhomes.com"
075442,60 WEST,60 WEST STREET,ROCKY HILL,CT,6067,"60 WEST STREET,ROCKY HILL,CT,06067",2026-04-01,davids@icarehn.com
085003,WILLOWBROOKE COURT AT COUNTRY HOUSE,4830 KENNETT PIKE,WILMINGTON,DE,19807,"4830 KENNETT PIKE,WILMINGTON,DE,19807",2026-04-01,actsinfo@actslife.org
085013,COMPLETE CARE AT HILLSIDE LLC,810 SOUTH BROOM STREET,WILMINGTON,DE,19805,"810 SOUTH BROOM STREET,WILMINGTON,DE,19805",2026-04-01,"rgraziano@completecarehillside.com,claim@providerwire.com,updates@providerwire.com"
085025,EXCELCARE AT NEWARK LLC,4949 OGLETOWN-STANTON ROAD,NEWARK,DE,19713,"4949 OGLETOWN-STANTON ROAD,NEWARK,DE,19713",2026-04-01,"phpprcontactus@providence.org,claim@providerwire.com,updates@providerwire.com"
085026,STONEGATES,4031 KENNETT PIKE,GREENVILLE,DE,19807,"4031 KENNETT PIKE,GREENVILLE,DE,19807",2026-04-01,info@stonegates.com
085047,GILPIN HALL,1101 GILPIN AVENUE,WILMINGTON,DE,19806,"1101 GILPIN AVENUE,WILMINGTON,DE,19806",2026-04-01,-655-8601info@gilpinhall.org
085048,CADIA REHABILITATION CAPITOL,1225 WALKER ROAD,DOVER,DE,19904,"1225 WALKER ROAD,DOVER,DE,19904",2026-04-01,"astudd@bayterracerhc.com,kcourtney@bayterracerhc.com,alfred.hylton@cadiahealthcare.com,kindo.kamara@cadiahealthcare.com"
085051,DELAWARE VETERANS HOME,100 DELAWARE VETERANS BLVD,MILFORD,DE,19963,"100 DELAWARE VETERANS BLVD,MILFORD,DE,19963",2026-04-01,"lbjnavcret@hotmail.com,sandy.amaker@delaware.gov"
085058,POLARIS HEALTHCARE AND REHABILITATION CENTER,21 W CLARKE AVENUE,MILFORD,DE,19963,"21 W CLARKE AVENUE,MILFORD,DE,19963",2026-04-01,mboyer@milfordwellnessvillage.com
08A006,JEANNE JUGAN RESIDENCE,185 SALEM CHURCH ROAD,NEWARK,DE,19713,"185 SALEM CHURCH ROAD,NEWARK,DE,19713",2026-04-01,"ssnewark@littlesistersofthepoor.org,consumerfeedback@aplaceformom.com"
08A015,EXCEPTIONAL CARE FOR CHILDREN,11 INDEPENDENCE WAY,NEWARK,DE,19713,"11 INDEPENDENCE WAY,NEWARK,DE,19713",2026-04-01,"info@exceptionalcare.org,jwhite@exceptionalcare.org,jdoe@exceptionalcare.org,flast@exceptionalcare.org"
095025,LISNER LOUISE DICKSON HURTHOME,5425 WESTERN AVE NW,WASHINGTON,DC,20015,"5425 WESTERN AVE NW,WASHINGTON,DC,20015",2026-04-01,consumerfeedback@aplaceformom.com
095026,KNOLLWOOD HSC,6200 OREGON AVE NW,WASHINGTON,DC,20015,"6200 OREGON AVE NW,WASHINGTON,DC,20015",2026-04-01,consumerfeedback@aplaceformom.com
095036,UNIQUE REHABILITATION AND HEALTH CENTER LLC,901 FIRST STREET NW,WASHINGTON,DC,20001,"901 FIRST STREET NW,WASHINGTON,DC,20001",2026-04-01,"claim@providerwire.com,updates@providerwire.com"
095038,FOREST HILLS OF DC,"4901 CONNECTICUT AVENUE, NW",WASHINGTON,DC,20008,"4901 CONNECTICUT AVENUE, NW,WASHINGTON,DC,20008",2026-04-01,elizabeth.whitman@finnpartners.com
09E020,JEANNE JUGAN RESIDENCE,4200 HAREWOOD ROAD NE,WASHINGTON,DC,20017,"4200 HAREWOOD ROAD NE,WASHINGTON,DC,20017",2026-04-01,colwashington@littlesistersofthepoor.org
105008,BISCAYNE HEALTH AND REHABILITATION CENTER,12505 NE 16TH AVE,NORTH MIAMI,FL,33161,"12505 NE 16TH AVE,NORTH MIAMI,FL,33161",2026-04-01,info@onyxcares.com
105057,PINES NURSING HOME,301 NE 141 STREET,MIAMI,FL,33161,"301 NE 141 STREET,MIAMI,FL,33161",2026-04-01,info@pinesskillednursing.com
105067,BOULEVARD REHABILITATION CENTER,2839 S SEACREST BLVD,BOYNTON BEACH,FL,33435,"2839 S SEACREST BLVD,BOYNTON BEACH,FL,33435",2026-04-01,bvadmin@southernltc.com
105132,AVIATA AT LAKESIDE OAKS,1061 VIRGINIA ST,DUNEDIN,FL,34698,"1061 VIRGINIA ST,DUNEDIN,FL,34698",2026-04-01,social@aviatahg.com
105146,VENTURA HEALTH AND REHABILITATION CENTER,7900 VENTURE CENTER WAY,BOYNTON BEACH,FL,33437,"7900 VENTURE CENTER WAY,BOYNTON BEACH,FL,33437",2026-04-01,"pfuess@venturahrc.com,pmarcellus@venturahrc.com,info@venturahrc.com"
105147,PINES OF SARASOTA,1501 N ORANGE AVE,SARASOTA,FL,34236,"1501 N ORANGE AVE,SARASOTA,FL,34236",2026-04-01,"info@pinesofsarasota.org,astephens@pinesfoundation.org"
105148,AVIATA AT EMERALD SHORES,626 N TYNDALL PKWY,CALLAWAY,FL,32404,"626 N TYNDALL PKWY,CALLAWAY,FL,32404",2026-04-01,social@aviatahg.com
105153,Pinecrest Center for Rehabilitation and Healing,13650 NE 3RD COURT,NORTH MIAMI,FL,33161,"13650 NE 3RD COURT,NORTH MIAMI,FL,33161",2026-04-01,info@pinecrest-rehab.com
105207,MELBOURNE HEALTHCARE AND REHABILITATION CENTER,1415 S HICKORY ST,MELBOURNE,FL,32901,"1415 S HICKORY ST,MELBOURNE,FL,32901",2026-04-01,info@melbournehc.com
105210,W FRANK WELLS NURSING HOME,210 N 2ND ST,MACCLENNY,FL,32063,"210 N 2ND ST,MACCLENNY,FL,32063",2026-04-01,consumerfeedback@aplaceformom.com
105248,OAK MANOR HEALTHCARE & REHABILITATION CENTER,3500 OAK MANOR LANE,LARGO,FL,33774,"3500 OAK MANOR LANE,LARGO,FL,33774",2026-04-01,consumerfeedback@aplaceformom.com
105250,SUNRISE POINT HEALTH AND REHABILITATION CENTER,1775 HUNTINGTON LANE,ROCKLEDGE,FL,32955,"1775 HUNTINGTON LANE,ROCKLEDGE,FL,32955",2026-04-01,admissions.rl@orchidcoverockledge.com
105258,AVIATA AT THE SEA - POMPANO BEACH,2401 NE 2ND STREET,POMPANO BEACH,FL,33062,"2401 NE 2ND STREET,POMPANO BEACH,FL,33062",2026-04-01,social@aviatahg.com
105265,EMERALD COAST CENTER,114 THIRD STREET SE,FORT WALTON BEACH,FL,32548,"114 THIRD STREET SE,FORT WALTON BEACH,FL,32548",2026-04-01,reviews@seniorhomes.com
105287,WESTSIDE OAKS REHABILITATION & NURSING CENTER,2061 HYDE PARK RD,JACKSONVILLE,FL,32210,"2061 HYDE PARK RD,JACKSONVILLE,FL,32210",2026-04-01,info@jacksonvilleflrehab.com
105293,EGRET COVE CENTER,550 62ND ST S,SAINT PETERSBURG,FL,33707,"550 62ND ST S,SAINT PETERSBURG,FL,33707",2026-04-01,"jane_doe@egretcovecenter.com,janedoe@egretcovecenter.com"
105297,BROOKSVILLE HEALTHCARE CENTER,1114 CHATMAN BLVD,BROOKSVILLE,FL,34601,"1114 CHATMAN BLVD,BROOKSVILLE,FL,34601",2026-04-01,cpedersen@brooksvillehealthcare.com
105298,FT LAUDERDALE HEALTH & REHABILITATION CENTER,2000 EAST COMMERCIAL BLVD,FORT LAUDERDALE,FL,33308,"2000 EAST COMMERCIAL BLVD,FORT LAUDERDALE,FL,33308",2026-04-01,consumerfeedback@aplaceformom.com
105304,"AVANTE AT LEESBURG, INC",2000 EDGEWOOD AVE,LEESBURG,FL,34748,"2000 EDGEWOOD AVE,LEESBURG,FL,34748",2026-04-01,reviews@seniorhomes.com
105320,DADE CITY HEALTH AND REHABILITATION CENTER,37135 COLEMAN AVE,DADE CITY,FL,33525,"37135 COLEMAN AVE,DADE CITY,FL,33525",2026-04-01,"tmohadeo@dadecityhrc.com,afoster@dadecityhrc.com"
105324,BAYVIEW CENTER,301 S BAY ST,EUSTIS,FL,32726,"301 S BAY ST,EUSTIS,FL,32726",2026-04-01,bayviewinfo@opismr.com
105352,VIVO HEALTHCARE SEBRING,3011 KENILWORTH BLVD,SEBRING,FL,33870,"3011 KENILWORTH BLVD,SEBRING,FL,33870",2026-04-01,nfo@vivohcsebring.com
105353,SOLARIS HEALTHCARE FOREST LAKE,3355 E SEMORAN BLVD,APOPKA,FL,32703,"3355 E SEMORAN BLVD,APOPKA,FL,32703",2026-04-01,fladmin@solariscares.org
105354,VIVO HEALTHCARE LAKELAND,1919 LAKELAND HILLS BLVD,LAKELAND,FL,33805,"1919 LAKELAND HILLS BLVD,LAKELAND,FL,33805",2026-04-01,"info@vivohclakeland.com,dev@marketingseal.com"
105358,RIVERSIDE POST ACUTE,1750 STOCKTON ST,JACKSONVILLE,FL,32204,"1750 STOCKTON ST,JACKSONVILLE,FL,32204",2026-04-01,admissions@riversiderehabhc.com
105366,VIVO HEALTHCARE UNIVERSITY,3648 UNIVERSITY BLVD S,JACKSONVILLE,FL,32216,"3648 UNIVERSITY BLVD S,JACKSONVILLE,FL,32216",2026-04-01,"info@vivohcuniversity.com,dev@marketingseal.com"
105373,Aviata at Sand Key,1980 SUNSET POINT RD,CLEARWATER,FL,33765,"1980 SUNSET POINT RD,CLEARWATER,FL,33765",2026-04-01,social@aviatahg.com
105377,LONGWOOD HEALTH AND REHABILITATION CENTER,1520 S GRANT ST,LONGWOOD,FL,32750,"1520 S GRANT ST,LONGWOOD,FL,32750",2026-04-01,"dcanidate@longwoodhrc.com,mbarnett@longwoodhrc.com"
105379,KISSIMMEE HEALTH AND REHABILITATION CENTER,320 N MITCHELL ST,KISSIMMEE,FL,34741,"320 N MITCHELL ST,KISSIMMEE,FL,34741",2026-04-01,"jalicea@kissimmeehrc.com,cmelendez@kissimmeehrc.com"
105381,ORANGE PARK REHABILITATION AND NURSING CENTER,2029 PROFESSIONAL CENTER DR,ORANGE PARK,FL,32073,"2029 PROFESSIONAL CENTER DR,ORANGE PARK,FL,32073",2026-04-01,phpprcontactus@providence.org
105385,ROYAL OAK NURSING CENTER,37300 ROYAL OAK LANE,DADE CITY,FL,33525,"37300 ROYAL OAK LANE,DADE CITY,FL,33525",2026-04-01,"agant@royaloaknursingcenter.com,consumerfeedback@aplaceformom.com"
105387,AMBASSADOR HEALTHCARE AT COLLEGE PARK,13755 GOLF CLUB PKWY,FORT MYERS,FL,33919,"13755 GOLF CLUB PKWY,FORT MYERS,FL,33919",2026-04-01,asadmin@ambassadorhccollegepark.com
105393,BEAR CREEK NURSING CENTER,8041 STATE RD 52,HUDSON,FL,34667,"8041 STATE RD 52,HUDSON,FL,34667",2026-04-01,info@bearcreeknursingcenter.com
105398,Tierra Pines Center,7380 ULMERTON RD,LARGO,FL,33771,"7380 ULMERTON RD,LARGO,FL,33771",2026-04-01,tierrainfo@opismr.com
105402,BRIDGEVIEW CENTER,350 S RIDGEWOOD AVENUE,ORMOND BEACH,FL,32174,"350 S RIDGEWOOD AVENUE,ORMOND BEACH,FL,32174",2026-04-01,bridgeviewinfo@opismr.com
105413,AVIATA AT BROOKSVILLE,1445 HOWELL AVE,BROOKSVILLE,FL,34601,"1445 HOWELL AVE,BROOKSVILLE,FL,34601",2026-04-01,"social@aviatahg.com,phpprcontactus@providence.org"
105419,AVIATA AT OLDSMAR,3865 TAMPA RD,OLDSMAR,FL,34677,"3865 TAMPA RD,OLDSMAR,FL,34677",2026-04-01,social@synergyhcs.com
105427,FORT MYERS REHABILITATION AND NURSING CENTER,7173 CYPRESS DRIVE SW,FORT MYERS,FL,33907,"7173 CYPRESS DRIVE SW,FORT MYERS,FL,33907",2026-04-01,info@fortmyersrehab.com
105428,LAKE MARIAM HEALTH AND REHABILITATION CENTER,1801 N LAKE MARIAM DR,WINTER HAVEN,FL,33884,"1801 N LAKE MARIAM DR,WINTER HAVEN,FL,33884",2026-04-01,"ctaplin@lakemariamhrc.com,bguerrier@lakemariamhrc.com"
105441,SUNRISE HEALTH & REHABILITATION CENTER,4800 N NOB HILL RD,SUNRISE,FL,33351,"4800 N NOB HILL RD,SUNRISE,FL,33351",2026-04-01,contact@sunrisehc.com
105445,AVIATA AT UNIVERSITY HILLS,10040 HILLVIEW ROAD,PENSACOLA,FL,32514,"10040 HILLVIEW ROAD,PENSACOLA,FL,32514",2026-04-01,social@aviatahg.com
105447,WEST VOLUSIA HEALTHCARE AND REHABILITATION CENTER,1851 ELKCAM BLVD,DELTONA,FL,32725,"1851 ELKCAM BLVD,DELTONA,FL,32725",2026-04-01,infi@westvolusiahc.com
105452,AVIATA AT ENGLEWOOD,1111 DRURY LN,ENGLEWOOD,FL,34224,"1111 DRURY LN,ENGLEWOOD,FL,34224",2026-04-01,social@aviatahg.com
105458,ORMOND REHABILITATION AND NURSING CENTER,103 CLYDE MORRIS BLVD,ORMOND BEACH,FL,32174,"103 CLYDE MORRIS BLVD,ORMOND BEACH,FL,32174",2026-04-01,info@ormondflrehab.com
105462,VIVO HEALTHCARE CLEWISTON,301 SOUTH GLORIA ST,CLEWISTON,FL,33440,"301 SOUTH GLORIA ST,CLEWISTON,FL,33440",2026-04-01,"info@vivohcclewiston.com,dev@marketingseal.com"
105465,AVIATA AT ARBOR SPRINGS,1501 SE 24TH RD,OCALA,FL,34471,"1501 SE 24TH RD,OCALA,FL,34471",2026-04-01,social@aviatahg.com
105466,PALM BEACH NURSING CENTER,4405 LAKEWOOD ROAD,LAKE WORTH,FL,33461,"4405 LAKEWOOD ROAD,LAKE WORTH,FL,33461",2026-04-01,info@exchc.com
105472,VILLAGE ON THE ISLE,910 TAMIAMI TRAIL SOUTH,VENICE,FL,34285,"910 TAMIAMI TRAIL SOUTH,VENICE,FL,34285",2026-04-01,reviews@seniorhomes.com
105482,BREEZY HILLS REHAB AND CARE CENTER,5245 N SOCRUM LOOP RD,LAKELAND,FL,33809,"5245 N SOCRUM LOOP RD,LAKELAND,FL,33809",2026-04-01,bhadmin@breezyhillsrehab.com
105485,HAMLIN PLACE OF BOYNTON BEACH,2180 HYPOLUXO ROAD,LANTANA,FL,33462,"2180 HYPOLUXO ROAD,LANTANA,FL,33462",2026-04-01,j.doe@hamlinplace.com
105491,Vivo Healthcare Gandy,4610 S MANHATTAN AVE,TAMPA,FL,33611,"4610 S MANHATTAN AVE,TAMPA,FL,33611",2026-04-01,dev@marketingseal.com
105505,MARGATE HEALTH AND REHABILITATION CENTER,5951 COLONIAL DRIVE,MARGATE,FL,33063,"5951 COLONIAL DRIVE,MARGATE,FL,33063",2026-04-01,reviews@seniorhomes.com
105509,SEABRANCH HEALTH AND REHABILITATION CENTER,4801 SE COVE RD,STUART,FL,34997,"4801 SE COVE RD,STUART,FL,34997",2026-04-01,"gchristopher@stuarthrc.com,mravanales@stuarthrc.om"
105512,CLERMONT HEALTH AND REHABILITATION CENTER,151 E MINNEHAHA AVE,CLERMONT,FL,34711,"151 E MINNEHAHA AVE,CLERMONT,FL,34711",2026-04-01,"adrienne.brown@greystonehealth.com,loskin@mktgsols.com,parkrunclermontwaterfront@parkrun.com"
105516,DARCY HALL OF LIFE CARE,2170 PALM BEACH LAKES BLVD,WEST PALM BEACH,FL,33409,"2170 PALM BEACH LAKES BLVD,WEST PALM BEACH,FL,33409",2026-04-01,consumerfeedback@aplaceformom.com
105519,NSPIRE HEALTHCARE PLANTATION,6931 W SUNRISE BLVD,PLANTATION,FL,33313,"6931 W SUNRISE BLVD,PLANTATION,FL,33313",2026-04-01,social@synergyhcs.com
105524,PORT CHARLOTTE REHABILITATION CENTER,25325 RAMPART BLVD,PORT CHARLOTTE,FL,33948,"25325 RAMPART BLVD,PORT CHARLOTTE,FL,33948",2026-04-01,administrator@portcharlotterehab.com
105525,MANATEE SPRINGS REHABILITATION AND NURSING CENTER,5627 9TH ST E,BRADENTON,FL,34203,"5627 9TH ST E,BRADENTON,FL,34203",2026-04-01,info@premiermanatee.com
105531,AVIATA AT SAN JOSE,9355 SAN JOSE BLVD,JACKSONVILLE,FL,32257,"9355 SAN JOSE BLVD,JACKSONVILLE,FL,32257",2026-04-01,social@aviatahg.com
105533,REGENTS PARK OF JACKSONVILLE,8700 A C SKINNER PARKWAY,JACKSONVILLE,FL,32256,"8700 A C SKINNER PARKWAY,JACKSONVILLE,FL,32256",2026-04-01,"amalys@regentsparkjacksonville.com,jmonlyn@regentsparkjacksonville.com,jjackson@regentsparkjacksonville.com,consumerfeedback@aplaceformom.com"
105544,Solaris Healthcare Bayonet Point,7210 BEACON WOODS DR,HUDSON,FL,34667,"7210 BEACON WOODS DR,HUDSON,FL,34667",2026-04-01,bphract@flhp.us
105549,AVIATA AT THE HARBOR,1410 DR MARTIN LUTHER KING JR ST N,SAFETY HARBOR,FL,34695,"1410 DR MARTIN LUTHER KING JR ST N,SAFETY HARBOR,FL,34695",2026-04-01,social@aviatahg.com
105555,JUPITER REHABILITATION AND HEALTHCARE CENTER,17781 THELMA AVE,JUPITER,FL,33458,"17781 THELMA AVE,JUPITER,FL,33458",2026-04-01,info@jupiterrehab.com
105556,VILLAGE ON THE GREEN,500 VILLAGE PLACE,LONGWOOD,FL,32779,"500 VILLAGE PLACE,LONGWOOD,FL,32779",2026-04-01,wecare@lifespacecommunities.com
105558,AVIATA AT WEST PALM BEACH,5065 WALLIS ROAD,WEST PALM BEACH,FL,33415,"5065 WALLIS ROAD,WEST PALM BEACH,FL,33415",2026-04-01,social@aviatahg.com
105567,SPRINGS AT LAKE POINTE WOODS,3280 LAKE POINTE BLVD,SARASOTA,FL,34231,"3280 LAKE POINTE BLVD,SARASOTA,FL,34231",2026-04-01,jsmith@thesprings.biz
105577,PALM GARDEN OF ORLANDO,654 N ECONLOCKHATCHEE TRAIL,ORLANDO,FL,32825,"654 N ECONLOCKHATCHEE TRAIL,ORLANDO,FL,32825",2026-04-01,reviews@seniorhomes.com
105586,OAK VIEW HEALTH AND REHABILITATION CENTER,833 KINGSLEY AVE,ORANGE PARK,FL,32073,"833 KINGSLEY AVE,ORANGE PARK,FL,32073",2026-04-01,"dprater@oakviewhrc.com,jterlecky@oakviewhrc.com,chall@oakviewhrc.com"
105588,AVIATA AT SANTA BARBARA,216 SANTA BARBARA BLVD,CAPE CORAL,FL,33991,"216 SANTA BARBARA BLVD,CAPE CORAL,FL,33991",2026-04-01,social@aviatahg.com
105596,REGENTS PARK AT AVENTURA,18905 NE 25TH AVE,AVENTURA,FL,33180,"18905 NE 25TH AVE,AVENTURA,FL,33180",2026-04-01,flast@regentsparkaventura.com
105602,HAWTHORNE CENTER FOR REHABILITATION AND HEALING OF,4100 SW 33RD AVE,OCALA,FL,34474,"4100 SW 33RD AVE,OCALA,FL,34474",2026-04-01,hoadmissions@hawthornerehab.com
105606,NORTHBROOK CENTER FOR REHABILITATION AND HEALING,575 LAMAR AVE,BROOKSVILLE,FL,34601,"575 LAMAR AVE,BROOKSVILLE,FL,34601",2026-04-01,jsmith@northbrookcr.com
105607,PALM GARDEN OF WEST PALM BEACH,300 EXECUTIVE CENTER DRIVE,WEST PALM BEACH,FL,33401,"300 EXECUTIVE CENTER DRIVE,WEST PALM BEACH,FL,33401",2026-04-01,stacey.lopriore@palmgarden.com
105613,LIVE OAK HEALTHCARE AND REHABILITATION CENTER,1620 HELVENSTON ST SE,LIVE OAK,FL,32064,"1620 HELVENSTON ST SE,LIVE OAK,FL,32064",2026-04-01,info@liveoakshc.com
105618,REGENTS PARK OF WINTER PARK,558 N SEMORAN BLVD,WINTER PARK,FL,32792,"558 N SEMORAN BLVD,WINTER PARK,FL,32792",2026-04-01,"cdesmond@regentsparkwinterpark.com,pagutierrez@regentsparkwinterpark.com,mcruz-laboy@regentsparkwinterpark.com"
105621,NORTH CAMPUS REHABILITATION AND NURSING CENTER,700 N PALMETTO ST,LEESBURG,FL,34748,"700 N PALMETTO ST,LEESBURG,FL,34748",2026-04-01,consumerfeedback@aplaceformom.com
105628,ARABELLA HEALTH & WELLNESS OF PENSACOLA,1717 W AVERY ST,PENSACOLA,FL,32501,"1717 W AVERY ST,PENSACOLA,FL,32501",2026-04-01,info@arabellahcm.com
105634,GULFSIDE HEALTH AND REHABILITATION CENTER,1100 N PINE ST,CLEARWATER,FL,33756,"1100 N PINE ST,CLEARWATER,FL,33756",2026-04-01,nstephens@gulfsidehrc.com
105637,MARIANNA HEALTH AND REHABILITATION,4295 5TH AVENUE,MARIANNA,FL,32446,"4295 5TH AVENUE,MARIANNA,FL,32446",2026-04-01,mnadmin@southernltc.com
105641,NSPIRE HEALTHCARE KENDALL,9400 SW 137TH AVENUE,KENDALL,FL,33186,"9400 SW 137TH AVENUE,KENDALL,FL,33186",2026-04-01,info@guidingpatients.com
105643,ISLAND LAKE CENTER,155 LANDOVER PLACE,LONGWOOD,FL,32750,"155 LANDOVER PLACE,LONGWOOD,FL,32750",2026-04-01,reviews@seniorhomes.com
105644,AVIATA AT FLETCHER,518 W FLETCHER AVE,TAMPA,FL,33612,"518 W FLETCHER AVE,TAMPA,FL,33612",2026-04-01,social@aviatahg.com
105649,CYPRESS CARE CENTER,490 S OLD WIRE RD,WILDWOOD,FL,34785,"490 S OLD WIRE RD,WILDWOOD,FL,34785",2026-04-01,cypresscarecenter2020@gmail.com
105652,PALATKA CENTER FOR REHABILITATION AND HEALING,110 KAY LARKIN DR,PALATKA,FL,32177,"110 KAY LARKIN DR,PALATKA,FL,32177",2026-04-01,prinfo@palatkarehab.com
105659,LAKE WORTH REHABILITATION CENTER,1201 12TH AVENUE SOUTH,LAKE WORTH,FL,33460,"1201 12TH AVENUE SOUTH,LAKE WORTH,FL,33460",2026-04-01,lwleaders@southernltc.com
105666,LANIER REHABILITATION CENTER,12740 LANIER ROAD,JACKSONVILLE,FL,32226,"12740 LANIER ROAD,JACKSONVILLE,FL,32226",2026-04-01,lnleaders@southernltc.com
105679,REGENTS PARK OF SUNRISE,9711 W OAKLAND PARK BLVD,SUNRISE,FL,33351,"9711 W OAKLAND PARK BLVD,SUNRISE,FL,33351",2026-04-01,"rsandhu@regentsparksunrise.com,mwynruit@regentsparksunrise.com,administrator@regentsparkofsunrise.com,jane.doe@regentsparkofsunrise.com,jane@regentsparkofsunrise.com,janedoe@regentsparkofsunrise.com"
105682,PALM GARDEN OF JACKSONVILLE,5725 SPRING PARK ROAD,JACKSONVILLE,FL,32216,"5725 SPRING PARK ROAD,JACKSONVILLE,FL,32216",2026-04-01,reviews@seniorhomes.com
105683,LABELLE HEALTH AND REHABILITATION CENTER,250 BROWARD AVE,LABELLE,FL,33935,"250 BROWARD AVE,LABELLE,FL,33935",2026-04-01,"abaldwin@labellehrc.com,kwhidden@labellehrc.com"
105684,VIVO HEALTHCARE NORMANDY,8495 NORMANDY BLVD,JACKSONVILLE,FL,32221,"8495 NORMANDY BLVD,JACKSONVILLE,FL,32221",2026-04-01,"info@vivohcnormandy.com,dev@marketingseal.com"
105685,MENORAH HOUSE,9945 CENTRAL PARK BLVD N,BOCA RATON,FL,33428,"9945 CENTRAL PARK BLVD N,BOCA RATON,FL,33428",2026-04-01,admin@menorahousenursing.com
105692,VIVO HEALTHCARE ORANGE PARK,570 WELLS RD,ORANGE PARK,FL,32073,"570 WELLS RD,ORANGE PARK,FL,32073",2026-04-01,"info@vivohcorangepark.com,dev@marketingseal.com,vivo.taylor@300x-8.png"
105693,CHARMING LAKES REHAB,2020 W LAKE PARKER DR,LAKELAND,FL,33805,"2020 W LAKE PARKER DR,LAKELAND,FL,33805",2026-04-01,cladmin@charminglakes.com
105696,WINDSOR HEALTH AND REHABILITATION CENTER,602 E LAURA ST,STARKE,FL,32091,"602 E LAURA ST,STARKE,FL,32091",2026-04-01,"icribb@windsorhrc.com,info.ocws@windsorhrc.com"
105701,SOLARIS HEALTHCARE MERRITT ISLAND,500 CROCKETT BLVD,MERRITT ISLAND,FL,32954,"500 CROCKETT BLVD,MERRITT ISLAND,FL,32954",2026-04-01,john.doe@solarisfoundation.org
105702,Vivo Healthcare Meadows,5157 PARK CLUB DRIVE,SARASOTA,FL,34235,"5157 PARK CLUB DRIVE,SARASOTA,FL,34235",2026-04-01,"info@vivohcmeadows.com,dev@marketingseal.com"
105703,ARBOR TRAIL REHAB AND SKILLED NURSING CENTER,611 TURNER CAMP RD,INVERNESS,FL,34453,"611 TURNER CAMP RD,INVERNESS,FL,34453",2026-04-01,atleaders@southernltc.com
105706,VIVO HEALTHCARE WEST ORANGE,1556 MAGUIRE RD,OCOEE,FL,34761,"1556 MAGUIRE RD,OCOEE,FL,34761",2026-04-01,dev@marketingseal.com
105743,FLEET LANDING,ONE FLEET LANDING BLVD,ATLANTIC BEACH,FL,32233,"ONE FLEET LANDING BLVD,ATLANTIC BEACH,FL,32233",2026-04-01,mrambo@fleetlanding.com
105745,CYPRESS VILLAGE,4600 MIDDLETON PARK CIR E,JACKSONVILLE,FL,32224,"4600 MIDDLETON PARK CIR E,JACKSONVILLE,FL,32224",2026-04-01,"customer@watsonrealtycorp.com,life@cypressvillageretirement.com"
105747,ROSEWOOD HEALTHCARE AND REHABILITATION CENTER,3107 NORTH H STREET,PENSACOLA,FL,32501,"3107 NORTH H STREET,PENSACOLA,FL,32501",2026-04-01,rosewood@gchc.com
105751,SPECIALTY HEALTH AND REHABILITATION CENTER,6984 PINE FOREST ROAD,PENSACOLA,FL,32526,"6984 PINE FOREST ROAD,PENSACOLA,FL,32526",2026-04-01,contactted@haivanti.com
105754,CONWAY LAKES HEALTH & REHABILITATION CENTER,5201 CURRY FORD ROAD,ORLANDO,FL,32812,"5201 CURRY FORD ROAD,ORLANDO,FL,32812",2026-04-01,transitionalcare@conwaylakesrehab.com
105756,LIFE CARE CENTER OF HILLIARD,3756 W THIRD ST,HILLIARD,FL,32046,"3756 W THIRD ST,HILLIARD,FL,32046",2026-04-01,contact_hilliard@lcca.com
105757,WESTMINSTER TOWERS,70 WEST LUCERNE CIRCLE,ORLANDO,FL,32801,"70 WEST LUCERNE CIRCLE,ORLANDO,FL,32801",2026-04-01,consumer.services@myfloridacfo.com
105765,GARDENS NURSING AND REHAB CENTER,190 NE 191ST STREET,MIAMI,FL,33161,"190 NE 191ST STREET,MIAMI,FL,33161",2026-04-01,felicia.legier@gardens-center.com
105770,TRI-COUNTY NURSING HOME,7280 SW STATE RD 26,TRENTON,FL,32693,"7280 SW STATE RD 26,TRENTON,FL,32693",2026-04-01,tricountynha@gmail.com
105776,PORT ORANGE NURSING AND REHAB CENTER,5600 VICTORIA GARDENS BLVD,PORT ORANGE,FL,32127,"5600 VICTORIA GARDENS BLVD,PORT ORANGE,FL,32127",2026-04-01,poleaders@southernltc.com
105792,LIFE CARE CENTER OF WINTER HAVEN,1510 CYPRESS GARDENS BLVD,WINTER HAVEN,FL,33884,"1510 CYPRESS GARDENS BLVD,WINTER HAVEN,FL,33884",2026-04-01,ralph_jacobs@lcca.com
105796,EDGEWATER AT WATERMAN VILLAGE,300 BROOKFIELD AVE,MOUNT DORA,FL,32757,"300 BROOKFIELD AVE,MOUNT DORA,FL,32757",2026-04-01,consumerfeedback@aplaceformom.com
105808,THE PAVILION AT CRESCENT LAKE,100 N LAKE ST,CRESCENT CITY,FL,32112,"100 N LAKE ST,CRESCENT CITY,FL,32112",2026-04-01,rescentlake@pavilionfl.com
105813,PARK RIDGE NURSING CENTER,730 COLLEGE STREET,JACKSONVILLE,FL,32204,"730 COLLEGE STREET,JACKSONVILLE,FL,32204",2026-04-01,consumerfeedback@aplaceformom.com
105825,SUWANNEE VALLEY NURSING CENTER,427 15TH AVENUE NORTHWEST,JASPER,FL,32052,"427 15TH AVENUE NORTHWEST,JASPER,FL,32052",2026-04-01,"dwilliamson@suwanneevalleync.com,khughes@suwanneevalleync.com,consumerfeedback@aplaceformom.com"
105846,BAYA POINTE NURSING AND REHABILITATION CENTER,587 SE ERMINE AVE,LAKE CITY,FL,32025,"587 SE ERMINE AVE,LAKE CITY,FL,32025",2026-04-01,info@flgatewaychamber.com
105851,STRATFORD COURT OF BOCA RATON,6343 VIA DE SONRISA DEL SUR,BOCA RATON,FL,33433,"6343 VIA DE SONRISA DEL SUR,BOCA RATON,FL,33433",2026-04-01,information@sunriseseniorliving.com
105852,BOCA CIRCLE REHABILITATION CENTER,7225 BOCA DEL MAR DRIVE,BOCA RATON,FL,33433,"7225 BOCA DEL MAR DRIVE,BOCA RATON,FL,33433",2026-04-01,"info@exchc.com,info@placementhelpers.com"
105855,RULEME CENTER,2810 RULEME ST,EUSTIS,FL,32726,"2810 RULEME ST,EUSTIS,FL,32726",2026-04-01,rulemecenterinfo@opismr.com
105860,CENTURY CENTER FOR REHABILITATION AND HEALING,6020 INDUSTRIAL BLVD,CENTURY,FL,32535,"6020 INDUSTRIAL BLVD,CENTURY,FL,32535",2026-04-01,"admissions@centuryhrc.com,phpprcontactus@providence.org"
105861,NURSING & REHABILITATION CENTER OF MELBOURNE,3033 SARNO RD,MELBOURNE,FL,32934,"3033 SARNO RD,MELBOURNE,FL,32934",2026-04-01,info@nrcom.com
105864,PAGE REHABILITATION AND HEALTHCARE CENTER,2310 N AIRPORT ROAD,FORT MYERS,FL,33907,"2310 N AIRPORT ROAD,FORT MYERS,FL,33907",2026-04-01,info@pagerehabhc.com
